uid,fe_user,deleted,hidden,image,width,height,bytes
72941,5046,0,0,user_pics/5046/5046____file_01_dsc02172.jpg,528,432,64588
54266,5598,0,1,user_pics/5598/01_4358_jagwar.jpg,546,342,219700
5298,0,0,1,user_pics/anonymous/03_fagget.jpg,500,400,199259
28677,2987,0,0,user_pics/2987/01_101_3640.jpg,360,270,65429
1655,0,0,0,user_pics/anonymous/albums/album22/jack_demp2.jpg,400,300,22204
16330,1061,0,0,user_pics/1061/02_HPIM0729.jpg,320,238,89024
20191,1693,0,0,user_pics/1693/02_RSCN12910026.JPG,160,120,19040
291,0,0,0,user_pics/anonymous/albums/tankgallery/My_Tank_Amazonas_I.jpg,600,226,80482
188407,8178,0,0,user_pics/8178/3_2_jp_8f7f2c25b6.jpg,358,268,73554
26219,2415,0,0,user_pics/2415/01_Tank_update_photo.jpg,446,334,62666
10998,0,0,0,user_pics/anonymous/01_2.BMP,352,288,304182
168508,12873,0,0,user_pics/12873/97dcc6_674daf5362.jpg,450,236,77657
40915,1266,0,0,user_pics/1266/01_DSC06544.JPG,600,457,119738
2922,0,0,0,user_pics/anonymous/albums/album07/P4060303.jpg,425,310,63229
10385,0,0,0,user_pics/anonymous/01_Picture_102.jpg,352,288,20736
22722,2114,0,0,user_pics/2114/01_k5.jpg,600,450,55968
88702,7776,1,0,user_pics/7776/i_thin_f24e0f23f4.jpg,500,519,778554
47538,4982,0,0,user_pics/4982/01_DSCF1259.JPG,449,360,43979
162391,8887,0,0,user_pics/8887/photo0_c629fbd401.jpg,320,240,35763
100789,5829,0,0,user_pics/5829/dsc074_9952e15230.jpg,480,320,98142
170059,11324,0,0,user_pics/11324/how_to_1703772477.jpg,600,450,22449
180839,8022,0,0,user_pics/8022/image__cb0a7fff3a.jpg,515,427,42663
556,0,0,0,user_pics/anonymous/albums/tankgallery2/aquarium.jpg,320,240,25564
135685,9174,0,0,user_pics/9174/img_66_daa8468449.jpg,534,400,55719
35145,3816,0,0,user_pics/3816/03_IMAGE013.jpg,320,240,22024
182565,8887,0,0,user_pics/8887/photo0_89e42177b6.jpg,320,240,31196
48007,753,0,0,user_pics/753/01_240_Galon_DSCF0178.jpg,600,450,35736
51713,5336,0,0,user_pics/5336/01_100_0212.jpg,595,447,72209
170930,12801,0,0,user_pics/12801/fry_wi_ecca677387.jpg,480,511,114252
162238,12465,0,0,user_pics/12465/112713_e0f6bb43fb.jpg,512,512,125571
172537,10794,0,0,user_pics/10794/manda0_ea8d1069da.jpg,510,266,104398
50623,5222,0,0,user_pics/5222/01_5aac_2.jpg,160,107,16799
24049,2192,0,0,user_pics/2192/01_yawn2.jpg,577,479,174809
37550,1579,1,0,user_pics/1579/1579____file_9999_08_FISH_017.jpg,420,294,64604
50529,5203,0,0,user_pics/5203/01_baby_peacocks2.jpg,125,125,12431
113582,8728,0,0,user_pics/8728/fh_as__c15b372485.jpg,258,258,28454
190795,15534,1,1,user_pics/15534/a5fcd523-fab2-48a2-b069-b6836e5be470_download_11_.jpg,275,183,7196
173018,7776,1,0,user_pics/7776/tigerf_c9f760c442.jpg,500,600,55816
138799,4615,0,0,user_pics/4615/thumbn_6722e5e74d.jpg,156,160,4449
177191,7776,1,0,user_pics/7776/drumki_2cd91d5dba.jpg,480,354,65361
26716,2539,0,0,user_pics/2539/02_04-23-07_1415.jpg,160,120,12042
169558,12937,0,0,user_pics/12937/img_20_9f98083a4d.jpg,434,353,31306
15055,615,0,0,user_pics/615/01_IM000091.JPG,512,384,29832
183027,13802,0,0,user_pics/13802/cam001_eeefb338a3.jpg,600,355,53042
12731,0,0,0,user_pics/anonymous/01_shale.jpg,500,543,73659
22055,2014,0,0,user_pics/2014/03_Family_167.jpg,550,351,58793
52799,5447,0,0,user_pics/5447/01_99red_006.JPG,320,240,15850
147577,11418,0,0,user_pics/11418/023_jp_c58149e141.jpg,324,242,25334
79425,7546,0,0,user_pics/7546/photo0_d62d7d01c5.jpg,240,320,11068
108684,9528,0,0,user_pics/9528/fry2.j_3d1fbd0f92.jpg,600,450,51775
43454,4616,0,0,user_pics/4616/02_Image046.jpg,320,240,19204
52216,5203,0,0,user_pics/5203/01_f_11.jpg,125,125,12284
176583,11197,0,0,user_pics/11197/new_ta_d4f0ee0c58.jpg,512,384,38377
73125,5829,0,0,user_pics/5829/5829____file_01_dsc03223.jpg,480,360,64192
38672,984,0,0,user_pics/984/03_Lab.jpg,400,300,15396
175619,13254,0,0,user_pics/13254/201302_cca055d383.jpg,360,480,176000
1406,0,0,0,user_pics/anonymous/albums/album22/JASON.jpg,262,125,4068
111871,9733,0,0,user_pics/9733/mphang_1f9a7aeac7.jpg,160,120,24652
3498,0,0,0,user_pics/anonymous/albums/malawi/Fodretid.jpg,600,328,219557
3171,0,0,0,user_pics/anonymous/albums/malawi/Aul_Chidunga_Rocks.jpg,500,232,77681
119059,10059,0,0,user_pics/10059/photo0_abd764fc6e.jpg,239,239,14719
79371,7245,0,0,user_pics/7245/front._e55723d1f8.jpg,449,316,61844
142177,11339,0,0,user_pics/11339/cichli_7e0f4bed80.jpg,221,166,8163
107323,9507,0,0,user_pics/9507/01-30-_12488c7cba.jpg,320,240,28242
85850,5829,0,0,user_pics/5829/dsc054_0f0a4218d6.jpg,480,320,88042
95162,8812,0,0,user_pics/8812/img000_58da4f3de2.jpg,320,240,14492
125415,8022,0,0,user_pics/8022/photo0_b378633a26.jpg,522,424,48530
22749,2278,0,0,user_pics/2278/02_dolphin.jpg,320,240,30112
66507,4783,0,0,user_pics/4783/4783____file_01_dscf3736.jpg,450,338,56886
28676,2987,0,0,user_pics/2987/01_101_3658.jpg,360,270,36458
3173,0,0,0,user_pics/anonymous/albums/malawi/Compressiceps.jpg,500,251,79899
14514,1061,0,0,user_pics/1061/01_HPIM0218.JPG,320,238,69359
42202,4550,0,0,user_pics/4550/01_111807162258.jpg,320,240,36580
21768,1693,0,0,user_pics/1693/01_P3030538.JPG,320,240,31866
74978,7357,0,0,user_pics/7357/7357____file_01_fish_tank_027.jpg,480,360,68124
16400,1467,0,0,user_pics/1467/01_yellow_lab_fry.JPG,576,357,90614
151264,9805,0,0,user_pics/9805/tanger_bd66584610.jpg,505,304,129206
70688,7062,0,0,user_pics/7062/7062____file_01_028.jpg,592,448,90618
129367,10627,0,0,user_pics/10627/049_jp_e86f4392a7.jpg,320,480,63916
110746,9430,0,0,user_pics/9430/downsi_9ea9de4e70.jpg,512,384,24489
88069,5829,0,0,user_pics/5829/dsc056_c4be086f6a.jpg,480,320,83549
63142,1579,1,0,user_pics/1579/1579____file_01_new_012.jpg,500,363,40716
125030,9805,0,0,user_pics/9805/large__e8177b29e0.jpg,505,391,174076
10997,0,0,0,user_pics/anonymous/01_23.BMP,352,288,304182
4631,0,0,0,user_pics/anonymous/01_fishblue.jpg,263,209,9823
8506,438,0,0,user_pics/438/02_acara13.jpg,600,280,49055
108056,3584,0,0,user_pics/3584/hb_bri_fda6d0b823.jpg,200,185,12905
128110,10137,0,0,user_pics/10137/iowa_n_0c2d6697b1.jpg,248,203,14584
37942,4163,0,0,user_pics/4163/04_tank_011.jpg,416,312,93312
171275,12873,0,0,user_pics/12873/start__299d70f017.jpg,450,450,34231
165055,11203,0,1,user_pics/11203/2012-0_e468219e24.jpg,555,368,31087
139528,11212,0,0,user_pics/11212/leleup_702473331e.jpg,500,351,138292
128676,10386,0,0,user_pics/10386/photo__afb3ccce1b.jpg,135,122,26848
163431,11479,0,0,user_pics/11479/quest__b7a7205019.jpg,259,194,4979
10520,615,0,0,user_pics/615/01_IM000465.JPG,544,416,106080
1248,0,0,0,user_pics/anonymous/albums/album22/Chanchito.jpg,526,394,27345
20399,1683,0,0,user_pics/1683/18_1.jpg,150,113,4716
16411,1077,0,1,user_pics/1077/02_photo004.jpg,352,288,45259
86407,8204,0,0,user_pics/8204/1njdgc_b5c13eb6d8.jpg,150,113,5150
5177,68,0,0,user_pics/68/01_tropheus_dubosi_maswa_1.jpg,512,341,130256
62608,1579,1,0,user_pics/1579/1579____file_01_today_010.jpg,500,368,39824
122865,9805,0,0,user_pics/9805/albino_f5abfb8b80.jpg,334,220,129105
3504,0,0,0,user_pics/anonymous/albums/malawi/nitidus.jpg,600,235,108724
40505,3160,0,0,user_pics/3160/03_red_devil_2.bmp,352,288,304182
43212,4616,0,0,user_pics/4616/02_08.jpg,320,240,22103
3515,0,0,0,user_pics/anonymous/albums/malawi/aulo_maylandi_han_viktor.jpg,445,271,29790
100295,8728,0,0,user_pics/8728/hi-fin_d3394bb7c5.jpg,406,406,47222
61514,3584,0,0,user_pics/3584/08_056.JPG,450,338,45500
72211,7118,0,0,user_pics/7118/7118____file_01_!cid__drawing02.jpg,224,272,15188
11513,477,0,0,user_pics/477/01_tank_2.jpg,450,338,85804
146585,11590,0,0,user_pics/11590/cichli_62164c36a4.jpg,240,320,46487
117626,9548,0,0,user_pics/9548/051010_25f01c1646.jpg,592,432,43989
3261,0,0,0,user_pics/anonymous/albums/malawi/Placidochromis_gisseli_fema.jpg,400,160,70175
87652,6936,0,0,user_pics/6936/img_22_eadfd8b3da.jpg,576,384,53827
55325,5702,0,0,user_pics/5702/02_IMG_0028-1-.JPG,600,450,37031
43472,3538,0,1,user_pics/3538/01_l24_redfin_cactus_pleco.jpg,500,500,39357
67184,5829,0,0,user_pics/5829/5829____file_01_dsc01400.jpg,320,240,45458
8529,0,0,0,user_pics/anonymous/01_4lemonjake.jpg,500,350,212946
1332,0,0,0,user_pics/anonymous/albums/album22/Fish4.jpg,200,104,4072
8817,0,0,0,user_pics/anonymous/03_oscar.JPG,434,368,75519
84360,8031,0,0,user_pics/8031/dsc_28_4a24b1a4e9.jpg,448,336,50915
64508,6228,0,0,user_pics/6228/6228____file_01_051.jpg,512,384,43697
91974,3584,0,0,user_pics/3584/694e29_0bca59e107.jpg,130,127,4014
163056,11883,0,0,user_pics/11883/tomb_j_ba39fa3e45.jpg,225,225,10935
164793,11584,0,0,user_pics/11584/b0f213_c982169d11.jpg,450,338,101282
107066,5065,0,0,user_pics/5065/l_9492_f62c5ba10d.jpg,600,480,31787
51646,4294,0,0,user_pics/4294/01_REN.JPG,600,450,76092
60633,1579,1,0,user_pics/1579/01_new_093.jpg,500,375,36015
20559,1061,0,0,user_pics/1061/01_HPIM1471.JPG,320,238,68249
107053,5065,0,0,user_pics/5065/l_30e4_12ab7d0770.jpg,600,480,58773
7009,0,0,0,user_pics/anonymous/01_api-cacatoides.jpg,400,270,33268
13552,0,0,0,user_pics/anonymous/02_pete20.jpg,600,450,57362
94815,8728,0,0,user_pics/8728/red_he_8bc83feba0.jpg,406,406,51889
14610,26,0,1,user_pics/26/02_75d8abfec3.jpg,430,323,33642
161653,8887,0,0,user_pics/8887/mpanga_3c23cd52b5.jpg,320,240,16770
7125,0,0,0,user_pics/anonymous/01_similis_(mikro).JPG,300,218,6379
160753,12396,0,0,user_pics/12396/080_jp_517f936668.jpg,274,221,39742
61419,1579,1,0,user_pics/1579/27_fish_003.jpg,500,375,33266
9611,26,0,0,user_pics/26/01_Top_75_tank_Dec_15_05_026x7.jpg,504,389,184691
68120,6092,0,0,user_pics/6092/6092____file_01_08-06-08_0007.jpg,320,240,13954
5927,180,0,0,user_pics/180/01_y.b._zebra_2.bmp,490,389,572662
44106,1368,0,0,user_pics/1368/01_SN850407.JPG,501,360,300609
122096,9430,0,0,user_pics/9430/downsi_5a1d0fdc13.jpg,512,384,35356
13244,0,0,0,user_pics/anonymous/01_1.bmp,200,151,90654
94165,8721,1,0,user_pics/8721/fronto_10655a3169.jpg,500,375,62847
191103,6550,0,0,user_pics/6550/709580ba-f0d6-437f-a67b-7e2810f237c9_f670be84-7788-4e56-8665-aedf78b396b5_p1010551-1-.jpg,400,300,139048
95382,8621,0,0,user_pics/8621/midnig_879ff52839.jpg,432,248,75578
8886,438,0,0,user_pics/438/01_venustus1.jpg,599,600,56709
124428,10137,0,0,user_pics/10137/pictur_f752fbb7c1.jpg,320,240,31434
166065,13514,0,0,user_pics/12280/riddle_38c8a2940e.jpg,120,300,7076
13873,0,0,0,user_pics/anonymous/01_fish~shop~203.jpg,400,300,30424
11888,0,0,0,user_pics/anonymous/01_Photo_#32.jpg,320,240,8196
139644,10747,0,0,user_pics/10747/images_5e57f5719e.jpg,232,217,6303
87089,5311,0,0,user_pics/5311/electr_9330ae8547.jpg,500,333,55011
5138,0,0,0,user_pics/anonymous/01_Fuscotanaetus_2.JPG,497,313,22835
168506,12801,0,0,user_pics/12801/prep_f_d37beb5577.jpg,480,523,158953
63913,2895,0,0,user_pics/2895/2895____file_01_garlic1.jpg,500,333,36653
7570,0,0,0,user_pics/anonymous/01_09-01-06_2152.jpg,320,240,11834
62609,1579,1,0,user_pics/1579/1579____file_01_today_015.jpg,500,375,41827
54944,5563,0,0,user_pics/5563/01_Image24.jpg,576,432,111768
52429,5421,0,0,user_pics/5421/04_DSC00098.JPG,448,336,41616
101539,5829,0,0,user_pics/5829/dsc076_bf7a67b123.jpg,480,320,70885
3594,0,0,0,user_pics/anonymous/albums/malawi/polit.jpg,500,383,138294
8514,438,0,0,user_pics/438/02_Severum1.jpg,600,400,47551
16461,977,0,0,user_pics/977/04_1475991110_l.jpg,600,450,37209
1485,0,0,0,user_pics/anonymous/albums/album22/Photo0034.jpg,320,240,10291
8015,0,0,0,user_pics/anonymous/01_Dozer__pic.jpg,432,286,33741
132696,10834,0,0,user_pics/10834/165339_c248bd8813.jpg,600,450,65920
15731,1258,0,0,user_pics/1258/01_1707.jpg,400,313,57440
5379,132,0,0,user_pics/132/01_pseudotropheus_elongatus.jpg,409,272,75720
173835,13514,0,0,user_pics/12280/thcas6_210149e30a.jpg,300,167,12769
95683,8728,0,0,user_pics/8728/convit_2dedcf1f97.jpg,406,406,56360
190085,15273,0,0,user_pics/15273/_35_jp_ffe4e2254a.jpg,300,225,14304
172255,12937,0,0,user_pics/12937/driod__80eb6f3625.jpg,408,230,34253
120677,6550,0,1,user_pics/6550/300036_00131c5738.jpg,225,225,12790
67243,6705,0,0,user_pics/6705/6705____file_01_peacock.jpg,320,240,29493
11385,686,0,0,user_pics/686/01_My_Tank_Rods1.JPG,448,299,38269
64611,5203,0,1,user_pics/5203/5203____file_01_albino_front.bmp,526,356,562534
102692,8887,0,0,user_pics/8887/malawi_6d8e4742d0.jpg,480,384,18618
140009,9733,0,0,user_pics/9733/facebo_017932eae2.jpg,480,360,222168
171156,11324,0,0,user_pics/11324/graves_77a1286b1f.jpg,240,240,51107
37398,753,0,0,user_pics/753/01_IMG_0667.JPG,320,240,27956
52033,5336,0,0,user_pics/5336/01_100_0511.jpg,324,257,26214
103929,8672,0,0,user_pics/8672/better_549a747dab.jpg,600,333,138947
48003,4990,0,0,user_pics/4990/08_c.bmp,320,240,230454
147975,11721,0,0,user_pics/11721/fish_e_2f690dfac0.jpg,427,320,29696
102133,6149,0,0,user_pics/6149/female_adbabc00dd.jpg,567,378,167370
62052,6181,0,0,user_pics/6181/6181____file_01_steatocranus_casuarius4.jpg,332,500,44828
8504,0,0,0,user_pics/anonymous/01_Severum1.jpg,600,400,47551
73123,5829,0,0,user_pics/5829/5829____file_01_dsc03198.jpg,480,360,98882
185995,13436,0,0,user_pics/13436/img_20_482d7ad710.jpg,530,530,37444
163934,12426,0,0,user_pics/12426/snapsh_aa2a444cb4.jpg,458,344,243699
174621,5603,0,1,user_pics/5603/p03108_671a9c1d62.jpg,398,239,49987
184891,13385,0,0,user_pics/13385/redter_6eeb3abc6b.jpg,432,298,68298
62121,3764,0,1,user_pics/3764/3764____file_01_female.jpg,586,421,261189
168558,12818,0,0,user_pics/12818/stripe_3ec3bfb77b.jpg,390,311,126119
52214,5203,0,0,user_pics/5203/01_f1_n_f2.jpg,125,125,16571
73470,6635,0,0,user_pics/6635/6635____file_01_1_455555946l.jpg,600,450,39587
20663,1649,0,0,user_pics/1649/01_ngara_2.bmp,450,338,457030
190479,23,0,1,user_pics/23/ee4d301f-8e23-4ef8-ad92-cf8385b35603_alex_portrait_q.jpg,305,305,86781
55776,5563,0,0,user_pics/5563/20_Picture_019.jpg,572,400,201353
62129,1579,1,0,user_pics/1579/1579____file_01_midas_1.jpg,500,375,48220
21241,1579,1,0,user_pics/1579/01_01_new_015.jpg,386,246,25131
42435,2551,0,0,user_pics/2551/02_fish_174.jpg,448,336,61588
3257,0,0,0,user_pics/anonymous/albums/malawi/copadichromis_geersi.jpg,400,213,74733
11449,0,0,0,user_pics/anonymous/01_aquarium5.JPG,450,338,39083
62837,1579,1,0,user_pics/1579/1579____file_01_natives_011.jpg,500,375,55453
35855,3858,0,0,user_pics/3858/01_untitled8.bmp,320,240,230454
122806,10004,0,0,user_pics/10004/photo-_e345090718.jpg,400,300,36519
160704,11883,0,0,user_pics/11883/images_eaded29fcd.jpg,239,211,5324
100796,9143,0,0,user_pics/9143/nimboc_b197da8eef.jpg,412,381,72904
88197,5829,0,0,user_pics/5829/dsc056_c525fd3edc.jpg,480,320,99977
31840,0,0,0,user_pics/anonymous/01_DCP_2263.JPG,321,298,35846
158661,12211,0,0,user_pics/12211/img_20_ab3955670b.jpg,307,307,12450
1425,0,0,0,user_pics/anonymous/albums/album22/Marble_Peacock_2_copy.jpg,460,258,52704
4710,0,0,1,user_pics/anonymous/02_85030929_289016638_0.jpg,250,250,13790
11384,686,0,0,user_pics/686/01_green_terror_54872ec53410b476d7a534293e96ce2f.jpg,448,336,37926
67836,5829,0,0,user_pics/5829/5829____file_01_dsc01581.jpg,320,240,62223
139891,8022,0,0,user_pics/8022/_kgrhq_4188d872e4.jpg,500,375,28669
172531,12944,0,0,user_pics/12944/rd_jpg_e9c7bc186d.jpg,450,338,28074
4879,0,0,0,user_pics/anonymous/01_91244084_311474323_0.jpg,250,250,16488
129365,10627,0,0,user_pics/10627/068_jp_dbade5b6b3.jpg,320,480,73231
38073,1579,1,0,user_pics/1579/1579____file_9999_16_FISH_005.jpg,500,375,41677
157503,11513,0,0,user_pics/11513/picsin_b8bca19552.jpg,600,450,498463
99328,8728,0,0,user_pics/8728/not_fr_300cd97dd3.jpg,406,406,58241
23027,1579,1,0,user_pics/1579/01_ruby_red_2.jpg,549,398,39183
127690,9120,0,0,user_pics/9120/10-23-_da4d63eb52.jpg,209,249,29901
141462,11299,0,0,user_pics/11299/img003_951b5a6fdf.jpg,528,400,66965
16452,1077,0,0,user_pics/1077/01_photo007_6315d12afb5a3c681a6037626dd0f598.jpg,352,288,40817
119918,6149,0,0,user_pics/6149/red_te_60fa55cc71.jpg,567,378,183733
92655,7113,0,0,user_pics/7113/images_f00489f281.jpg,61,136,1703
186265,14331,0,0,user_pics/14331/tmp_ve_5ed7e0bcb8.jpg,436,436,35798
61076,3584,0,1,user_pics/3584/54_001.JPG,450,338,36015
22054,2014,0,0,user_pics/2014/04_Family_160.jpg,468,329,47308
105348,6149,0,0,user_pics/6149/red_te_7cbd6912d2.jpg,567,378,244454
120429,10059,0,1,user_pics/10059/photo0_563ee2cd0e.jpg,480,480,63136
66510,6615,0,0,user_pics/6615/6615____file_01_366610957_7859165a6f.jpg,450,338,79617
101855,8643,0,0,user_pics/8643/th_dsc_f32a660d00.jpg,160,120,5479
70890,7065,0,0,user_pics/7065/7065____file_01_035.jpg,448,335,33964
183085,13273,0,1,user_pics/13273/ripn_j_4ba179dc69.jpg,274,206,11043
14483,0,0,0,user_pics/anonymous/03_Cichlids.jpg,450,338,35004
39387,4294,0,0,user_pics/4294/15_fish3.JPG,600,290,42790
169623,12873,0,0,user_pics/12873/d19543_6ce06ccbde.jpg,450,338,68293
3408,0,0,0,user_pics/anonymous/albums/malawi/aul_stuartgranti.jpg,500,242,96567
2209,0,0,0,user_pics/anonymous/albums/user_gallery/Flametail_Peacock.jpg,400,277,22699
41347,3764,0,0,user_pics/3764/01_newest_juvie.jpg,560,422,232050
29357,2192,0,0,user_pics/2192/01_geo70.jpg,480,498,278695
73280,7200,0,0,user_pics/7200/7200____file_01_me.bmp,439,168,221814
104245,9182,0,0,user_pics/9182/camera_8174a4af7e.jpg,485,365,48611
95070,8553,0,0,user_pics/8553/600_00_f99a567faf.jpg,600,450,31310
75734,5829,0,0,user_pics/5829/dsc043_85ee3c813f.jpg,480,360,90604
70997,5300,0,0,user_pics/5300/5300____file_01_100_0300.jpg,295,545,71303
55563,1938,0,0,user_pics/1938/03_123.jpg,554,447,17941
47109,4747,0,0,user_pics/4747/01_the-gang.jpg,591,444,297446
11590,139,0,0,user_pics/139/01_similis6.JPG,500,375,30334
12069,0,0,0,user_pics/anonymous/01_03.jpg,500,307,60792
131301,7119,0,0,user_pics/7119/me_bmp_2a2aa804e6.jpg,130,98,38470
27082,2837,0,0,user_pics/2837/01_Photo_0003.jpg,320,240,19630
3349,0,0,0,user_pics/anonymous/albums/malawi/Fish_101_0165.jpg,322,240,47215
2279,0,0,0,user_pics/anonymous/albums/Oscars-South-American/01_cichlid_OSCAR_gold_juvenile.jpg,200,150,42639
117136,9597,0,0,user_pics/9597/fishy__da4e9e4e25.jpg,592,349,28591
63457,5421,0,0,user_pics/5421/5421____file_01_dsc00776.jpg,313,235,40002
182381,13802,0,0,user_pics/13802/cam010_6e5d0ad3c0.jpg,281,173,18929
94510,8728,0,0,user_pics/8728/oscar._100fdb9ca6.jpg,406,406,63530
29060,23,0,1,user_pics/23/02_Test.jpg,430,364,24927
138028,3584,0,1,user_pics/3584/076_jp_909de47dc7.jpg,373,249,30545
179222,12930,0,0,user_pics/12930/afra2__ef26ebf527.jpg,565,424,180392
67736,1978,0,0,user_pics/1978/1978____file_01_105110.jpg,150,113,4703
79398,7546,0,0,user_pics/7546/photo0_cfbbe04c46.jpg,240,320,14372
169971,10784,0,0,user_pics/10784/benga__2ca23510bb.jpg,213,320,139888
13903,0,0,0,user_pics/anonymous/01_tank-finsihed-web.jpg,600,307,111155
174753,11203,0,0,user_pics/11203/img_20_41f12f99de.jpg,466,357,56795
174884,7776,1,0,user_pics/7776/dddisc_1d7f8917b4.jpg,225,225,8301
98087,8728,0,0,user_pics/8728/2.jpg_79329cbc9d.jpg,406,406,26771
3332,0,0,0,user_pics/anonymous/albums/malawi/2_Bumble_Bees_or_No_Notice_the_different_eye_shapes.jpg,257,480,53871
182969,13802,0,0,user_pics/13802/cam000_7449db55b3.jpg,482,319,43109
4871,0,0,0,user_pics/anonymous/01_fish.bmp,320,240,230454
67239,6705,0,0,user_pics/6705/6705____file_01_we_dolphin.jpg,320,240,22739
20553,1649,0,0,user_pics/1649/01_yellow.bmp,375,281,317022
73588,5829,0,0,user_pics/5829/5829____file_01_dsc03297.jpg,480,360,94011
311,0,0,0,user_pics/anonymous/albums/tankgallery/29GallonJuvieTank7Resize.jpg,432,259,60347
6654,0,0,0,user_pics/anonymous/01_my_king_of_the_tank.jpg,320,240,58206
16725,0,0,1,user_pics/anonymous/02_bacs_006.jpg,600,321,12927
89229,5829,0,0,user_pics/5829/dsc060_89c30266fb.jpg,480,320,83147
2958,0,0,0,user_pics/anonymous/albums/Neolamprologus_brichardi/Brichardi.jpg,430,460,30387
107545,8621,0,0,user_pics/8621/lab.jp_ddb2b8775f.jpg,498,300,145380
131357,9174,0,0,user_pics/9174/img_54_ff513808e7.jpg,484,345,60051
78254,7574,0,0,user_pics/7574/img_21_cc6c633f56.jpg,324,482,60636
6580,0,0,0,user_pics/anonymous/01_Aul._Spec._Feuerfisch_1.JPG,407,305,32905
97227,8728,0,0,user_pics/8728/hi-fin_24cf3498ba.jpg,406,406,43966
140767,7371,0,0,user_pics/7371/dog_jp_cbd3e8796d.jpg,184,240,5237
3193,0,0,0,user_pics/anonymous/albums/malawi/29GallonJuvieTank7Resize.jpg,432,259,60347
42188,1579,1,0,user_pics/1579/1579____file_9999_19_FISH_005.jpg,500,375,41677
3197,0,0,1,user_pics/anonymous/albums/malawi/29GallonJuvieTank2Resize.jpg,432,184,36340
79192,7546,0,0,user_pics/7546/photo0_2a9bf0871a.jpg,240,320,12739
113580,8728,0,0,user_pics/8728/jd_pai_ec8a2369ba.jpg,258,258,33623
41439,4368,0,0,user_pics/4368/03_Project28.png,500,375,1497302
126567,10137,0,0,user_pics/10137/pictur_c72c6cacf8.jpg,320,240,31434
3345,0,0,0,user_pics/anonymous/albums/malawi/Electric_Blue_001.jpg,322,240,50287
97590,8230,0,0,user_pics/8230/aug28__425892a4bd.jpg,320,240,9126
55036,5679,0,0,user_pics/5679/01_Photo-0113.jpg,320,240,16566
108885,9364,0,0,user_pics/9364/big_bo_d9d09e0953.jpg,512,384,29448
61423,1579,1,0,user_pics/1579/19_fish_018.jpg,500,375,60133
189343,11902,0,0,user_pics/11902/13c38f_80efe9099c.jpg,450,338,68689
13054,0,0,0,user_pics/anonymous/01_Otto.JPG,409,266,33186
94063,8721,1,0,user_pics/8721/pm2_09_0511830fc0.jpg,500,375,43905
182862,13802,0,0,user_pics/13802/cam012_2b19aa0527.jpg,474,352,63045
123904,9182,0,0,user_pics/9182/hmm_jp_23ac7fc082.jpg,259,194,5722
76931,7492,0,0,user_pics/7492/maya_c_f425b4c0b7.jpg,319,426,22464
185656,12903,0,0,user_pics/12903/dsc_03_605438aedd.jpg,319,213,26081
176194,12937,0,0,user_pics/12937/images_dd88df9b05.jpg,140,140,3469
64588,6417,0,0,user_pics/6417/6417____file_01_fm_and_jd.jpg,600,449,40868
29690,971,0,0,user_pics/971/02_kasanga.jpg,430,301,77313
170525,11877,0,0,user_pics/11877/happyt_ca7b355afe.jpg,320,320,240346
55556,26,0,0,user_pics/26/01_Midas_female_move_Sept_12_07_018x7ccs.jpg,504,461,214538
174228,7776,1,0,user_pics/7776/kigoma_5093a6ab4c.jpg,150,113,3808
182131,13161,0,0,user_pics/13161/fluval_b81044deaa.jpg,268,375,16437
170473,12475,0,0,user_pics/12475/dsc000_da07a82dc0.jpg,400,300,170269
81615,7570,0,0,user_pics/7570/2.jpg_3d5b461aa5.jpg,258,258,18200
109415,9528,0,0,user_pics/9528/lab3.j_3dc7f975cf.jpg,512,384,35870
94074,5829,0,0,user_pics/5829/dsc065_a719a0bbf2.jpg,480,320,80771
163120,10888,0,0,user_pics/10888/rakki__57ac873b5d.jpg,409,548,50010
94097,8721,1,0,user_pics/8721/pm3_25_f485b41cf1.jpg,500,375,50967
43224,4215,0,0,user_pics/4215/01_A%20mazinzi.jpg,319,239,88055
125310,10406,0,1,user_pics/10406/assbat_f2d2655fdb.jpg,446,336,67172
61863,4981,0,0,user_pics/4981/4981____file_01_DSC01051.JPG,450,338,21751
51246,4215,0,0,user_pics/4215/01_mustax.bmp,320,129,123894
171476,13080,0,0,user_pics/13080/376665_2d6a9678a3.jpg,480,360,15225
49309,1579,1,0,user_pics/1579/01_New_009.jpg,450,365,54946
79741,7574,0,0,user_pics/7574/img_30_365a6a2953.jpg,512,384,88652
93719,615,0,0,user_pics/615/100_55_c13e3df1d8.jpg,586,548,64822
175733,7776,1,0,user_pics/7776/baby_h_ec19ef0fe3.jpg,300,225,10571
85857,5829,0,0,user_pics/5829/dsc055_edb66872d7.jpg,480,320,72164
152217,11915,0,0,user_pics/11915/jewelc_0b085d3947.jpg,500,389,36781
145073,11339,0,0,user_pics/11339/questi_1b2c404286.jpg,348,348,4698
52849,1579,1,0,user_pics/1579/02_Benga.jpg,450,346,55854
151259,9805,0,0,user_pics/9805/acei_t_b7e84c4d99.jpg,451,249,128767
35661,3900,0,0,user_pics/3900/01_picture_of_fish_tank.jpg,170,127,5752
150684,11513,0,0,user_pics/11513/038_jp_d4eca72d59.jpg,512,384,58846
111843,9664,0,1,user_pics/9664/mainga_ae15badcb8.jpg,450,338,66306
21590,123,0,0,user_pics/123/01_Old_Pigeon_Blood.jpg,255,334,187679
155331,12049,0,0,user_pics/12049/comp-m_f135ff78d2.jpg,430,296,20508
33155,3463,0,0,user_pics/3463/01_JDstn_copy.jpg,332,231,32112
138287,5603,0,0,user_pics/5603/images_4813fedf78.jpg,267,189,4290
21110,1693,0,0,user_pics/1693/01_ME_@TANK.jpg,413,331,48576
8866,438,0,1,user_pics/438/01_aqua52.jpg,452,600,46076
59201,3868,0,0,user_pics/3868/01_my_110.jpg,304,228,13685
24599,399,0,0,user_pics/399/01_video_of_tank_347_320x240_320x240.jpg,318,239,280166
11583,682,0,0,user_pics/682/01_0001.jpg,352,288,98410
45526,3071,0,0,user_pics/3071/18_fish2.jpg,320,240,9191
101208,9176,0,0,user_pics/9176/pseudo_5fbbbeb9ab.jpg,319,239,76584
21195,1972,0,0,user_pics/1972/01_FISH_PIC105.jpg,508,224,24815
120552,10059,0,0,user_pics/10059/photo0_1c315e0b1b.jpg,240,240,15490
109751,9445,0,0,user_pics/9445/pictur_9d13fc4d44.jpg,320,240,23401
173628,12937,0,0,user_pics/12937/driod__ef86de1f9b.jpg,408,230,29498
101210,9176,0,1,user_pics/9176/ectodu_b7a6581cc1.jpg,319,239,85028
13542,0,0,0,user_pics/anonymous/01_New%20Zaire%20Pics%20007.jpg,550,259,46631
110447,3130,0,0,user_pics/3130/male_y_b62102e295.jpg,396,380,53212
50621,5222,0,0,user_pics/5222/16_3.jpg,439,293,61590
69763,5512,0,0,user_pics/5512/5512____file_01_img_0598-1-.jpg,469,342,95803
105724,3584,0,0,user_pics/3584/getwel_1e8e476272.jpg,420,237,17925
29183,3067,0,0,user_pics/3067/02_Step_2.jpg,320,240,12212
135052,10972,0,0,user_pics/10972/fish_3_f2fa5855d1.jpg,450,338,90167
140538,3584,0,1,user_pics/3584/034-1__afe2d4488d.jpg,551,367,94094
46678,3764,0,0,user_pics/3764/01_fishball.jpg,450,300,80653
75830,6936,0,0,user_pics/6936/redsho_72c5d7fd71.jpg,352,256,37200
107063,8031,0,0,user_pics/8031/image__1b6c23de32.jpg,448,268,21145
172541,11203,0,0,user_pics/11203/opinio_f3ea588eed.jpg,399,265,13887
94810,8728,0,0,user_pics/8728/pleco._75f04fe2c4.jpg,406,406,56801
8314,0,0,0,user_pics/anonymous/01_demasoni_female.JPG,500,512,50376
130113,10603,0,0,user_pics/10603/1_jpg_d042d21769.jpg,409,373,26274
128331,5603,0,0,user_pics/5603/220px-_f93ccac09c.jpg,220,385,5464
81352,7806,0,0,user_pics/7806/pictur_48604936a4.jpg,448,336,78257
2473,0,0,0,user_pics/anonymous/albums/american/Vieja_Synspilum.jpg,500,314,79080
73736,6340,0,0,user_pics/6340/6340____file_01_dsc05481.jpg,429,455,152262
16483,1433,0,0,user_pics/1433/01_MVC-899S.JPG,416,267,26399
94109,8721,1,0,user_pics/8721/pm3_04_cb8504a3b5.jpg,500,441,46461
179220,12475,0,0,user_pics/12475/images_e9a9482f49.jpg,137,142,6157
13403,0,0,0,user_pics/anonymous/01_CAZYSB2T.jpg,120,160,8436
138344,9174,0,0,user_pics/9174/img_75_faf98cbcb0.jpg,560,420,45960
158604,11479,0,0,user_pics/11479/better_cd30b06662.jpg,450,338,129031
172594,13070,0,0,user_pics/13070/electr_066eb71335.jpg,320,240,69001
28846,1579,1,0,user_pics/1579/01_brichardi_fry_aa96a5c65762e8ab0dbf76d4b8227953.jpg,594,519,60356
171386,13080,0,0,user_pics/13080/135481_39a4770968.jpg,320,240,55258
32723,2766,0,0,user_pics/2766/01_esconmale.jpg,432,356,40316
135048,10972,0,0,user_pics/10972/fish4__f3871f5ba8.jpg,450,338,56785
35581,3336,0,0,user_pics/3336/01_08-24-07_1829.jpg,320,240,64995
143315,9210,0,0,user_pics/9210/dem_jp_ce35bc2cfb.jpg,320,240,77929
66084,6504,0,0,user_pics/6504/6504____file_01_bild3708.jpg,592,431,66894
151877,11187,0,0,user_pics/11187/120401_d80c724fae.jpg,320,240,36564
10258,0,0,0,user_pics/anonymous/01_Picture_009.bmp,352,288,304182
16512,0,0,0,user_pics/anonymous/20_Picture_003.jpg,160,120,9268
3253,0,0,0,user_pics/anonymous/albums/malawi/Copadichromis_Borleyi_Kada7.jpg,500,375,77237
3283,0,0,0,user_pics/anonymous/albums/malawi/O_lithobates_Male1.jpg,500,406,80225
165656,11479,0,0,user_pics/11479/happy__fd521af3e6.jpg,380,380,18150
160920,13514,0,0,user_pics/12280/new_75_4ad5737b6a.jpg,320,240,7517
5291,123,0,0,user_pics/123/01_9341b.jpg,300,200,13072
166539,11203,0,0,user_pics/11203/me1_jp_be0c84a942.jpg,600,450,49737
181509,13436,0,0,user_pics/13436/untitl_70a2cf34bb.jpg,225,225,30447
43095,1368,0,0,user_pics/1368/02_SN850211.JPG,600,288,264301
39702,2678,0,0,user_pics/2678/01_16215b.jpg,300,225,10342
154978,11991,0,0,user_pics/11991/hex_jp_d3cc1cc630.jpg,191,320,10514
75131,26,0,0,user_pics/26/26____file_01_untitled.bmp,430,430,186838
143689,9210,0,0,user_pics/9210/lemon__28602f84f4.jpg,320,231,33382
129472,10605,0,0,user_pics/10605/img_20_0d7df3f69b.jpg,599,385,38183
100618,8728,0,0,user_pics/8728/browns_a725150a9e.jpg,545,421,17892
66390,6615,0,0,user_pics/6615/6615____file_01_p1010065.jpg,320,240,43331
119582,9894,0,0,user_pics/9894/27008__d0ff044cfc.jpg,460,374,30833
124414,8158,0,0,user_pics/8158/mail-2_8c4c12312d.jpg,221,166,7463
53656,5563,0,0,user_pics/5563/01_Image26.jpg,480,225,44959
29766,2503,0,0,user_pics/2503/05_unknown.jpg,482,270,105567
60862,1579,1,0,user_pics/1579/01_FISH_018.jpg,450,338,60442
71675,4843,0,0,user_pics/4843/4843____file_01_004.jpg,278,222,23335
62033,4304,0,0,user_pics/4304/4304____file_01_hpim4421.jpg,600,447,44915
75627,1840,0,0,user_pics/1840/s73079_4cc2e97925.jpg,538,404,75102
104769,9381,0,0,user_pics/9381/ppets-_894729b02f.jpg,400,400,54742
29214,23,1,1,user_pics/23/01_df215bdebf.jpg,430,323,44050
140041,3584,0,1,user_pics/3584/089456_0f969d5f4a.jpg,450,299,40565
108319,9528,0,0,user_pics/9528/oldtan_4b61b166ab.jpg,320,223,47086
110613,9445,0,0,user_pics/9445/pictur_c0642b9030.jpg,320,240,9437
158622,11187,0,0,user_pics/11187/032502_51898a9d43.jpg,320,240,15855
141297,11203,0,0,user_pics/11203/red_or_bdd4b7782c.jpg,575,400,177950
77371,5829,0,0,user_pics/5829/dsc046_01780f4a74.jpg,480,320,94792
41642,4520,0,0,user_pics/4520/01_centershotmopani.jpg,600,450,82415
153067,11953,0,1,user_pics/11953/sump_j_ba66dcecdd.jpg,600,450,220119
98408,8210,0,0,user_pics/8210/rotkei_37fb432c21.jpg,258,258,26627
48153,4701,0,0,user_pics/4701/03_Fh1.JPG,504,566,44751
40027,4332,0,0,user_pics/4332/01_black_lips.jpg,170,227,13315
1574,0,0,0,user_pics/anonymous/albums/album22/boring_day.jpg,400,361,21127
52522,4827,0,0,user_pics/4827/01_th_f3.jpg,160,98,4049
15862,1266,0,0,user_pics/1266/03_cichlids.jpg,210,319,67485
53065,5484,0,0,user_pics/5484/01_P1000932.JPG,513,314,36567
55337,3029,0,0,user_pics/3029/01_816ad974c5.jpg,430,323,37225
22671,2192,0,0,user_pics/2192/01_geo6.jpg,320,213,67433
18047,904,0,1,user_pics/904/02_08_22_06_1356.jpg,160,120,12816
3295,0,0,0,user_pics/anonymous/albums/malawi/Pro_taeniolatus_red_empres1.jpg,500,249,80317
35448,3868,0,0,user_pics/3868/01_f81d5e9c7bc8.jpg,304,228,27396
132127,10794,0,0,user_pics/10794/dragon_5ce8b41361.jpg,473,600,116047
169851,12475,0,0,user_pics/12475/dgfdsf_456b0d884b.jpg,500,375,227324
122689,8744,0,0,user_pics/8744/questi_5477fd69de.jpg,348,345,171612
59152,3868,0,0,user_pics/3868/02_id_please.jpg,285,228,21780
28290,984,0,0,user_pics/984/01_Vieja_1.jpg,430,323,54967
60732,1579,1,0,user_pics/1579/01_sunfish_006.jpg,500,375,43406
73658,5829,0,0,user_pics/5829/5829____file_01_dsc03337.jpg,480,360,78564
40610,123,0,0,user_pics/123/01_Julidochromis_Part_2.jpg,400,349,59726
177683,7776,1,0,user_pics/7776/tomato_e483357ca8.jpg,225,224,13386
88649,7113,0,0,user_pics/7113/a06b60_89cb2d3574.jpg,135,42,2332
166158,8887,0,0,user_pics/8887/cichli_c855c1c154.jpg,320,240,23981
49417,1579,1,0,user_pics/1579/02_New_009.jpg,450,338,74485
95357,8728,0,0,user_pics/8728/convic_76cc26a80c.jpg,406,406,75932
97591,8230,0,0,user_pics/8230/oct05__a085a6c487.jpg,320,240,7454
95356,8728,0,0,user_pics/8728/3_disc_ff6dc185a7.jpg,406,406,78307
109526,9482,0,0,user_pics/9482/downsi_d501745662.jpg,512,384,30690
29312,2041,0,0,user_pics/2041/01_P1000817.JPG,512,340,39347
157252,11479,0,0,user_pics/11479/questi_812bcb2bc0.jpg,140,140,4760
84643,7427,0,0,user_pics/7427/downsi_1cfcec2429.jpg,600,450,40731
131637,10498,0,0,user_pics/10498/3n93m5_c251d9cba4.jpg,300,225,8499
105924,3647,0,0,user_pics/3647/img_45_e511d651e0.jpg,533,380,51595
988,0,0,0,user_pics/anonymous/albums/tankgallery2/028_G.jpg,352,288,20057
191417,15848,0,0,user_pics/15848/7637961c-d4d1-45d9-b5b7-e7d8756e0143_fashin1.jpg,372,410,63600
3248,0,0,0,user_pics/anonymous/albums/malawi/Copadichromis_Borleyi_Kada2.jpg,500,375,75747
108934,3584,0,0,user_pics/3584/hb_bri_bd0c273ad0.jpg,200,185,12905
8846,438,0,0,user_pics/438/01_Aqua30.jpg,600,452,64655
3506,0,0,0,user_pics/anonymous/albums/malawi/phenochilus_lupingu1.jpg,600,264,174018
28860,1835,0,0,user_pics/1835/01_Picture_20.jpg,320,240,21471
269,0,0,0,user_pics/anonymous/albums/tankgallery/DSC00351.jpg,499,365,60484
10763,0,0,0,user_pics/anonymous/01_Sunshine_Peacocks2006-04-17.JPG,275,240,30953
29355,2192,0,0,user_pics/2192/01_geo52.jpg,568,479,183166
63026,5311,0,0,user_pics/5311/5311____file_01_harvick_2_193.jpg,193,150,13199
179012,13004,0,1,user_pics/13004/s_arro_bfeb3a4bf8.jpg,178,117,21177
42219,4344,0,0,user_pics/4344/01_fsdafa.jpg,561,174,21149
71687,5896,0,0,user_pics/5896/5896____file_01_1029081932c.jpg,320,240,22242
71313,7007,0,0,user_pics/7007/7007____file_01_tim_and_chloe_stream.bmp,161,190,92014
88244,5829,0,0,user_pics/5829/dsc057_ebf3058f6a.jpg,480,320,81765
13142,837,0,0,user_pics/837/01_55_gal_Tank.jpg,320,240,10155
81022,7427,0,0,user_pics/7427/fishal_3da8819c6d.jpg,600,450,36662
101262,9124,0,0,user_pics/9124/110309_5504337cb4.jpg,160,120,4132
35062,26,0,0,user_pics/26/01_dolphins__8_16_07_008x7cc.jpg,504,442,124148
107500,993,0,0,user_pics/993/a0a676_4712568a95.jpg,150,113,15567
139442,11208,0,0,user_pics/11208/img_02_abe7fa0bab.jpg,587,413,226545
176080,12130,0,0,user_pics/12130/fishy__461b7e3c45.jpg,433,577,43868
10267,0,0,0,user_pics/anonymous/01_Picture_035.bmp,352,288,304182
104492,778,0,0,user_pics/778/ikhvf._b5f7162a57.jpg,450,338,38308
88066,5829,0,0,user_pics/5829/dsc056_ffdd9c3718.jpg,480,320,98196
38098,4160,0,0,user_pics/4160/47_tank.jpg,600,450,247670
116727,1987,0,0,user_pics/1987/gulf-o_d6ddd43eb4.jpg,600,393,72080
85276,8106,0,1,user_pics/8106/malawi_270c334ea3.jpg,550,366,296722
116317,5311,0,1,user_pics/5311/soooo__f81ff363cd.jpg,1,180,298
3476,0,0,0,user_pics/anonymous/albums/malawi/B_rhoadesii_001.jpg,500,270,100694
3298,0,0,0,user_pics/anonymous/albums/malawi/Pro_taeniolatus_red_empress.jpg,500,206,77769
169621,12930,0,0,user_pics/12930/img_07_12f2bace17.jpg,298,327,171033
49420,1579,1,0,user_pics/1579/01_New_016.jpg,450,338,43213
62561,4827,0,1,user_pics/4827/4827____file_01_sbs_kissing.jpg,319,204,5300
83779,5311,0,0,user_pics/5311/burnou_ebf2de0ae8.jpg,410,285,28580
168306,12873,0,0,user_pics/12873/ec570a_d6cf49e44d.jpg,450,302,172656
154782,8830,0,0,user_pics/8830/picsar_30ef387461.jpg,489,489,420859
113859,9780,0,0,user_pics/9780/electr_0103e83e03.jpg,360,480,20679
14494,971,0,0,user_pics/971/01_C_salvini03-hona-johan_lindgren.jpg,500,375,48237
143128,7776,1,0,user_pics/7776/photo__737e5a1053.jpg,160,148,5993
182802,13909,0,0,user_pics/13909/img_20_94ddbcaf84.jpg,408,306,22389
110535,8728,0,0,user_pics/8728/angel._118bb89e4d.jpg,258,258,32414
80073,7574,0,0,user_pics/7574/img_31_4c730dbee3.jpg,592,444,200959
26071,2558,0,0,user_pics/2558/01_c902_1.jpg,400,203,13549
110348,9445,0,0,user_pics/9445/pictur_7ff58bc279.jpg,320,240,15665
105824,3584,0,0,user_pics/3584/large-_db1b3424ee.jpg,78,108,3629
8442,342,0,0,user_pics/342/01_Mirror_Mirror.jpg,522,386,41521
4843,0,0,0,user_pics/anonymous/01_90446076_308598367_0.jpg,250,250,16934
140040,3584,0,1,user_pics/3584/022760_ed51326832.jpg,421,281,89002
31518,2114,0,0,user_pics/2114/01_afra_nice.jpg,557,521,109842
12287,114,0,0,user_pics/114/01_DSCN0731.JPG,600,449,90619
61553,1579,1,0,user_pics/1579/01_More_Fish_009.jpg,500,375,36680
24025,2192,0,0,user_pics/2192/01_firemouth12.jpg,559,479,217608
66849,6652,0,0,user_pics/6652/6652____file_01_012.jpg,320,256,37949
16391,1077,0,0,user_pics/1077/01_photo002.jpg,352,288,43558
175576,12475,0,0,user_pics/12475/ask-qu_e16a790e52.jpg,550,334,18174
171683,13080,0,0,user_pics/13080/img_20_04febcd12b.jpg,320,240,32999
113591,8728,0,0,user_pics/8728/female_d70f563f18.jpg,258,258,34257
63402,2503,0,0,user_pics/2503/2503____file_01_ztilapia_003.jpg,512,384,37273
52207,5046,0,0,user_pics/5046/01_21-11-07_1744.jpg,160,120,4659
169354,12243,0,1,user_pics/12243/cartoo_6b7194b094.jpg,250,226,13611
101438,8887,0,0,user_pics/8887/bubble_201d7bdfa2.jpg,480,384,18779
57482,3868,0,0,user_pics/3868/01_1e2d4804870d.jpg,285,228,18868
175068,13299,0,0,user_pics/13299/136078_1a69c3a833.jpg,408,230,26070
114847,5674,0,0,user_pics/5674/img_15_45ebae2e16.jpg,512,428,121782
61405,1579,1,1,user_pics/1579/01_Zoo_Trip_096.jpg,500,375,44119
175070,13299,0,0,user_pics/13299/136078_726006496a.jpg,408,230,20163
128669,9669,0,1,user_pics/9669/post-5_d328de42d7.jpg,600,450,128723
181846,11502,0,0,user_pics/11502/201301_d488544dba.jpg,320,261,15139
179007,13004,0,1,user_pics/13004/s_arro_363bcaa79e.jpg,178,117,21177
19555,0,0,0,user_pics/anonymous/01_HPIM0602.jpg,320,238,58930
107835,3647,0,0,user_pics/3647/img_47_93d92d23d4.jpg,508,458,63186
41038,4215,0,1,user_pics/4215/01_bush.bmp,495,334,497046
3565,0,0,0,user_pics/anonymous/albums/malawi/PseudotropheusDemasoni1.jpg,575,334,58051
52433,5421,0,0,user_pics/5421/05_DSC00086.JPG,448,336,41731
49306,1579,1,0,user_pics/1579/01_New_001.jpg,450,365,81108
37038,4032,0,1,user_pics/4032/01_a_calvus_Chaitika03_daniel_andreasson.jpg,494,296,74470
14324,1007,0,0,user_pics/1007/01_qqq.bmp,352,288,304182
31479,3280,0,0,user_pics/3280/01_Fish_Tank_089.jpg,160,120,5259
61337,3584,0,0,user_pics/3584/29_025.JPG,450,338,54221
105135,9400,0,0,user_pics/9400/img_12_5ad555d3f9.jpg,490,368,40387
99323,8728,0,0,user_pics/8728/flamin_d406ab599e.jpg,406,406,53753
153193,11955,0,1,user_pics/11955/l_vp20_bf3d75fd1f.jpg,600,450,84931
41880,1692,0,0,user_pics/1692/09_untitled.bmp,567,263,298834
14866,1122,0,1,user_pics/1122/1122____file_9999_03_prue2.jpg,398,213,16109
12810,793,0,0,user_pics/793/01_moms_tank_2.JPG,576,432,28402
42319,123,0,0,user_pics/123/01_Dad_vs_Son_Medium.jpg,561,421,78730
94882,8672,0,0,user_pics/8672/mother_dc31a15e99.jpg,584,345,75740
38072,1579,1,0,user_pics/1579/1579____file_9999_30_FISH_003.jpg,500,375,46296
184648,12972,0,0,user_pics/12972/139110_f021372838.jpg,380,380,37106
2396,0,0,0,user_pics/anonymous/albums/american/P1010043.jpg,400,262,133849
161197,12211,0,0,user_pics/12211/questn_87aba31491.jpg,500,461,4264
9807,47,0,0,user_pics/47/01_IM000082.JPG,544,423,92812
189263,13302,0,0,user_pics/13302/2015-0_ad10413cff.jpg,401,240,83450
78454,5829,0,0,user_pics/5829/dsc047_ff3b96aca7.jpg,480,320,91039
24465,2192,0,0,user_pics/2192/01_babysev15.jpg,480,511,261423
4847,50,0,1,user_pics/50/01_Malawi_Dive.bmp,252,168,84738
4104,0,0,0,user_pics/anonymous/albums/other/DSCN2548.jpg,600,400,122740
2930,0,0,0,user_pics/anonymous/albums/tropheus/Tropheus_duboisi_maswa.jpg,371,178,11132
66119,6594,0,0,user_pics/6594/6594____file_01_s7300719.jpg,480,360,27138
15791,0,0,0,user_pics/anonymous/0____file_9999_10_2.jpg,258,258,23591
125302,10406,0,1,user_pics/10406/assbat_3a70433237.jpg,446,336,67172
8879,438,0,0,user_pics/438/01_Kenyi1.jpg,444,600,34187
183413,13934,0,0,user_pics/13934/imagej_520f2ce314.jpg,538,285,30345
54735,5563,0,1,user_pics/5563/01_custom-fish-tank.jpg,367,450,51483
5491,145,0,1,user_pics/145/01_not_sure.JPG,512,341,104633
94279,8751,0,0,user_pics/8751/245.jp_fd77845656.jpg,500,375,83443
16794,0,0,1,user_pics/anonymous/01_m_100506049.jpg,150,200,10198
7987,342,0,0,user_pics/342/01_Picture_139.jpg,598,518,70418
79745,7758,0,0,user_pics/7758/oscar__b9ad2f916b.jpg,320,240,12442
130889,10590,0,0,user_pics/10590/kain_2_a7e8fcf8d9.jpg,360,480,75576
36882,2690,0,0,user_pics/2690/01_ff2.jpg,470,321,16460
70640,5829,0,0,user_pics/5829/5829____file_01_jds.jpg,320,240,58372
143745,10802,0,1,user_pics/10802/3_bmp_efc876bc86.jpg,451,338,458382
26118,2317,0,0,user_pics/2317/01_04-15-07_2342.jpg,320,240,38733
5297,26,0,0,user_pics/26/01_29_gal_Sand_tank_016x7.jpg,504,378,149360
102506,993,0,0,user_pics/993/0bfaec_a8b3643ac1.jpg,150,113,16076
187372,14576,0,0,user_pics/12588/festae_1c20eea54a.jpg,354,449,92158
181812,13802,0,0,user_pics/13802/cam005_4c4297ea3a.jpg,307,176,16336
84790,7800,0,0,user_pics/7800/shark._00d16db22e.jpg,130,82,3273
95396,5829,0,0,user_pics/5829/dsc068_3273581ad9.jpg,480,320,98880
158660,12211,0,0,user_pics/12211/img_20_045e8f57a9.jpg,348,208,10293
185114,12903,0,0,user_pics/12903/dsc_03_0a07d02824.jpg,319,213,30415
12068,0,0,0,user_pics/anonymous/01_02.jpg,550,400,84406
186028,14331,0,1,user_pics/14304/083b2a_cb2196384f.jpg,450,338,60438
39385,4294,0,0,user_pics/4294/13_fish1.JPG,514,288,45178
119330,3584,0,0,user_pics/3584/3kf3m0_a73e28db65.jpg,300,199,6277
136672,11066,0,0,user_pics/11066/tank_s_821bd02a61.jpg,213,160,7046
32108,3451,0,0,user_pics/3451/03_Albino_Oscar.jpg,450,338,91210
5527,1208,0,0,user_pics/149/149____file_9999_02_Green_Terror.jpg,341,149,53981
94173,8740,1,0,user_pics/8740/new_00_4c6fe65c72.jpg,500,375,40777
183008,13934,0,0,user_pics/13934/images_ef83b124be.jpg,206,126,4487
113334,9401,0,0,user_pics/9401/img000_040f55bea6.jpg,480,352,62353
3494,0,0,0,user_pics/anonymous/albums/malawi/Taeniolethrinops_furcicauda_002.jpg,500,231,98872
53613,1954,0,0,user_pics/1954/01_blue.jpg,320,240,8338
190788,15529,1,1,user_pics/15529/95a04691-0cf1-4591-a72f-8b5e7b3257cf_download_4_.jpg,284,177,4298
62516,1579,1,0,user_pics/1579/1579____file_01_today_082.jpg,500,375,46789
49197,4332,0,0,user_pics/4332/01_BABYGIRL.jpg,170,227,12529
179199,13514,0,0,user_pics/13514/th_jpg_64df944b85.jpg,480,360,20416
42636,1579,1,0,user_pics/1579/1579____file_9999_08_FISH_015.jpg,500,375,41729
174199,12873,0,0,user_pics/12873/5e9182_678804e3fb.jpg,450,301,102454
39667,4332,0,0,user_pics/4332/01_albino_frog.jpg,171,228,6142
181326,11502,0,0,user_pics/11502/201307_7d97c7de3e.jpg,320,320,14683
178096,12873,0,0,user_pics/12873/start__08492b2224.jpg,450,450,34231
66502,6340,0,0,user_pics/6340/6340____file_01_dsc02156.jpg,450,338,84223
166749,12755,0,0,user_pics/12755/p_dema_4c849c1586.jpg,226,134,8772
18092,1683,0,0,user_pics/1683/01_erron.jpg,224,224,16879
171165,12577,0,0,user_pics/12577/change_f8ec46cb24.jpg,528,302,24571
40509,123,0,0,user_pics/123/01_African_Main_Left.jpg,466,349,68561
93622,3047,0,0,user_pics/3047/384207_a1c6fd0242.jpg,500,334,94589
61005,3584,0,0,user_pics/3584/36_009.JPG,450,338,37587
16509,1442,0,0,user_pics/1442/02_DSC00088.jpg,360,270,55926
10936,0,0,0,user_pics/anonymous/01_chiriasii_mei_x.jpg,320,240,30626
90503,7776,1,0,user_pics/7776/jake3._6b7ce3422d.jpg,275,175,144954
109049,7776,1,0,user_pics/7776/nascar_2bdf35ad7d.jpg,150,113,5119
1831,0,0,0,user_pics/anonymous/albums/user_gallery/AQUARIUM_0287.jpg,512,384,52315
62510,1579,1,0,user_pics/1579/1579____file_01_today_037.jpg,500,375,48349
54916,4827,0,0,user_pics/4827/01_rubysunshineOB.jpg,479,516,144376
79396,7574,0,0,user_pics/7574/img_28_86a9e247d4.jpg,448,336,102165
43070,4550,0,0,user_pics/4550/01_112507171500.jpg,240,320,55750
88223,7776,1,0,user_pics/7776/97c1db_9e0df8124a.jpg,130,97,26448
75937,2909,0,0,user_pics/2909/fishh._cd4bc437f3.jpg,600,450,34673
43068,4550,0,0,user_pics/4550/01_112507172244.jpg,320,240,54437
4821,0,0,0,user_pics/anonymous/01_christina.jpg,132,176,5345
82564,1840,0,0,user_pics/1840/s73091_441fc035d6.jpg,461,346,69783
51009,0,0,1,user_pics/anonymous/01_100_2001.JPG,450,300,46708
61250,3584,0,0,user_pics/3584/12_042.JPG,450,338,44695
60308,1978,0,0,user_pics/1978/03_mayan.jpg,200,150,7066
30578,3189,0,0,user_pics/3189/01_butter_and_Terror.jpg,500,335,86037
51718,5336,0,0,user_pics/5336/01_dadies-boy.jpg,396,298,19523
8863,438,0,1,user_pics/438/01_aqua46.jpg,600,452,44764
168145,11479,0,0,user_pics/11479/kamfa__7067bc3517.jpg,450,338,171941
5050,101,0,0,user_pics/101/01_100_7167.JPG,430,323,162980
123335,9642,0,0,user_pics/9642/protom_a7d8730252.jpg,425,307,72849
63569,4818,0,0,user_pics/4818/4818____file_01_l_af3ceeccbbfe9a77efc02eb3e1282294.gif,600,450,754474
94029,8728,0,0,user_pics/8728/jack.j_514057d573.jpg,406,406,54898
129478,10605,0,0,user_pics/10605/img_20_75e54a84b4.jpg,585,387,24596
59447,4624,0,0,user_pics/4624/01_flowerhorn_7.bmp,320,240,230454
11691,139,0,0,user_pics/139/01_calvus20.JPG,500,399,33730
66971,3130,0,0,user_pics/3130/3130____file_01_226.bmp,452,363,492282
45897,2871,0,0,user_pics/2871/06_DSC00338.JPG,600,450,497221
47881,4990,0,0,user_pics/4990/03_p.bmp,160,120,57654
19165,1061,0,0,user_pics/1061/01_HPIM1353.JPG,320,238,51610
62809,1579,1,0,user_pics/1579/1579____file_01_today_074.jpg,500,375,32994
82229,5829,0,0,user_pics/5829/dsc051_81f9749f0e.jpg,480,360,98947
118852,7776,1,0,user_pics/7776/bh_jpg_3d253e6ed8.jpg,133,116,5411
52797,4827,0,0,user_pics/4827/01_fight2.jpg,568,480,218775
84071,5829,0,0,user_pics/5829/dsc053_d92268927b.jpg,480,320,75050
40898,3047,0,0,user_pics/3047/52_fish.jpg,200,150,5491
18549,778,0,0,user_pics/778/01_Salvini.jpg,450,337,66095
6190,0,0,0,user_pics/anonymous/01_Kamerons_tank.jpg,526,396,28315
139532,11212,0,0,user_pics/11212/multis_66e6ef241d.jpg,500,333,140694
20157,1772,0,0,user_pics/1772/01_untitled.JPG,540,362,28990
19172,1061,0,0,user_pics/1061/01_HPIM1374.JPG,286,240,41913
89696,8426,0,0,user_pics/8426/jonas._2a9dbf9789.jpg,221,166,9560
43250,4631,0,0,user_pics/4631/01_DSC00062_2.jpg,320,240,24328
13008,0,0,0,user_pics/anonymous/01_blue2_6c76c6501ed336d2fd02aabe8941a3ee.jpg,320,240,9355
61444,3584,0,0,user_pics/3584/12_040.JPG,450,338,59587
7869,375,0,0,user_pics/375/01_tn2.jpg,600,450,29563
86453,7518,0,0,user_pics/7518/1_9068_22317d90cb.jpg,464,344,28397
13551,0,0,0,user_pics/anonymous/01_pete20.jpg,600,450,57362
10930,0,0,0,user_pics/anonymous/01_Image012.jpg,352,288,93603
5140,0,0,1,user_pics/anonymous/01_259444537.jpg,115,77,2073
94038,8728,0,0,user_pics/8728/orange_84f6dfb226.jpg,406,406,55072
7569,0,0,0,user_pics/anonymous/01_09-01-06_2150.jpg,320,240,12830
150122,11630,0,0,user_pics/11630/electr_4a429f11df.jpg,111,80,4814
126152,9403,0,0,user_pics/9403/cartoo_816e4d6988.jpg,600,259,51080
101046,6551,0,1,user_pics/6551/baby.j_1775f14a8b.jpg,336,248,25183
179570,12475,0,0,user_pics/12475/img_20_f56fef2faf.jpg,352,203,30169
162944,12338,0,0,user_pics/12338/133921_96c6e53e8e.jpg,384,265,26521
37440,4032,0,0,user_pics/4032/02_protomelas_steveni.jpg,500,375,25587
10429,273,0,0,user_pics/273/01_geophagus2.jpg,425,283,136265
175621,13254,0,0,user_pics/13254/201302_fa6d63c183.jpg,293,193,16000
76082,6480,0,0,user_pics/6480/fish.j_64e3a86a14.jpg,450,338,82264
61511,3584,0,0,user_pics/3584/16_034.JPG,450,338,52090
95142,5829,0,0,user_pics/5829/dsc067_524a412127.jpg,480,320,70897
114512,5901,0,0,user_pics/5901/jacob__806b55e7c5.jpg,437,314,346024
148805,4615,0,0,user_pics/4615/best_o_74f26b104f.jpg,160,160,8476
168895,12915,0,0,user_pics/12915/thai_s_9f3be324cf.jpg,274,179,44519
109752,9445,0,0,user_pics/9445/pictur_14d73408c3.jpg,320,240,16069
94512,8728,0,0,user_pics/8728/pike2._242d34981f.jpg,406,406,72046
109648,9612,0,0,user_pics/9612/red_z1_356ee15f83.jpg,600,400,83357
190055,15273,0,0,user_pics/15273/23faf1_ede90f4b71.jpg,110,110,6564
64716,5203,0,0,user_pics/5203/5203____file_01_fronts1.bmp,480,360,518454
93023,5046,0,0,user_pics/5046/photo0_01cf9bb87a.jpg,320,240,28546
171261,12944,0,0,user_pics/12944/super__c8d226f338.jpg,360,480,20038
22170,2234,0,0,user_pics/2234/01_rs3.jpg,540,406,116205
164114,11339,0,0,user_pics/11339/questi_c7a444c407.jpg,225,225,2711
22,0,0,0,user_pics/anonymous/albums/tankgallery/malawi_nature_oficial.jpg,600,450,52538
118352,9642,0,0,user_pics/9642/l_5284_8a18a59b39.jpg,526,411,39638
4732,0,0,0,user_pics/anonymous/02_85020422_288978344_0.jpg,250,250,11453
16543,1077,0,1,user_pics/1077/02_photo002.jpg,176,144,9940
47367,4581,0,0,user_pics/4581/01_casal.jpg,128,96,3876
14491,971,0,0,user_pics/971/01_n_tetracantha_05-mikael-wiik.jpg,500,336,96523
22748,2278,0,0,user_pics/2278/03_front.jpg,320,240,22531
36019,1061,0,0,user_pics/1061/01_HPIM2011.JPG,320,238,72962
114219,8728,0,0,user_pics/8728/jd_pai_40cd7b8611.jpg,258,258,32166
9450,523,0,0,user_pics/523/01_king6.jpg,575,390,65972
62811,1579,1,0,user_pics/1579/1579____file_01_today_086.jpg,500,375,50752
3362,0,0,0,user_pics/anonymous/albums/malawi/Name_Me_Too_101_0058.jpg,500,371,71103
3385,0,0,0,user_pics/anonymous/albums/malawi/fish_tank_001.jpg,562,426,34633
55261,3868,0,0,user_pics/3868/03_e27386dd1e1b.jpg,304,228,17610
189543,15035,0,0,user_pics/15035/img_20_a4576d1107.jpg,518,518,134501
79642,7711,0,0,user_pics/7711/000_00_e5c8777a7d.jpg,400,299,52772
22489,1579,1,0,user_pics/1579/01_albino_rubescens_2.JPG,416,309,27599
82264,1840,0,0,user_pics/1840/s73083_b62abe45c5.jpg,492,369,57675
10431,273,0,1,user_pics/273/273____file_9999_02_GT.jpg,425,283,128367
44457,4304,0,0,user_pics/4304/01_yellow_morph_2.jpg,348,293,15573
166915,11479,0,0,user_pics/11479/acid_t_a86afc29b0.jpg,580,506,103245
66879,4304,0,0,user_pics/4304/4304____file_01_img_1221.jpg,439,435,112810
23283,2192,0,0,user_pics/2192/01_kitty14.jpg,579,480,357297
109669,9613,0,0,user_pics/9613/male_c_e9386433e0.jpg,250,219,13770
36876,4033,0,0,user_pics/4033/26_3.jpg,428,285,158163
75599,7420,0,0,user_pics/7420/p10102_ffa1c7ba38.jpg,448,336,45707
119056,10059,0,0,user_pics/10059/photo0_1ee72b071e.jpg,240,240,14916
106568,8672,0,0,user_pics/8672/jad23j_e00719d1fd.jpg,589,404,178117
95013,8728,0,0,user_pics/8728/flamin_cd1c73b01e.jpg,406,406,41050
358,0,0,0,user_pics/anonymous/albums/tankgallery/6_G_001.jpg,400,267,29139
14517,1061,0,0,user_pics/1061/01_HPIM0136.JPG,320,238,72921
11862,0,0,0,user_pics/anonymous/01_Photo_#27.jpg,320,240,7772
117190,5674,0,0,user_pics/5674/img001_843ef646a2.jpg,320,240,21818
149670,3584,0,0,user_pics/3584/296878_15d24b878e.jpg,449,309,38130
168404,11479,0,0,user_pics/11479/photoc_d28063bd0b.jpg,450,338,18751
44960,26,0,0,user_pics/26/01_ae49acc034.jpg,430,287,47671
18120,745,0,1,user_pics/745/04_clavis.JPG,500,396,41475
60606,5492,0,0,user_pics/5492/02_offthehook.jpg,507,354,201553
981,0,0,0,user_pics/anonymous/albums/tankgallery2/after_2.jpg,320,240,61849
37867,4159,0,0,user_pics/4159/01_julidochromis_transcriptus.JPG,564,450,40561
160754,12396,0,0,user_pics/12396/087_jp_8226448af0.jpg,423,317,42370
149286,11780,0,0,user_pics/11780/cichli_542f1fb734.jpg,480,358,84453
109750,9445,0,0,user_pics/9445/pictur_6ddc601fce.jpg,320,240,18161
190126,15273,0,0,user_pics/15273/320536_f01d7d6ce1.jpg,130,97,29420
94735,5829,0,0,user_pics/5829/dsc067_c070b8d1b4.jpg,480,320,81461
144108,11413,0,0,user_pics/11413/9e94b7_4c34d1f570.jpg,450,338,62261
127665,10505,0,0,user_pics/10505/zoe_lo_86e967c64f.jpg,270,360,64759
12701,0,0,0,user_pics/anonymous/01_Picture(16).jpg,320,240,7941
65028,753,0,0,user_pics/753/753____file_01_th_dscf1695-1.jpeg,160,120,4048
29172,2415,0,0,user_pics/2415/01_Lab_Pearlmutt.jpg,320,240,44873
31167,3336,0,0,user_pics/3336/02_06-22-07_0141.jpg,320,240,54633
2885,0,0,0,user_pics/anonymous/albums/frontosa/frontosa_1.jpg,467,347,36919
94237,8728,0,0,user_pics/8728/red_he_0ffa596218.jpg,406,406,46991
179843,7776,1,0,user_pics/7776/wolf_s_85f2b97d5f.jpg,120,90,3672
24469,2192,0,0,user_pics/2192/01_geos20.jpg,575,479,238850
87159,7776,1,0,user_pics/7776/earnha_f5d8ec999e.jpg,448,336,47750
60918,1579,1,0,user_pics/1579/01_FISH_119.jpg,500,375,66755
105938,9403,0,0,user_pics/9403/photo0_53c7d06edc.jpg,400,240,19191
3247,0,0,0,user_pics/anonymous/albums/malawi/Copadichromis_Borleyi_Kadan.jpg,500,375,77113
32423,3462,0,0,user_pics/3462/01_white_tail.jpg,585,402,45747
87669,8204,0,0,user_pics/8204/edwj9c_ca91fa2429.jpg,150,113,4453
6509,0,0,0,user_pics/anonymous/01_DCP_0095.JPG,576,432,77816
98672,9009,0,0,user_pics/9009/mar_11_7ca16d76e5.jpg,424,318,110914
160662,11584,0,0,user_pics/11584/39958__e3bafdfaae.jpg,370,370,89060
156809,3584,0,0,user_pics/3584/408076_4d07d51d1b.jpg,215,206,9737
36738,1579,1,0,user_pics/1579/01_NEW_010.jpg,450,338,44138
190864,23,0,1,user_pics/23/6d324f5b-9f7a-42e4-9dfb-720f038b4abc_test_no.1_and_going_bad.jpg,500,333,860270
11260,0,0,0,user_pics/anonymous/01_protomelas_steveni_taiwan_03.jpg,550,344,50744
94851,8553,0,0,user_pics/8553/400_sm_55f76935db.jpg,275,275,67522
83440,5829,0,0,user_pics/5829/dsc052_eb04ef6031.jpg,480,360,107757
148219,11057,0,0,user_pics/11057/oscar__f4b867ca5e.jpg,320,240,29056
189112,12552,0,0,user_pics/12628/hpim00_808fa955cd.jpg,296,283,52668
120539,10059,0,0,user_pics/10059/photo0_3a23e6044f.jpg,240,240,8957
32235,0,0,0,user_pics/anonymous/01_lemonbestnew.jpg,400,279,71754
12858,0,0,0,user_pics/anonymous/01_rams.jpg,428,322,15543
152107,11479,0,0,user_pics/11479/parasi_8f55121481.jpg,311,315,23339
80480,5829,0,0,user_pics/5829/dsc050_2f25382d11.jpg,480,360,93423
20480,1368,0,1,user_pics/1368/01_Electric_Blue_Dempsey.bmp,442,284,251122
19042,1061,0,0,user_pics/1061/01_HPIM1363.JPG,320,240,52026
171465,13514,0,0,user_pics/12280/riddle_851edeb85e.jpg,120,300,7076
52111,5390,0,0,user_pics/5390/01_2.2.jpg,406,406,32131
47927,5014,0,0,user_pics/5014/01_Firemouth_+_dempsey.tiff,339,252,346412
13467,47,0,0,user_pics/47/01_My_cave!.jpg,468,312,48105
69600,4294,0,0,user_pics/4294/4294____file_01_frytank.jpg,450,600,50298
4066,0,0,0,user_pics/anonymous/albums/other/guppies118041.jpg,500,427,261768
132604,7776,1,0,user_pics/7776/smile__7fae031ec4.jpg,193,196,113734
3847,0,0,0,user_pics/anonymous/albums/african/Dora_2.jpg,294,187,26875
31933,1058,0,0,user_pics/1058/01_75gall03.jpg,438,584,49302
62512,1579,1,0,user_pics/1579/1579____file_01_today_042.jpg,500,375,46037
39893,2114,0,0,user_pics/2114/01_frontosa_0ct_18.jpg,385,322,84500
153447,11985,0,0,user_pics/11985/132556_fff65a1647.jpg,512,384,28461
94060,8721,1,0,user_pics/8721/pm2_03_d7fffac60f.jpg,500,375,77210
102874,9274,0,0,user_pics/9274/dec_09_1456151e60.jpg,584,489,93233
60991,1579,1,0,user_pics/1579/01_FISH_096.jpg,500,375,41475
71969,6340,0,0,user_pics/6340/a3282f_548af6e5f5.jpg,160,131,6405
179346,12552,0,0,user_pics/12552/bdjd_b_e1076fda1d.jpg,327,211,207678
3868,0,0,0,user_pics/anonymous/albums/african/3GallonTank2.jpg,420,243,53852
93910,8721,1,0,user_pics/8721/a12.jp_20d42ac07d.jpg,500,375,60801
179320,13531,0,0,user_pics/13531/snapsh_5279bae7ac.jpg,494,371,252007
2921,0,0,0,user_pics/anonymous/albums/album07/similis.jpg,394,303,50523
60906,3584,0,0,user_pics/3584/04_076.JPG,450,338,40960
158733,9548,0,0,user_pics/9548/523065_1e480a1eee.jpg,320,249,10167
11239,0,0,0,user_pics/anonymous/02_Image011.jpg,352,288,90691
29101,2940,0,0,user_pics/2940/02_dijon.JPG,384,288,39219
10513,615,0,0,user_pics/615/02_IM000462.JPG,544,416,97280
3064,0,0,0,user_pics/anonymous/albums/malawi/a2.jpg,473,480,86361
61389,1579,1,0,user_pics/1579/01_Zoo_Trip_003.jpg,500,375,60007
81218,5829,0,0,user_pics/5829/dsc050_e219a718b7.jpg,480,320,83091
3478,0,0,0,user_pics/anonymous/albums/malawi/Cop_geertsi_001.jpg,500,360,100039
173890,13211,0,1,user_pics/13211/africa_610748d330.jpg,275,183,11251
20728,2063,0,0,user_pics/2063/01_the_boys.jpg,500,375,143241
10674,540,0,0,user_pics/540/01_blue_1.jpg,400,170,40297
32227,3462,0,0,user_pics/3462/11_Picture_041.jpg,567,303,36669
58732,2626,0,0,user_pics/2626/01_DSC01068.jpg,360,202,34219
169173,12930,0,1,user_pics/12930/chaire_3282b0665d.jpg,500,338,182793
101594,9168,0,0,user_pics/9168/eheim2_e9fb940ae8.jpg,300,300,12127
166491,11479,0,0,user_pics/11479/driftw_a41aa64117.jpg,360,480,15555
109416,9528,0,0,user_pics/9528/ob3.jp_c4023cc175.jpg,512,384,35134
174225,7776,1,0,user_pics/7776/skullf_74d42a53c1.jpg,150,100,3796
96486,8672,0,1,user_pics/8672/toilet_d5cd578d70.jpg,300,315,72125
1046,0,0,0,user_pics/anonymous/albums/album22/000_0046.jpg,517,344,42708
75497,3584,0,0,user_pics/3584/timeti_402bfa347b.jpg,550,418,78562
56211,4546,0,0,user_pics/4546/01_weddingroom.jpg,480,321,43715
11864,0,0,0,user_pics/anonymous/01_Photo_#29.jpg,320,240,13100
144841,5603,0,0,user_pics/5603/dsc_00_ab62e82abf.jpg,467,300,106329
146437,3584,0,1,user_pics/3584/stop_h_8588a26fcd.jpg,512,512,10668
57195,5866,0,0,user_pics/5866/01_thm_phpdd4KZM.jpg,400,300,18606
87425,7294,0,0,user_pics/7294/questi_dcec2fb573.jpg,512,384,589878
81614,7427,0,0,user_pics/7427/fishcl_096cdc1931.jpg,600,450,50259
109749,9445,0,0,user_pics/9445/pictur_2228cae0b8.jpg,320,240,14335
132824,10433,0,0,user_pics/10433/3_jpg_4938bf2c30.jpg,533,400,100839
99790,8767,0,0,user_pics/8767/whodat_394c29ede9.jpg,190,70,1208
126896,9669,0,0,user_pics/9669/questi_a8dd2b18d8.jpg,540,540,16140
2809,0,0,0,user_pics/anonymous/albums/american/GTGOOD_001.jpg,442,286,17872
1830,0,0,0,user_pics/anonymous/albums/user_gallery/AQUARIUM_0285.jpg,512,384,53542
138288,9725,0,0,user_pics/9725/sciaen_47c92b5ed5.jpg,520,390,112225
1068,0,0,0,user_pics/anonymous/albums/album22/000_0774.jpg,490,370,46021
181955,13604,0,0,user_pics/13604/8dd300_93982df43f.jpg,150,150,2715
177512,12764,0,0,user_pics/12764/jalo_j_701e039154.jpg,150,87,3571
188452,14745,0,0,user_pics/14745/6_jpg_e0d216012d.jpg,600,450,322935
96897,5829,0,0,user_pics/5829/dsc069_b435a4262a.jpg,480,320,96290
35407,3756,0,0,user_pics/3756/12_fish1.jpg,320,240,5564
163613,11479,0,0,user_pics/11479/zelda__204f4b3a5e.jpg,450,338,153634
118828,1987,0,0,user_pics/1987/spill__9740a9a1e2.jpg,600,450,52612
139524,11212,0,0,user_pics/11212/cleo_j_eda40bce9d.jpg,500,333,162933
143306,11005,0,0,user_pics/11005/132_jp_0ec310faff.jpg,320,240,23987
16833,778,0,0,user_pics/778/01_737ec88502.jpg,430,323,18698
49084,26,0,0,user_pics/26/01_d30ce82082.jpg,430,298,43543
17780,1649,0,0,user_pics/1649/01_aquarium_003.bmp,400,302,362454
63058,6264,0,0,user_pics/6264/6264____file_01_pike.jpg,320,240,66593
122866,10004,0,0,user_pics/10004/photo-_a8875291df.jpg,400,300,48155
62115,3764,0,1,user_pics/3764/3764____file_01_kribs2.jpg,577,420,235212
84510,3584,0,0,user_pics/3584/this-i_c387883485.jpg,376,500,47280
99031,6149,0,0,user_pics/6149/red_sl_d2822abd26.jpg,567,378,131127
1648,0,0,0,user_pics/anonymous/albums/album22/green.jpg,500,381,26577
98919,6149,0,0,user_pics/6149/carpin_6866c4f657.jpg,567,378,133656
25402,1597,0,0,user_pics/1597/01_CIMG4968.JPG,320,240,70235
8083,26,0,1,user_pics/26/26____file_9999_03_12.jpg,500,375,103496
47929,5014,0,0,user_pics/5014/01_Fish.tiff,342,253,350804
3496,0,0,0,user_pics/anonymous/albums/malawi/electra_new_type.jpg,600,303,164951
107152,9504,0,0,user_pics/9504/ilumin_9b8d52dc41.jpg,140,55,28092
22008,2114,0,0,user_pics/2114/01_white_clearer_2.jpg,600,450,217973
43127,4624,0,0,user_pics/4624/01_mhpjpkojhoplklpojoj.bmp,320,240,230454
61532,1579,1,0,user_pics/1579/01_Empress_012.jpg,500,375,41313
6298,0,0,0,user_pics/anonymous/02_5.jpg,150,113,5237
52990,5484,0,0,user_pics/5484/01_P1000840.JPG,495,294,37212
175198,12873,0,0,user_pics/12873/631ecf_2ddaf1c7e8.jpg,130,97,14387
57613,5523,0,0,user_pics/5523/01_full_pic_of_tank.bmp,320,240,230454
161072,12211,0,0,user_pics/12211/questn_8b87c8f3a4.jpg,500,461,4264
125026,9805,0,0,user_pics/9805/super__91620d98d5.jpg,411,335,120407
5293,123,0,0,user_pics/123/01_9341c.jpg,300,200,12475
76832,1863,0,0,user_pics/1863/4-10-0_f7359efc35.jpg,455,140,44652
177092,13159,0,0,user_pics/13159/green__ac455ebc28.jpg,448,336,22788
98924,6149,0,0,user_pics/6149/red_te_77c0486f29.jpg,567,378,159381
23609,2192,0,0,user_pics/2192/01_sevs25.jpg,523,480,150017
77808,7546,0,0,user_pics/7546/b157_2_b47b701a7b.jpg,200,176,5830
148086,8210,0,0,user_pics/8210/zacspi_7265da9430.jpg,544,400,100876
115086,7776,1,0,user_pics/7776/getatt_097fe3748e.jpg,600,450,50659
135520,10816,0,0,user_pics/10816/ven_jp_d5eead021f.jpg,320,240,41819
5840,0,0,0,user_pics/anonymous/03_9183a.jpg,500,375,20061
9633,0,0,0,user_pics/anonymous/02_fish8.jpg,576,383,134015
112369,8728,0,0,user_pics/8728/pf-pro_5581e476dd.jpg,460,288,9663
65467,6238,0,0,user_pics/6238/6238____file_01_pic13.jpg,150,113,2602
171615,11877,0,0,user_pics/11877/196111_d519737222.jpg,500,499,47680
111559,8746,0,0,user_pics/8746/fake_s_b116838314.jpg,326,434,29481
185658,12903,0,0,user_pics/12903/dsc_03_ee591e37fb.jpg,319,213,29815
168221,10747,0,0,user_pics/10747/7feb81_5f584b59c8.jpg,450,269,21098
39590,4332,0,0,user_pics/4332/03_oscars.jpg,171,228,7399
74423,7253,0,0,user_pics/7253/7253____file_01_1f01g61313mb3p83la8bh07017ee86e661aa4.jpg,300,192,7478
67241,6705,0,0,user_pics/6705/6705____file_01_bumblebee.jpg,320,240,28992
50524,5222,0,1,user_pics/5222/01_cyclopsalbino1.jpg,341,249,96012
116004,6149,0,0,user_pics/6149/jd2_jp_9ef6d06678.jpg,567,378,174185
37111,26,0,0,user_pics/26/01_Midas__and_tank__Sept_14_07_028x10cc.jpg,504,291,136246
35447,3868,0,0,user_pics/3868/01_f1d8f772f993.jpg,304,228,15363
4772,0,0,1,user_pics/anonymous/01_09-05-05_2010.jpg,320,240,8374
2408,0,0,0,user_pics/anonymous/albums/american/Babs_Wet_Pets_11_29_03_Fmidas_r.jpg,432,288,80511
151874,11187,0,0,user_pics/11187/120401_2671747dce.jpg,320,240,29844
100728,6149,0,0,user_pics/6149/green__c0ec0592a3.jpg,567,378,179940
166145,8887,0,0,user_pics/8887/displa_ddc4cde32d.jpg,221,166,6009
12683,0,0,0,user_pics/anonymous/01_Image041.jpg,320,240,24134
158824,982,0,0,user_pics/982/images_c4821bb2f4.jpg,246,205,14558
24308,2114,0,0,user_pics/2114/01_newest_peacock.jpg,600,450,48937
29318,1835,0,0,user_pics/1835/01_Picture_30.jpg,320,240,15589
142810,10794,0,0,user_pics/10794/albino_8773c14182.jpg,446,600,77827
168723,12873,0,0,user_pics/12873/e431e6_b234d2d43c.jpg,450,238,154176
171686,12873,0,0,user_pics/12873/ebf09e_0219ae1acc.jpg,150,74,3279
5689,0,0,0,user_pics/anonymous/02_fish3.jpg,360,514,87745
169626,12873,0,0,user_pics/12873/31eafd_37fa24eaf8.jpg,450,338,57709
132174,10794,0,0,user_pics/10794/lwanda_a4fce04169.jpg,450,302,49582
171656,12944,0,0,user_pics/12944/rd2_jp_fed9208a8a.jpg,240,320,11385
171913,13087,0,0,user_pics/13087/135589_54795422c6.jpg,578,451,67424
4993,0,0,0,user_pics/anonymous/02_Picture_108.jpg,320,240,41964
88165,5829,0,0,user_pics/5829/dsc056_e852c8d607.jpg,480,320,71227
54220,2473,0,0,user_pics/2473/01_pERCH.jpg,450,253,40960
143013,11339,0,0,user_pics/11339/gt_lip_047782ff56.jpg,221,166,7306
94817,8728,0,0,user_pics/8728/mama.j_c9643e3d78.jpg,406,406,63614
61565,1579,1,0,user_pics/1579/01_Pleco_7.jpg,500,375,60706
143024,11168,0,0,user_pics/11168/2inchm_c9e732f4a2.jpg,533,400,23795
141167,11009,0,0,user_pics/11009/questi_7ca0ff47e5.jpg,311,310,6572
3392,0,0,0,user_pics/anonymous/albums/malawi/Blue_Cobalt_Zebras_Mating_Dance.jpg,401,326,55919
75199,23,1,1,user_pics/23/logo.jcc7ae27114.jpg,400,120,28114
168708,11324,0,0,user_pics/11324/smiley_b9ececc08c.jpg,250,247,7534
41437,4368,0,1,user_pics/4368/02_Project29.png,500,375,1539674
99330,8728,0,0,user_pics/8728/tire_t_de42fab9e8.jpg,406,406,58323
65850,5723,0,0,user_pics/5723/5723____file_01_fish6.jpg,600,450,58479
96208,8728,0,0,user_pics/8728/2.jpg_30c90010c5.jpg,406,406,52362
189581,15054,0,0,user_pics/15054/img_23_07780555a6.jpg,580,435,141888
75774,7427,0,0,user_pics/7427/fishta_dba74172eb.jpg,600,450,58983
31634,3270,0,0,user_pics/3270/10_4.jpg,125,125,9108
186030,14326,0,0,user_pics/14326/placid_c8fcf42513.jpg,479,363,63338
77890,5829,0,0,user_pics/5829/dsc046_a6cd2accc5.jpg,480,360,113789
123957,10170,0,0,user_pics/10170/questi_e956a7f63c.jpg,300,400,32153
182564,8887,0,0,user_pics/8887/photo0_14c1bf2cef.jpg,320,240,27386
14152,960,0,0,user_pics/960/09_tank1.JPG,585,389,97409
93360,5829,0,0,user_pics/5829/dsc064_c40ab26663.jpg,480,320,84145
140035,10603,0,0,user_pics/10603/graphi_ed9b387ec4.jpg,500,343,53111
1019,0,0,0,user_pics/anonymous/albums/tankgallery2/141_G.jpg,400,300,22799
73124,5829,0,0,user_pics/5829/5829____file_01_dsc03217.jpg,480,360,99501
3030,0,0,0,user_pics/anonymous/albums/malawi/03_02_28_fishtank_yellowlab.jpg,500,393,49138
97516,8767,0,0,user_pics/8767/arthur_e54ea81689.jpg,600,401,47303
5474,0,0,0,user_pics/anonymous/01_Cap0016.BMP,320,240,230454
3259,0,0,0,user_pics/anonymous/albums/malawi/M_auratus_female_fry.jpg,400,191,66342
23042,1994,0,0,user_pics/1994/01_th_Picture005_edited.jpg,158,86,5504
2073,0,0,0,user_pics/anonymous/albums/user_gallery/Blue_Ram_Long_Fin.jpg,529,376,35288
14068,0,0,0,user_pics/anonymous/01_08-30-06_2208.jpg,320,240,9054
2548,0,0,0,user_pics/anonymous/albums/american/f_one_line_dragon.jpg,512,384,40999
181793,11502,0,0,user_pics/11502/201303_d185dd0b35.jpg,170,74,4462
72325,6241,0,0,user_pics/6241/6241____file_01_2008sep11peacocks-dsc_2638.jpg,560,372,21409
102873,9274,0,0,user_pics/9274/dec_09_b6d9fbac61.jpg,584,489,70955
155361,12076,0,0,user_pics/12076/photo-_68d33fbe16.jpg,320,240,36298
79994,7574,0,0,user_pics/7574/img_31_d2a617c5b9.jpg,439,329,96960
51741,5339,0,1,user_pics/5339/01_discus_tank.jpg,350,263,62034
43657,4581,0,0,user_pics/4581/01_Bandeira.jpeg,320,240,7815
1067,0,0,0,user_pics/anonymous/albums/album22/000_0728.jpg,572,432,51957
166811,12755,0,0,user_pics/12755/snow_w_5c5f479592.jpg,226,134,7791
3167,0,0,0,user_pics/anonymous/albums/malawi/albi.jpg,367,230,34527
32836,1061,0,0,user_pics/1061/01_HPIM1763.JPG,319,205,44377
177885,11324,0,0,user_pics/11324/1b9a11_2c5b11aca4.jpg,450,287,148196
3647,0,0,0,user_pics/anonymous/albums/malawi/Say_again_please.jpg,590,589,90331
170359,12873,0,0,user_pics/12873/640857_4b8d9073df.jpg,450,338,126192
102263,8728,0,0,user_pics/8728/sertwe_82b0a3982a.jpg,258,258,37325
13631,615,0,0,user_pics/615/01_IM000248.JPG,512,384,103264
35838,3858,0,0,user_pics/3858/01_untitled2.bmp,320,240,230454
158969,12211,0,0,user_pics/12211/img_20_de214c5766.jpg,307,377,15080
51175,5109,0,0,user_pics/5109/01_yellowmale.jpg,400,164,19648
67235,6705,0,0,user_pics/6705/6705____file_02_my_tank.jpg,320,240,33367
60767,5927,0,0,user_pics/5927/01_fwcichlidsmp1209572487.jpg,474,300,94510
60455,1579,1,0,user_pics/1579/01_newcat.jpg,500,375,59546
111875,9733,0,0,user_pics/9733/pictur_9123752010.jpg,418,336,67672
169927,11584,0,0,user_pics/11584/s1_jpg_8e535d250e.jpg,225,300,32578
68124,6092,0,0,user_pics/6092/6092____file_01_08-06-08_0011.jpg,320,240,5992
3158,0,0,0,user_pics/anonymous/albums/malawi/Cnv0010.jpg,499,329,32088
8516,438,0,0,user_pics/438/01_severumweeds.jpg,361,480,50894
79816,1840,0,0,user_pics/1840/s73087_d78fb2db68.jpg,592,444,56623
84825,3584,0,0,user_pics/3584/knee_a_664ae5684c.jpg,300,294,17963
15392,123,0,0,user_pics/123/01_Red_Leopard.JPG,347,320,204101
172809,12873,0,0,user_pics/12873/1773ea_21a860aeec.jpg,450,338,46590
17741,1649,0,0,user_pics/1649/08_fish3.jpg,600,450,35871
104586,9369,0,0,user_pics/9369/agento_2c12746d8a.jpg,512,384,32091
178995,13004,0,1,user_pics/13004/dragon_bd00be7307.jpg,600,450,99232
110354,9445,0,0,user_pics/9445/pictur_453f6e1032.jpg,320,240,19291
1155,0,0,0,user_pics/anonymous/albums/album22/113_1325_1_edited.jpg,586,361,71461
35366,3868,0,0,user_pics/3868/01_68c8ffd280f4.jpg,304,228,17937
126883,9174,0,0,user_pics/9174/dsc019_fbe93d8798.jpg,362,515,65329
137983,8203,0,0,user_pics/8203/abc123_2ac1b72a57.jpg,113,150,21705
6300,0,0,0,user_pics/anonymous/01_90220420869_100_1.jpg,104,104,4118
60973,1579,1,0,user_pics/1579/01_FISH_063.jpg,500,375,49237
143374,10794,0,0,user_pics/10794/hongi0_4e2f7ad363.jpg,548,350,62510
4954,84,0,0,user_pics/84/01_93414869_319345550_0.jpg,250,250,11885
60430,3868,0,0,user_pics/3868/01_fh.jpg,285,228,20355
4908,0,0,0,user_pics/anonymous/01_Brutis.jpg,491,416,96121
53894,5563,0,0,user_pics/5563/01_listing_pic.jpg,432,348,186466
120551,10059,0,0,user_pics/10059/photo0_5420f604c4.jpg,240,240,14825
85279,8106,0,1,user_pics/8106/malawi_9b8eb1427f.jpg,550,224,206211
165238,12672,0,0,user_pics/12672/img_20_2200bc66e4.jpg,459,252,14745
44331,4370,0,0,user_pics/4370/01_Bigeyes.jpg,600,450,53450
127813,10527,1,0,user_pics/10527/old_fr_f41ea960e2.jpg,213,172,5692
175780,10757,0,0,user_pics/10757/3n13k8_71fdd1ea51.jpg,600,337,20177
1530,0,0,0,user_pics/anonymous/albums/album22/RESTING.jpg,595,482,38266
14437,0,0,1,user_pics/anonymous/0____file_9999_14_Picture_002.jpg,160,120,10005
8524,438,0,0,user_pics/438/01_acara6.jpg,600,468,67216
166275,11203,0,0,user_pics/11203/rip-23_dbd8189d5f.jpg,600,464,112626
44699,1579,1,0,user_pics/1579/01_01_hongi12-16.jpg,600,450,47245
75597,7420,0,0,user_pics/7420/p10102_8916b7a2e0.jpg,448,336,43847
125309,10406,0,1,user_pics/10406/assbat_d9de005d9d.jpg,446,336,67172
170214,12944,0,0,user_pics/12944/srt10__57873094bf.jpg,274,206,8008
48704,1579,1,0,user_pics/1579/03_New_016.jpg,450,433,35276
4875,0,0,0,user_pics/anonymous/01_91250946_311499237_0.jpg,250,250,16972
26581,2788,0,0,user_pics/2788/07_cichlid.jpg,179,189,26584
41534,3726,0,0,user_pics/3726/01_mi.jpg,150,113,3194
3475,0,0,0,user_pics/anonymous/albums/malawi/aul_stuartgranti_sanga_001.jpg,500,196,93346
159969,7776,1,0,user_pics/7776/jason__29fcfd4bab.jpg,272,204,6065
42775,4210,0,0,user_pics/4210/01_fish_unknown__archocentrus_septemfasciatus_x_.jpg,450,300,17433
125306,10406,0,1,user_pics/10406/assbat_f9cdacff47.jpg,446,336,67172
3422,0,0,0,user_pics/anonymous/albums/malawi/O_silvertorpedo.jpg,500,222,99287
36875,4033,0,0,user_pics/4033/26_2.jpg,285,428,207226
10098,0,0,0,user_pics/anonymous/01_Pheno.jpg,486,365,149830
60070,4827,0,0,user_pics/4827/01_zombie2.jpg,578,480,141817
153485,2114,0,0,user_pics/2114/sal_ja_41eb67e99a.jpg,450,338,63039
94073,5829,0,0,user_pics/5829/dsc065_c85ab66b86.jpg,480,320,94012
191117,15616,1,1,user_pics/15616/15e20bde-9b69-4cb3-b3d0-0ed8023e8c24__ar_ne_si-g-47z3hjqgckt.png,394,381,163832
109250,9592,0,0,user_pics/9592/tank_3_d0243cc925.jpg,480,360,58995
134984,7239,0,1,user_pics/7239/sspx01_45d70de138.jpg,512,384,51973
61246,3584,0,0,user_pics/3584/05_062.JPG,450,338,54443
40705,615,0,0,user_pics/615/02_100_0990.jpg,461,346,32848
153947,1702,0,0,user_pics/1702/fotofl_0fd3062226.jpg,550,292,87395
59198,3868,0,0,user_pics/3868/03_cabolt_blue.jpg,285,228,24608
47110,4747,0,0,user_pics/4747/13_yellow.jpg,591,440,195640
15914,1061,0,0,user_pics/1061/01_HPIM0849.JPG,320,238,53454
9569,270,0,0,user_pics/270/01_P3120061+final.JPG,575,570,43066
3068,0,0,0,user_pics/anonymous/albums/malawi/Dimidiochromis11x.jpg,550,265,40246
99617,3584,0,0,user_pics/3584/694e29_c5d0e2416d.jpg,130,127,4014
135047,10972,0,0,user_pics/10972/fish1__c05ae9cd60.jpg,450,338,75685
17954,1417,0,0,user_pics/1417/01_fish.gif,588,1,63
81355,7806,0,0,user_pics/7806/pictur_05b2c70084.jpg,448,336,87269
47781,1579,1,0,user_pics/1579/01_NEW_023.jpg,450,374,83236
137049,2114,0,0,user_pics/2114/char_j_3f8e6d34e7.jpg,475,456,42314
5282,84,0,0,user_pics/84/01_5.jpg,250,250,14682
142632,11299,0,0,user_pics/11299/img004_30e031a380.jpg,528,400,61145
34835,2721,0,0,user_pics/2721/01_Moon_Doggy.JPG,344,259,107268
5478,0,0,0,user_pics/anonymous/01_Cap0013.BMP,320,240,230454
116629,8453,0,0,user_pics/8453/mf_jpg_c19761f41e.jpg,460,354,19843
175066,13299,0,0,user_pics/13299/136078_f12fb62db1.jpg,408,230,17994
94131,8728,0,0,user_pics/8728/cool.j_01c8ce0795.jpg,406,406,43756
138380,11148,0,1,user_pics/11148/img_06_91808a1485.jpg,448,304,70427
31972,3416,0,1,user_pics/3416/01_deep_sea_fish_angler3b.jpg,380,253,17300
6632,248,0,0,user_pics/248/01_16-125.jpg,400,300,26052
16793,0,0,1,user_pics/anonymous/01_928black_man_with_sad_eyes.jpg,300,300,11413
11179,615,0,0,user_pics/615/01_IM000773.JPG,544,416,95840
66515,5674,0,0,user_pics/5674/5674____file_01_2008_0801fish0157.jpg,450,338,29421
182816,13909,0,0,user_pics/13909/da2c71_0ce8874f9e.jpg,428,320,116763
141351,11299,0,0,user_pics/11299/img003_d5082189fd.jpg,528,400,60108
3410,0,0,0,user_pics/anonymous/albums/malawi/Co_pleurostigma_Tanzania.jpg,500,288,99416
153004,11953,0,0,user_pics/11953/drill0_c9248048ad.jpg,600,448,229353
89655,8446,0,0,user_pics/8446/dsc015_8f4a139d8f.jpg,319,223,17408
77183,7574,0,0,user_pics/7574/img_13_94ca01a9b9.jpg,399,259,60669
29909,1835,0,1,user_pics/1835/02_ProtomelasFenestratusTaiwanReef_klein-1-.jpg,200,149,4919
1205,0,0,0,user_pics/anonymous/albums/album22/29_G.jpg,550,413,27329
53009,4701,0,0,user_pics/4701/01_Aequiedens.jpg,579,369,220659
6957,84,0,0,user_pics/84/01_oscars_78e230d76cf91efa3a64102c848fb396.jpg,480,360,41985
51717,5336,0,0,user_pics/5336/02_100_0270.jpg,409,276,13968
3451,0,0,0,user_pics/anonymous/albums/malawi/04_G.jpg,575,390,33087
7457,0,0,0,user_pics/anonymous/01_dba52fc547.jpg,430,287,27425
2410,0,0,0,user_pics/anonymous/albums/american/Babs_Wet_Pets_11_29_03_GT_2_right_001.jpg,432,288,116030
68699,4482,0,0,user_pics/4482/4482____file_01_fish_not_sure_albino_zebra3.jpg,200,150,10964
109396,9293,0,0,user_pics/9293/019.pn_ec0688b35f.jpg,500,338,263108
50300,5203,0,0,user_pics/5203/01_fronts3.bmp,480,360,518454
151262,9805,0,0,user_pics/9805/blue_n_449edd0b6c.jpg,493,432,228671
4046,0,0,0,user_pics/anonymous/albums/other/Synodontis_multipunctatus3.jpg,400,287,28915
171519,13080,0,0,user_pics/13080/135537_0467cb559c.jpg,320,240,52693
105132,9400,0,0,user_pics/9400/img_12_ecc609f8ec.jpg,368,490,40891
120548,10059,0,0,user_pics/10059/photo0_2114765ed4.jpg,240,240,9731
36963,4033,0,0,user_pics/4033/08_7.jpg,285,428,187619
146169,7776,1,0,user_pics/7776/111090_a6b747b92b.jpg,115,115,8108
71738,7125,0,0,user_pics/7125/7125____file_01_1024081147-1-.jpg,320,240,21498
108854,9364,0,0,user_pics/9364/wall3._b2f7814466.jpg,512,384,28740
88407,5829,0,0,user_pics/5829/dsc058_ff61a6699c.jpg,480,320,95835
3675,0,0,0,user_pics/anonymous/albums/malawi/DSC00115_s.jpg,500,375,41086
143681,11187,0,0,user_pics/11187/061201_802cbb3cca.jpg,320,240,43604
65515,6238,0,0,user_pics/6238/6238____file_02_pic6.jpg,150,113,2360
153880,3584,0,0,user_pics/3584/402596_445cd7d22c.jpg,213,320,17292
10676,540,0,0,user_pics/540/01_yelo_1.jpg,400,176,43941
176121,12930,0,0,user_pics/12930/53942__a13be2fd80.jpg,600,600,26242
167223,12755,0,0,user_pics/12755/redred_8bc915f67d.jpg,218,131,6309
18731,1606,0,0,user_pics/1606/01_2007-01-14_003.JPG,490,394,83857
173771,11344,0,0,user_pics/11344/albino_977a8abb28.jpg,450,300,37129
6453,84,0,0,user_pics/84/01_13.jpg,194,194,8116
2221,0,0,0,user_pics/anonymous/albums/album05/GT_Pair_3x4cp.jpg,288,255,72592
6062,180,0,0,user_pics/180/01_pair_Lakoma.bmp,506,487,740294
99983,8744,0,0,user_pics/8744/ndumbi_a7eee0836d.jpg,400,300,24293
64204,4827,0,0,user_pics/4827/4827____file_01_kahne_pole_193.jpg,193,250,26468
66689,6643,0,0,user_pics/6643/6643____file_01_fishtank26.jpg,512,384,63955
102761,9271,0,0,user_pics/9271/9923_7_3a1dbd8270.jpg,130,86,4650
62810,1579,1,0,user_pics/1579/1579____file_01_today_083.jpg,500,375,50057
3057,0,0,0,user_pics/anonymous/albums/malawi/Picture_10.jpg,320,240,52145
14271,977,0,0,user_pics/977/01_1024678679_l.jpg,600,450,30359
96711,993,0,0,user_pics/993/3af7d2_328a2e8a41.jpg,450,338,49733
3126,0,0,0,user_pics/anonymous/albums/malawi/26_01_03d_006_copy.jpg,580,480,43300
104768,9381,0,0,user_pics/9381/ppets-_b23cb21f96.jpg,200,200,19342
12621,0,0,0,user_pics/anonymous/02_01_01_Photo_%252324.jpg,320,240,1853
2942,0,0,0,user_pics/anonymous/albums/Neolamprologus_brichardi/3GallonTank2.jpg,420,243,53852
50693,5229,0,0,user_pics/5229/01_HPIM2776-1.JPG,421,253,114043
13189,0,0,1,user_pics/anonymous/01_FXCD0011.jpg,500,378,31962
76628,6936,0,0,user_pics/6936/fish4._ca414a0305.jpg,150,113,4526
71899,7125,0,0,user_pics/7125/7125____file_01_1107080653-1-.jpg,320,240,19545
2823,0,0,0,user_pics/anonymous/albums/album09/pair_O_leleupi6_sized.jpg,400,300,15877
41436,4368,0,1,user_pics/4368/02_Project28.png,500,375,1497302
164506,8887,0,0,user_pics/8887/rubyre_a8bc0ad967.jpg,320,240,16581
76297,5829,0,0,user_pics/5829/dsc044_08ab6facb6.jpg,480,360,90607
2983,0,0,0,user_pics/anonymous/albums/album14/Neolamprologus_brevis_sun_spot2.jpg,444,300,159939
22024,2209,0,0,user_pics/2209/16_Picture_016.jpg,400,302,34762
6893,84,0,0,user_pics/84/01_hugefrontosa.JPG,480,360,34725
13796,0,0,1,user_pics/anonymous/01_Protomelas_spilonotus.jpg,445,298,16356
51005,0,0,1,user_pics/anonymous/01_BBBBB.jpg,116,73,2807
35446,3868,0,0,user_pics/3868/01_e0077fb9c5b6.jpg,304,228,29431
5846,0,0,0,user_pics/anonymous/01_oscar.bmp,352,288,304182
108322,9528,0,0,user_pics/9528/th_old_c54040b8b3.jpg,160,95,5019
82497,6447,0,0,user_pics/6447/l_7a6c_28b201b4e3.jpg,300,225,32373
68280,6846,0,0,user_pics/6846/6846____file_02_pseudotropheuslombardoiingemann.jpg,470,308,18786
91741,5829,0,0,user_pics/5829/dsc062_14ee7fd43a.jpg,480,320,87249
94068,8721,1,0,user_pics/8721/pm_080_00db6b1461.jpg,500,375,47490
24775,2503,0,0,user_pics/2503/01_z1Fish_015.jpg,500,375,169775
84604,7574,0,0,user_pics/7574/iginla_983e0c733f.jpg,480,285,43681
7528,0,0,0,user_pics/anonymous/01_04-01-06_2148.jpg,160,120,5394
61403,1579,1,0,user_pics/1579/01_Zoo_Trip_082.jpg,500,375,57132
128985,9445,0,0,user_pics/9445/025_jp_e9b51ea7ff.jpg,320,240,41805
8961,0,0,0,user_pics/anonymous/01_goku2.bmp,193,152,88214
78684,3177,0,0,user_pics/3177/spotte_1ad6f160b8.jpg,160,120,57654
44330,4370,0,0,user_pics/4370/01_Giraffe.jpg,600,450,47941
166814,11479,0,0,user_pics/11479/dragon_377c283826.jpg,450,354,22285
48342,5046,0,0,user_pics/5046/02_06-01-08_1910.jpg,320,240,12435
86245,7518,0,0,user_pics/7518/1_8672_e0dcf61250.jpg,288,208,9978
5047,0,0,0,user_pics/anonymous/01_Pic(21).jpg,352,288,20406
6505,0,0,0,user_pics/anonymous/01_DCP_0056.JPG,576,432,74183
32324,3462,0,0,user_pics/3462/03_electric_blue.jpg,231,99,11836
26618,1077,0,0,user_pics/1077/01_064.JPG,442,336,22040
2131,0,0,0,user_pics/anonymous/albums/user_gallery/IM000268.jpg,416,304,29078
32184,3450,0,1,user_pics/3450/01_red_shoulder_peacock.jpg,500,330,49379
52650,4827,0,0,user_pics/4827/01_hum.jpg,567,480,239424
43032,3359,0,0,user_pics/3359/01_Hanging_out.JPG,584,438,34829
65693,4304,0,0,user_pics/4304/4304____file_01_img_0846.jpg,598,340,133354
38550,1579,1,0,user_pics/1579/02_E.jpg,528,572,56521
44841,2077,0,0,user_pics/2077/02_100_0456.jpg,382,252,48464
164029,12586,0,0,user_pics/12586/567002_0e4bb9716e.jpg,450,338,85587
66512,3743,0,0,user_pics/3743/3743____file_01_royal_knife29-11-07.jpg,450,338,17885
68224,5896,0,0,user_pics/5896/5896____file_02_0908081913.jpg,320,240,34134
76122,7108,0,0,user_pics/7108/koi%20_d3fbf8dde1.jpg,470,350,65802
170834,7239,0,0,user_pics/7239/logo-b_4dfd34e379.jpg,600,557,113748
102362,6149,0,0,user_pics/6149/male_t_90a03d8999.jpg,567,378,171906
167302,11203,0,0,user_pics/11203/heart__1b98acd87f.jpg,350,363,34122
171529,13080,0,0,user_pics/13080/img_20_354dd42118.jpg,320,240,23251
2744,0,0,0,user_pics/anonymous/albums/american/DSCN5558_s.jpg,500,375,37288
78774,7574,0,0,user_pics/7574/img_23_9bc4366e49.jpg,330,219,59832
43031,3359,0,0,user_pics/3359/07_Fry.JPG,294,381,31669
50853,5222,0,1,user_pics/5222/03_cyclopsalbino1.jpg,341,249,96012
144494,10794,0,0,user_pics/10794/atr1_j_5f1550f02f.jpg,524,309,58438
69548,6977,0,0,user_pics/6977/6977____file_01_006.jpg,250,264,25243
61939,1579,1,0,user_pics/1579/1579____file_01_chailosi.jpg,500,376,40139
68218,5896,0,0,user_pics/5896/5896____file_01_0908081907.jpg,320,240,27457
61343,3584,0,1,user_pics/3584/34_022.JPG,450,338,46236
32633,2957,0,0,user_pics/2957/01_convict4.jpg,500,375,39625
92197,5829,0,0,user_pics/5829/dsc062_f74b58048f.jpg,480,360,123988
1483,0,0,0,user_pics/anonymous/albums/album22/Photo0030.jpg,320,240,10548
22727,2319,0,0,user_pics/2319/01_angels.jpg,450,316,114336
3742,0,0,0,user_pics/anonymous/albums/malawi/School.jpg,504,378,345357
20660,2043,0,0,user_pics/2043/01_teddy.jpg,170,127,4460
111638,8140,0,0,user_pics/8140/big_bo_95239f19ef.jpg,528,400,633654
54333,5563,0,0,user_pics/5563/01_Image31.jpg,480,360,85049
49134,0,0,0,user_pics/anonymous/05_100_0291.jpg,400,300,135782
38768,4159,0,0,user_pics/4159/01_Kgmzz.jpg,493,337,186808
4558,0,0,0,user_pics/anonymous/albums/tankgallery/4_G_002.jpg,400,267,17795
172479,12873,0,0,user_pics/12873/start__000a8fdce9.jpg,450,450,34231
19319,1820,0,0,user_pics/1820/05_000.jpg,600,451,143369
168641,12873,0,0,user_pics/12873/gamesb_6bbdf2fb34.jpg,420,420,51767
53850,5563,0,0,user_pics/5563/02_Image26.jpg,480,225,44959
1170,0,0,0,user_pics/anonymous/albums/album22/115_1509_edited.jpg,396,297,63757
160465,8830,0,0,user_pics/8830/picsar_2a61a7497b.jpg,518,312,367495
1202,0,0,0,user_pics/anonymous/albums/album22/27_G_001.jpg,500,375,148938
83436,7717,0,0,user_pics/7717/th_102_819c95a875.jpg,160,126,4562
160744,12236,0,0,user_pics/12236/133539_b2694e2937.jpg,512,384,26253
166384,10217,0,0,user_pics/10217/photo0_1a522350ee.jpg,320,240,27669
36561,3900,0,0,user_pics/3900/01_pic10.jpg,170,220,8299
1945,0,0,0,user_pics/anonymous/albums/user_gallery/ojside.jpg,500,375,41601
168460,12801,0,0,user_pics/12801/sev_ea_da22006d2e.jpg,574,480,164556
76568,7518,0,0,user_pics/7518/180433_f09ec3bd84.jpg,500,375,102783
11742,711,0,0,user_pics/711/01_P5300117.JPG,374,480,40842
16862,0,0,0,user_pics/anonymous/02_big_blue.JPG,450,258,13468
7424,0,0,0,user_pics/anonymous/08_Picture_002.jpg,360,240,9569
169073,12937,0,0,user_pics/12937/driod__9a5973f948.jpg,408,230,27859
3059,0,0,0,user_pics/anonymous/albums/malawi/group_pic.jpg,320,240,60201
3491,0,0,0,user_pics/anonymous/albums/malawi/pro_virgatus1_001.jpg,500,248,100902
129258,10518,0,0,user_pics/10518/better_65cb0b8623.jpg,550,366,259136
86583,8210,0,0,user_pics/8210/fish21_972bd715ae.jpg,500,375,43193
172270,13514,0,0,user_pics/12280/riddle_ecf298a428.jpg,120,300,7076
111880,9733,0,0,user_pics/9733/pictur_e70e12e16c.jpg,320,238,47723
20582,1649,0,0,user_pics/1649/01_fish_2.bmp,450,338,457030
34361,1940,0,0,user_pics/1940/01_SV400008.JPG,544,408,118044
61388,1579,1,0,user_pics/1579/01_Zoo_Trip_002.jpg,500,375,52167
29045,2721,0,0,user_pics/2721/01_l_ee06c383bab3fc0ebc08e00ebfd2d6d8.jpg,600,449,38481
53056,5484,0,0,user_pics/5484/01_P1000876.JPG,374,181,28154
79291,7729,0,0,user_pics/7729/untitl_adfda3b1af.jpg,405,318,22650
137622,11119,0,0,user_pics/11119/tropic_429e6f987d.jpg,600,450,74595
178745,13545,0,1,user_pics/13545/398321_140e2e67ef.jpg,450,338,92901
190435,23,0,1,user_pics/23/599e674a-41d6-412d-acc7-8d5f389656d5_screen_shot_2018-02-25_at_14.52.26.png,402,100,14069
40129,4297,0,0,user_pics/4297/01_picshure244.JPG,320,240,41427
2742,0,0,0,user_pics/anonymous/albums/american/DSC00100_s.jpg,500,375,39366
154836,8947,0,0,user_pics/8947/dsc034_fa412da316.jpg,562,318,182642
144495,10794,0,0,user_pics/10794/oto001_930359219f.jpg,490,300,53524
3176,0,0,0,user_pics/anonymous/albums/malawi/Fenestratus.jpg,500,205,81449
134867,10929,0,0,user_pics/10929/01_l16_5435e57fde.jpg,590,418,84285
116937,5674,0,0,user_pics/5674/img_19_3a0c6155fa.jpg,512,450,53088
165676,11479,0,0,user_pics/11479/watchi_89073094d4.jpg,338,308,15687
109456,9528,0,0,user_pics/9528/cool.j_610bd8fe61.jpg,512,384,36149
71831,1954,0,1,user_pics/1954/1954____file_01_shrek.jpg,128,128,4883
58361,4546,0,0,user_pics/4546/01_freddy.jpg,599,416,76129
20405,1683,0,0,user_pics/1683/05_4.jpg,150,113,4216
105915,8553,0,0,user_pics/8553/jay_an_5c082cd01a.jpg,130,97,34559
3292,0,0,0,user_pics/anonymous/albums/malawi/Let_yellow_cap.jpg,500,213,77291
124692,9298,0,0,user_pics/9298/327998_16fc3b932d.jpg,240,194,13163
166183,8887,0,0,user_pics/8887/photo0_e5be99e31b.jpg,320,240,27252
101266,8887,0,0,user_pics/8887/open4b_8f6bab14e3.jpg,480,384,16356
355,0,0,0,user_pics/anonymous/albums/tankgallery/2_G_001.jpg,400,252,19650
75608,7420,0,0,user_pics/7420/p10102_018c9f4967.jpg,448,336,37977
103265,8728,0,0,user_pics/8728/tdjyur_bdd8f3ffc5.jpg,258,258,35553
177116,12873,0,0,user_pics/12873/03ad45_b50806b42e.jpg,450,338,45838
181729,13802,0,0,user_pics/13801/cam001_42b6415c45.jpg,288,239,27997
166686,982,0,0,user_pics/982/images_fa4506fbbc.jpg,200,251,4467
66359,4610,0,0,user_pics/4610/4610____file_01_usmc_main_10.jpg,500,351,28046
11114,0,0,0,user_pics/anonymous/01_my_fish_018.jpg,519,486,26932
40661,1579,1,0,user_pics/1579/1579____file_9999_15_fish_018.jpg,500,375,60133
15098,0,0,0,user_pics/anonymous/01_262.jpg,452,320,53444
149290,11780,0,0,user_pics/11780/cichli_ae77f48bac.jpg,480,358,83914
173770,11344,0,0,user_pics/11344/booyah_c4ad346d24.jpg,450,300,25391
83143,2211,0,0,user_pics/2211/imagej_83181d5227.jpg,360,480,23199
67368,6670,0,0,user_pics/6670/6670____file_01_aristochromis_christyi.jpg,528,400,57157
42342,2551,0,0,user_pics/2551/03_fish_193.jpg,448,336,48082
103146,3584,0,0,user_pics/3584/ff_364_33b4149024.jpg,274,234,20295
42860,1579,1,0,user_pics/1579/01_NEW_026.jpg,450,338,56266
152616,9277,0,0,user_pics/9277/1_jpg_aa3319a845.jpg,600,368,82565
43094,3978,0,0,user_pics/3978/02_DSCF3532.JPG,510,341,74322
127780,10489,0,0,user_pics/10489/questi_4b7c7de97f.jpg,160,120,3244
169928,11584,0,0,user_pics/11584/s2_jpg_e3b87f07ef.jpg,225,300,30091
70887,7065,0,0,user_pics/7065/7065____file_01_uw.jpg,448,335,20604
79584,7546,0,0,user_pics/7546/photo0_e68593b234.jpg,240,320,17380
6639,248,0,0,user_pics/248/03_Lethrinops_spec._rainbow_Tansania_(Lethrinops_spec._blood_spot).jpg,400,300,42574
52996,5484,0,0,user_pics/5484/01_P1000873.JPG,414,212,36019
181648,13652,0,1,user_pics/13652/bd_jpg_e5434ef6d2.jpg,450,559,122756
109388,9528,0,0,user_pics/9528/stripe_18ee42301f.jpg,512,384,37981
32834,1061,0,0,user_pics/1061/01_HPIM1808.JPG,320,238,67130
106533,9474,0,0,user_pics/9474/6img_2_8615423d9e.jpg,368,490,39696
70263,5896,0,0,user_pics/5896/5896____file_01_1015081959.jpg,320,240,29062
17305,1061,0,0,user_pics/1061/01_HPIM1146.JPG,320,238,49916
13365,0,0,1,user_pics/anonymous/17_Picture_003.jpg,160,120,9268
177806,12475,0,0,user_pics/12475/fluval_cbbf9d4eb5.jpg,500,500,48607
86409,8204,0,0,user_pics/8204/edwj9c_d9d4de35dc.jpg,150,113,4453
75603,7420,0,0,user_pics/7420/p10102_7cb27fe0d9.jpg,448,336,45424
101072,5603,0,0,user_pics/5603/titans_816155e459.jpg,300,228,8115
20555,1061,0,0,user_pics/1061/01_HPIM1476.JPG,320,238,52671
151982,11832,0,0,user_pics/11832/benga2_37d1bea7b8.jpg,600,366,33044
129366,10627,0,0,user_pics/10627/033_jp_5d282afac3.jpg,320,480,57805
74121,984,0,0,user_pics/984/984____file_01_nov_08_022_edited.jpg,540,404,94906
157969,11513,0,0,user_pics/11513/picsin_248c38644c.jpg,600,360,374648
150118,2114,0,0,user_pics/2114/zombie_d842447c01.jpg,320,480,31645
27752,2713,0,0,user_pics/2713/02_flavus1.bmp,400,294,352854
61531,1579,1,0,user_pics/1579/01_Empress_009.jpg,500,375,51214
15099,0,0,0,user_pics/anonymous/01_60gal2.jpg,360,270,37807
62372,5957,0,0,user_pics/5957/5957____file_01_copy_of_q.jpg,323,210,23909
76887,7546,0,0,user_pics/7546/p26100_1311696047.jpg,320,240,30136
62605,1579,1,0,user_pics/1579/1579____file_01_today_039.jpg,500,376,60335
22315,2188,0,0,user_pics/2188/04_yellow_lab.jpg,127,87,2836
65760,6450,0,0,user_pics/6450/6450____file_01_11.jpg,590,410,173452
80697,5829,0,0,user_pics/5829/dsc050_d5732644f1.jpg,480,320,88467
76632,7524,0,1,user_pics/7524/196023_e09b746096.jpg,500,375,194460
55326,5702,0,1,user_pics/5702/03_IMG_0028-1-.JPG,600,450,37031
179323,13531,0,0,user_pics/13531/snapsh_74e3aedb3e.jpg,494,371,257511
39665,4332,0,0,user_pics/4332/02_midas3.jpg,171,228,9430
182481,10871,0,0,user_pics/10871/hagen-_a866f26a9f.jpg,600,600,46259
183090,11883,0,0,user_pics/13828/images_b0bb3b001c.jpg,239,211,5324
16011,0,0,0,user_pics/anonymous/01_HPIM0769.JPG,320,238,71788
96351,8728,0,1,user_pics/8728/oscar%_1e52c0891d.jpg,450,294,37512
59203,3868,0,0,user_pics/3868/01_old_55.jpg,304,228,15363
61409,3584,0,0,user_pics/3584/41_011.JPG,450,338,60596
23138,2317,0,0,user_pics/2317/01_03-21-07_1514.jpg,320,240,32842
37927,4163,0,0,user_pics/4163/02_tank_008.jpg,448,336,96512
68983,5512,0,0,user_pics/5512/5512____file_01_img_0538.jpg,585,390,84625
99240,8728,0,0,user_pics/8728/red.jp_0ccbccb378.jpg,406,406,67856
102265,8728,0,0,user_pics/8728/sdfg.j_c45bafc1d9.jpg,258,258,13828
62807,1579,1,0,user_pics/1579/1579____file_01_today_071.jpg,500,375,27821
8502,0,0,0,user_pics/anonymous/01_flameback1.jpg,600,272,35213
104287,9347,0,0,user_pics/9347/dsc003_bffe2c0385.jpg,425,319,167071
10753,0,0,0,user_pics/anonymous/01_Blueberry_Zebra2006-04-17.JPG,320,189,30788
51857,1579,1,0,user_pics/1579/03_New_030.jpg,450,468,79960
167040,12757,0,1,user_pics/12757/fish_t_4e7ab3a97e.jpg,221,166,5940
14887,1122,0,0,user_pics/1122/05_prue2.jpg,398,213,16109
15082,1174,0,0,user_pics/1174/01_images.jpg,126,75,2675
164967,9894,0,0,user_pics/9894/174884_a398576a42.jpg,180,180,10364
139695,11221,0,0,user_pics/11221/cic_bm_8f6a434294.jpg,213,160,102454
13999,0,0,0,user_pics/anonymous/01_5.jpeg,286,216,14444
11660,26,0,1,user_pics/26/01_DSC00054(1)x46.jpg,432,324,102873
128112,10556,0,0,user_pics/10556/c_bmp_26a0ae6464.jpg,192,256,147510
12781,0,0,0,user_pics/anonymous/01_jurupari.jpg,500,292,101306
161370,12437,0,0,user_pics/12437/flower_92b99b3778.jpg,320,140,11814
28489,2690,0,0,user_pics/2690/02_untitled.jpg,492,354,23089
25399,0,0,0,user_pics/anonymous/01_red_devil.jpg,450,338,14369
99381,9041,0,0,user_pics/9041/dscn05_0cdb611ca2.jpg,600,450,49195
166000,12552,0,0,user_pics/12552/filter_5f9aaf8ea8.jpg,600,358,68922
168539,12888,0,0,user_pics/12888/cichli_1bb83c8db3.jpg,218,120,8730
105359,7445,0,0,user_pics/7445/dsc002_3800a5b957.jpg,541,441,124229
115672,8728,0,0,user_pics/8728/waldo__01c599dc0a.jpg,258,258,46404
61394,1579,1,0,user_pics/1579/01_Zoo_Trip_012.jpg,500,375,61145
131985,10477,0,0,user_pics/10477/126230_7e81449a87.jpg,408,306,21405
157745,12211,0,0,user_pics/12211/sneaky_c56985e2fa.jpg,512,307,21303
3002,0,0,0,user_pics/anonymous/albums/malawi/Aulonocara_mamelela2.jpg,324,199,12359
189277,14930,0,0,user_pics/14930/2015-0_523e331b0f.jpg,222,135,32510
3587,0,0,0,user_pics/anonymous/albums/malawi/clbillede3.jpg,450,214,94604
62839,1579,1,0,user_pics/1579/1579____file_01_natives_013.jpg,500,375,51984
90457,5829,0,0,user_pics/5829/dsc061_e56fe2a82c.jpg,480,320,80540
115673,8728,0,0,user_pics/8728/couple_c9d1718f3a.jpg,258,258,45792
19164,1061,0,0,user_pics/1061/01_HPIM1358.JPG,319,152,63695
170447,12426,0,0,user_pics/12426/surfac_c6cf92f20a.jpg,300,300,6095
24301,2535,0,0,user_pics/2535/03_SS850070.JPG,512,384,117148
2984,0,0,0,user_pics/anonymous/albums/album14/Neolamprologus_brevis_sun_spot.jpg,441,300,29732
45529,3071,0,0,user_pics/3071/06_fish4.jpg,320,240,11769
102365,6149,0,0,user_pics/6149/female_906bf5e996.jpg,567,378,139633
26655,1077,0,0,user_pics/1077/02_013.JPG,442,336,36686
18373,1637,0,0,user_pics/1637/07_firemouth.jpg,480,360,61963
176111,13365,0,1,user_pics/13365/image__be77de7962.jpg,553,381,76629
65490,4304,0,0,user_pics/4304/4304____file_01_img_0809.jpg,558,420,156697
95514,8210,0,0,user_pics/8210/baby.j_94f7306bef.jpg,258,258,32679
4706,0,0,0,user_pics/anonymous/01_85030580_289015328_0.jpg,250,250,12581
16460,977,0,0,user_pics/977/01_red3.jpg,600,450,36879
66508,4783,0,0,user_pics/4783/4783____file_01_dscf3740.jpg,450,338,49861
86243,7518,0,0,user_pics/7518/1_8986_a35941e966.jpg,480,352,26473
127795,10527,1,0,user_pics/10527/old_fr_afc4699dcd.jpg,289,110,5689
97224,8728,0,0,user_pics/8728/royal__5ef8b6af1b.jpg,406,406,38522
75538,7414,0,0,user_pics/7414/028.jp_ea05e8c26f.jpg,408,306,57925
85398,2953,0,0,user_pics/2953/101-01_9c096351b9.jpg,546,412,100008
4145,0,0,0,user_pics/anonymous/albums/other/Hugo.jpg,600,450,229604
52992,5484,0,0,user_pics/5484/01_P1000841.JPG,352,244,29964
19654,1814,0,0,user_pics/1814/01_orange.jpg,439,219,28638
163448,2114,0,0,user_pics/2114/kenyis_76c1a04bd9.jpg,450,382,57119
105995,9403,0,0,user_pics/9403/15.jpg_d0442e2626.jpg,400,240,31747
3486,0,0,0,user_pics/anonymous/albums/malawi/Mel_lupingu_pearl_001.jpg,500,261,96473
4100,0,0,0,user_pics/anonymous/albums/other/DSCN1942.jpg,600,400,96432
37563,4114,0,0,user_pics/4114/08_pleco.jpg,150,113,3359
52424,5421,0,0,user_pics/5421/01_DSC00087.JPG,448,336,36086
35149,3816,0,0,user_pics/3816/07_IMAGE001.jpg,320,240,22720
94243,8728,0,0,user_pics/8728/jack_a_5f254ec7b9.jpg,406,406,78399
160354,12059,0,0,user_pics/12059/2012-0_fca6c61249.jpg,540,360,30920
613,0,0,1,user_pics/anonymous/albums/tankgallery2/55GalFishtank2.jpg,422,266,26818
40515,123,0,0,user_pics/123/01_Brichardi_CloseUp_Middle.jpg,434,347,62335
182869,13802,0,0,user_pics/13802/cam011_10e56fd74a.jpg,458,213,34377
98078,5829,0,0,user_pics/5829/dsc070_64cf1adc59.jpg,480,320,86978
11655,26,0,1,user_pics/26/04_DSC00054(1)x4.jpg,432,324,102873
88068,5829,0,0,user_pics/5829/dsc056_87ad779be4.jpg,480,320,71045
170477,12475,0,0,user_pics/12475/big_ob_3679322325.jpg,400,300,155764
52930,4272,0,0,user_pics/4272/01_image.jpg,275,175,13471
109975,9445,0,0,user_pics/9445/pictur_99ed3f32bd.jpg,320,240,12502
59671,5563,0,0,user_pics/5563/01_Image47.jpg,320,240,49121
125311,10406,0,1,user_pics/10406/assbat_74a6856900.jpg,446,336,67172
50711,2077,0,0,user_pics/2077/01_100_1580.jpg,388,581,99853
25390,2503,0,0,user_pics/2503/01_t5fish_029.jpg,500,375,158727
23393,2192,0,0,user_pics/2192/01_severums7.jpg,319,213,185321
6193,0,0,0,user_pics/anonymous/01_4_parots.JPG,576,432,76653
19337,1820,0,0,user_pics/1820/06_000.jpg,600,451,144384
179959,11513,0,0,user_pics/11513/8e6a0e_6c2ffe45eb.jpg,450,338,59446
178597,13490,0,1,user_pics/13490/babys__62f8a41c2a.jpg,450,338,94788
90173,5829,0,0,user_pics/5829/dsc060_3d8dcda0b7.jpg,480,320,80550
47683,4990,0,0,user_pics/4990/01_v.jpg,170,127,5833
111567,8746,0,0,user_pics/8746/sunshi_714ae680f1.jpg,420,337,50550
158846,10784,0,0,user_pics/10784/xx_png_6ffbfd54b9.jpg,320,480,246913
119952,9403,0,0,user_pics/9403/dsc016_7d35854f00.jpg,375,320,47220
188813,13302,0,0,user_pics/13302/2015-0_a4ed84ec4c.jpg,401,240,96180
90844,7371,0,0,user_pics/7371/parrot_b893794333.jpg,371,442,24341
143047,8887,0,0,user_pics/8887/redrub_10bb3664c0.jpg,320,240,15250
125251,8203,0,0,user_pics/8203/59941__117f0dc552.jpg,320,240,19226
35079,1766,0,0,user_pics/1766/01_02_blue1.jpg,400,300,105777
12628,0,0,0,user_pics/anonymous/01_fishy.JPG,450,300,16696
3278,0,0,0,user_pics/anonymous/albums/malawi/lab_caeruleus.jpg,500,324,77158
181810,13802,0,0,user_pics/13802/cam005_94ab3cbd61.jpg,383,307,39248
64991,5203,0,0,user_pics/5203/5203____file_01_front_holdin.jpg,406,406,40558
131452,4215,0,0,user_pics/4215/dscn58_0e84e4d316.jpg,336,448,59233
73590,5829,0,0,user_pics/5829/5829____file_01_red_zebra.jpg,480,360,95053
68121,6092,0,0,user_pics/6092/6092____file_01_08-06-08_0008.jpg,320,240,6651
185536,10783,0,0,user_pics/10783/139569_1eb6647b16.jpg,428,384,23609
75084,6888,0,0,user_pics/6888/6888____file_01_f_and_n.jpg,600,394,27078
171408,12944,0,1,user_pics/12944/chon_j_1463ec1712.jpg,480,339,31559
51133,3474,0,0,user_pics/3474/01_c_137.jpg-test-.jpg,560,420,80832
176378,12130,0,0,user_pics/12130/main1__1235a864f5.jpg,434,579,44353
5089,103,0,0,user_pics/103/103____file_9999_02_Fish_005.jpg,386,251,76881
3499,0,0,0,user_pics/anonymous/albums/malawi/furcicaudaspiser.jpg,600,413,226450
161368,12437,0,0,user_pics/12437/tony_j_f236571ac5.jpg,320,246,13462
52028,5336,0,0,user_pics/5336/01_100_0503.jpg,341,337,18968
95311,5829,0,0,user_pics/5829/dsc068_5f5c5d9d55.jpg,480,320,93883
51006,0,0,1,user_pics/anonymous/02_trbemba11.jpg,356,336,35859
61559,1579,1,0,user_pics/1579/01_Pleco_1.jpg,500,375,38307
60808,3584,0,0,user_pics/3584/22_026.JPG,450,338,45482
28303,2956,0,0,user_pics/2956/01_gar.jpg,170,127,4443
52423,5421,0,0,user_pics/5421/03_DSC00090.JPG,448,336,30687
171387,13080,0,0,user_pics/13080/img_20_2cb0f71940.jpg,320,240,36527
71691,5896,0,0,user_pics/5896/5896____file_01_1101082001a.jpg,320,240,40272
82866,5829,0,0,user_pics/5829/dsc051_74df0f977b.jpg,480,360,120052
174897,7776,1,0,user_pics/7776/disc_j_764f5ec120.jpg,300,268,11151
16733,0,0,1,user_pics/anonymous/01_Ava-0112.jpg,150,150,10017
64612,6417,0,0,user_pics/6417/6417____file_01_chloenfish.jpg,561,194,19747
71854,4843,0,0,user_pics/4843/4843____file_01_070.jpg,585,433,48459
134989,10971,0,1,user_pics/10971/arowan_f2415f5acb.jpg,512,384,80844
14612,615,0,0,user_pics/615/01_IM000828.JPG,560,432,119136
16414,1419,0,1,user_pics/1419/01_Cichli1155.jpg,419,240,9066
5686,0,0,0,user_pics/anonymous/02_DSC01541.JPG,590,476,49121
18248,1603,0,0,user_pics/1603/01_babypeacock.JPG,546,366,83601
102394,8672,0,0,user_pics/8672/strawb_2758be3640.jpg,600,450,161902
126832,9403,0,0,user_pics/9403/2b408b_9e68f00d1a.jpg,430,323,43052
105300,9403,0,0,user_pics/9403/78__2__5b1e34d1e6.jpg,400,240,23425
102012,7113,0,0,user_pics/7113/57d82c_f693a877be.jpg,150,150,2543
14148,0,0,0,user_pics/anonymous/03_Tank_1.jpg,450,338,66296
107054,5065,0,0,user_pics/5065/l_901d_cdbba1c4c6.jpg,600,480,38532
181517,3584,0,0,user_pics/3584/9cef93_0b181078aa.jpg,150,101,3596
188868,14331,0,0,user_pics/14331/201505_d3af8353c6.jpg,476,357,131731
96043,8728,0,0,user_pics/8728/10.jpg_c0ec660401.jpg,406,406,60899
61393,1579,1,0,user_pics/1579/01_Zoo_Trip_010.jpg,500,375,59945
180068,13648,0,0,user_pics/13648/430483_34486d16ff.jpg,230,155,8736
136570,5311,0,0,user_pics/5311/linare_b71d7afac6.jpg,600,450,155819
109893,8717,0,0,user_pics/8717/123.jp_9c8ee63646.jpg,147,196,2093
171279,12552,0,0,user_pics/12552/male_j_1b43be9af8.jpg,430,323,27653
32209,3462,0,0,user_pics/3462/30_Picture_004.jpg,513,255,35332
51792,5308,0,0,user_pics/5308/01_giraffe1.jpg,400,266,20386
51562,5308,0,0,user_pics/5308/17_fish1.jpg,400,300,37241
199,0,0,0,user_pics/anonymous/albums/tankgallery/Fish_001.jpg,350,165,14548
182761,13035,0,0,user_pics/13035/celebr_750da6ae8f.jpg,500,375,58591
13137,837,0,0,user_pics/837/01_Daddy_Jack.jpg,320,240,7363
98258,5065,0,0,user_pics/5065/the_ra_00993a1ed1.jpg,600,450,62473
20702,2014,0,0,user_pics/2014/02_Family_166.jpg,490,391,52927
60985,3584,0,0,user_pics/3584/33_020.JPG,450,338,55251
154788,12031,0,0,user_pics/12031/img_20_1f64de4615.jpg,384,338,19119
99033,6149,0,0,user_pics/6149/red_sl_ec6faa03ab.jpg,567,378,133582
179139,12937,0,0,user_pics/12937/img954_917684f271.jpg,380,480,38882
178330,13514,0,0,user_pics/13509/riddle_8e83f7a3d2.jpg,120,300,7076
177839,12475,0,0,user_pics/12475/images_a232962bdd.jpg,137,142,6157
20782,2063,0,0,user_pics/2063/01_orange_comp.jpg,500,375,120419
170768,12475,0,0,user_pics/12475/4a01c6_8f2d56b48b.jpg,450,338,95820
61562,1579,1,0,user_pics/1579/01_Pleco_4.jpg,500,375,45233
28093,2114,0,0,user_pics/2114/01_ob_dark_2.jpg,464,420,205363
16397,1467,0,0,user_pics/1467/01_IMGA8084.JPG,576,432,73444
60968,3584,0,0,user_pics/3584/57_002.JPG,450,338,55760
178183,13500,0,1,user_pics/13500/222_jp_3263b73b46.jpg,450,338,54956
163862,477,0,0,user_pics/477/img-20_bd904900f5.jpg,360,269,14057
119061,10059,0,0,user_pics/10059/rd_jpg_8bc8c0f0bf.jpg,180,240,8625
178695,13161,0,0,user_pics/13161/b983cf_c9f1e6d9b2.jpg,450,338,62997
181667,12702,0,0,user_pics/12702/dscf61_71e61a7ce0.jpg,500,339,191675
22746,2278,0,0,user_pics/2278/01_tang_tiger.jpg,320,240,31017
95685,8728,0,0,user_pics/8728/vieja__12c7e5e4a8.jpg,406,406,58664
101624,1987,0,0,user_pics/1987/new-or_f1f058e563.jpg,259,300,14605
94072,5829,0,0,user_pics/5829/dsc065_18aefb3c89.jpg,480,320,96105
12800,793,0,0,user_pics/793/01_danny_s_fish.JPG,576,432,40126
62840,1579,1,0,user_pics/1579/1579____file_01_natives_015.jpg,500,375,39956
62514,1579,1,0,user_pics/1579/1579____file_01_today_064.jpg,500,375,52056
38102,4160,0,0,user_pics/4160/01_purple.jpg,600,383,236954
109047,7776,1,0,user_pics/7776/hap.jp_f14f8f000b.jpg,136,112,5394
80329,7574,0,0,user_pics/7574/img_35_f4a62d6a14.jpg,562,270,97438
95834,5829,0,0,user_pics/5829/dsc069_02d538cdbd.jpg,480,320,73401
45528,3071,0,0,user_pics/3071/19_fish3.jpg,320,240,10124
103262,8728,0,0,"user_pics/8728/gj,ktj_2db9aa4c25.jpg",258,258,34838
20552,1649,0,0,user_pics/1649/01_demasoni.bmp,400,300,360054
72326,6241,0,0,user_pics/6241/6241____file_01_2008sep11peacocks-dsc_2657.jpg,560,372,22853
177426,11324,0,1,user_pics/11324/5e4037_4e04eac1f8.jpg,450,533,43510
95141,5829,0,0,user_pics/5829/dsc067_44608805ab.jpg,480,360,119199
99418,5065,0,0,user_pics/5065/l_8fc7_366517d97b.jpg,462,472,29105
2622,0,0,0,user_pics/anonymous/albums/american/they_grow_up_so_fast.jpg,253,304,38536
10808,653,0,0,user_pics/653/07_3.jpg,576,432,41591
124716,3584,0,0,user_pics/3584/6250_1_b0ac0cc3a7.jpg,130,130,7256
152668,11479,0,0,user_pics/11479/jack_d_071276edbd.jpg,450,338,108633
89034,5829,0,0,user_pics/5829/dsc059_34f1fba759.jpg,480,320,79914
34076,826,0,1,user_pics/826/10_blue.jpg,51,69,1305
61325,1579,1,0,user_pics/1579/18_fish_018.jpg,500,375,60133
6422,0,0,1,user_pics/anonymous/01_turq_fish.jpg,480,360,31185
52638,4827,0,0,user_pics/4827/01_22209152066Fish%204.jpg,95,77,2346
5839,0,0,1,user_pics/anonymous/02_9183a.jpg,500,375,20061
132416,10788,0,0,user_pics/10788/downsi_f865eed256.jpg,160,120,5165
119611,3584,0,0,user_pics/3584/245268_3b6f9c3816.jpg,500,500,138196
732,0,0,0,user_pics/anonymous/albums/tankgallery2/IMG_0147.jpg,600,450,32183
178460,12873,0,0,user_pics/12873/c26053_a9c2761d6b.jpg,130,97,18317
51733,5339,0,1,user_pics/5339/03_discus.jpg,537,394,65817
90836,1840,0,0,user_pics/1840/9c34fc_9c1749662d.jpg,400,365,32295
50902,4827,0,0,user_pics/4827/01_kenyi1.jpg,320,240,77055
44203,3474,0,0,user_pics/3474/01_fish_toilet.JPG,550,440,19845
41188,4479,0,1,user_pics/4479/04_african_cichlid_show_aquarium.jpg,430,322,29734
79602,6915,0,0,user_pics/6915/rework_f268b07d77.jpg,258,258,37338
94071,5829,0,0,user_pics/5829/dsc065_da97454fb0.jpg,480,320,85816
184404,11502,0,0,user_pics/11502/201312_d82dcaa941.jpg,402,320,17601
11835,0,0,0,user_pics/anonymous/01_Photo_#23.jpg,320,240,9232
104214,8672,0,0,user_pics/8672/yellow_a51fe8bc8e.jpg,450,284,45753
166603,11203,0,0,user_pics/11203/tater__6211901408.jpg,300,219,8928
21585,123,0,0,user_pics/123/01_Leopard_Skin.jpg,326,345,217022
20381,1579,1,0,user_pics/1579/01_rubyred-1.jpg,586,415,40442
52219,5390,0,0,user_pics/5390/01_tank_022108.jpg,406,406,36263
182879,12972,0,0,user_pics/12972/img_20_646ce09cbd.jpg,563,563,85217
105006,7427,0,0,user_pics/7427/compye_37070c887a.jpg,474,242,27517
97216,8728,0,0,user_pics/8728/new_hi_be042430c8.jpg,406,406,63289
60734,1579,1,0,user_pics/1579/01_sunfish_018.jpg,500,375,40356
60815,3584,0,0,user_pics/3584/47_010.JPG,450,338,60558
40504,3160,0,0,user_pics/3160/01_red_devil_6.bmp,352,288,304182
79506,1840,0,0,user_pics/1840/s73087_f5628ec3ee.jpg,369,277,58473
6077,0,0,0,user_pics/anonymous/01_Who_am_I.jpg,526,396,15143
46422,249,0,0,user_pics/249/01_flooddd.jpg,600,449,39262
80290,7574,0,0,user_pics/7574/img_33_07de288a0f.jpg,465,290,72729
166329,12573,0,0,user_pics/12573/man-qu_7c3fd61162.jpg,286,359,10984
94651,8728,0,0,user_pics/8728/blue_i_19d51c9020.jpg,406,406,66573
70222,1942,0,0,user_pics/1942/1942____file_01_camera_pics5_101.jpg,432,324,27862
143179,11405,0,1,user_pics/11405/bichir_f3c853d87e.jpg,337,149,10949
43092,3978,0,0,user_pics/3978/01_DSCF3499.JPG,510,341,115929
2263,0,0,0,user_pics/anonymous/albums/Oscars-South-American/tiger_Oscar_068.jpg,432,324,126085
98080,5829,0,0,user_pics/5829/dsc070_529bbfbb57.jpg,480,320,81685
36607,26,0,0,user_pics/26/01_Red_Tops_others__Sept_8_07_008x7cc.jpg,504,300,137932
3293,0,0,0,user_pics/anonymous/albums/malawi/Met_estherae.jpg,500,255,78172
48009,753,0,0,user_pics/753/01_Fronts_DSCF0220.jpg,600,410,40516
36563,3900,0,0,user_pics/3900/02_pic9.jpg,170,237,8677
4906,0,0,0,user_pics/anonymous/03_Black_Calvus_1.JPG,527,336,25513
3585,0,0,0,user_pics/anonymous/albums/malawi/clbillede1.jpg,450,174,77921
123493,9733,0,0,user_pics/9733/srtcp__bd408cadb1.jpg,315,210,13436
77368,5829,0,0,user_pics/5829/dsc046_3475398c59.jpg,480,320,82988
167694,8744,0,0,user_pics/8744/icon-w_7774f928fe.jpg,300,300,45107
86993,982,0,0,user_pics/982/barbie_c1531f2506.jpg,200,261,9143
129364,10627,0,0,user_pics/10627/045_jp_bb9f5661f8.jpg,320,480,65734
119502,10059,0,0,user_pics/10059/photo0_1d9c623e30.jpg,320,240,21974
39481,4320,0,0,user_pics/4320/01_myboyblue.jpg,170,127,5946
119169,8887,0,0,user_pics/8887/open_b_5fa807d013.jpg,315,210,14772
94942,3029,0,0,user_pics/3029/svdff._50d7e1ad44.jpg,500,375,164053
29281,2957,0,0,user_pics/2957/01_0520072123-1.JPG,448,336,21085
100631,3130,0,0,user_pics/3130/lab.bm_ca3a953c49.jpg,537,371,48066
14256,0,0,0,user_pics/anonymous/01_ferdtank.jpg,480,360,56419
3480,0,0,0,user_pics/anonymous/albums/malawi/cop_trawawasae_001.jpg,500,328,99113
94033,8728,0,0,user_pics/8728/the_lo_69fee86a75.jpg,406,406,54129
104,0,0,0,user_pics/anonymous/albums/tankgallery/Picture_1.jpg,352,288,14305
6511,0,0,0,user_pics/anonymous/01_bear_the_oscar_2.jpg,464,368,69136
85275,8106,0,1,user_pics/8106/malawi_8d057b0a7d.jpg,550,224,206211
92943,35,0,0,user_pics/35/frank._357e118847.jpg,600,450,38032
185925,14331,0,1,user_pics/14304/201404_e00e22cd44.jpg,326,245,71537
112380,7776,1,0,user_pics/7776/bubble_5918fed0ce.jpg,135,200,6570
104100,8447,0,0,user_pics/8447/happy-_36cbf5c680.jpg,500,375,31132
39591,4332,0,0,user_pics/4332/01_plecc.jpg,171,228,15529
32281,2192,0,0,user_pics/2192/01_sd26.jpg,479,553,182677
39452,1579,1,0,user_pics/1579/01_SMG.jpg,400,591,62425
22935,2114,0,0,user_pics/2114/02_new_peacock.jpg,600,450,55851
9107,0,0,0,user_pics/anonymous/01_FISH3.JPG,450,338,48786
111555,8746,0,0,user_pics/8746/greber_8c58233504.jpg,434,326,34325
10496,342,0,0,user_pics/342/01_Picture_2053.jpg,590,434,60381
76558,7524,0,0,user_pics/7524/273605_0e64c3a31e.jpg,500,333,95928
146565,9874,0,0,user_pics/9874/images_0765e98b5f.jpg,162,160,5321
69095,6938,0,0,user_pics/6938/6938____file_01_b_and_w.jpg,360,360,21438
162842,11890,0,0,user_pics/11890/fish-q_0fa9c8142e.jpg,187,192,12892
36608,26,0,0,user_pics/26/01_Red_Tops_others__Sept_8_07_014x7cc.jpg,504,285,132848
97852,8958,0,0,user_pics/8958/salvin_9f2099e739.jpg,600,528,118476
94845,5829,0,0,user_pics/5829/dsc067_98536c061d.jpg,480,320,68773
34259,2268,0,0,user_pics/2268/01_pic073007_2.jpg,320,240,17194
109311,9182,0,0,user_pics/9182/hmm.jp_8a5a213722.jpg,400,300,22983
7794,0,0,1,user_pics/anonymous/02_452e164907.jpg,430,323,41396
100866,8672,0,0,user_pics/8672/1120ba_2f8cef2f62.jpg,600,600,124123
243,0,0,0,user_pics/anonymous/albums/tankgallery/discustank.jpg,500,400,55696
179565,7776,1,0,user_pics/7776/rodeo__b06ba24a3e.jpg,198,145,9274
60498,5927,0,0,user_pics/5927/05_me.jpg,153,153,4547
57961,5311,0,0,user_pics/5311/02_jayhawk-splash-040308.gif,339,300,22732
2860,0,0,0,user_pics/anonymous/albums/album12/Cyprichromis_leptosoma_kitumba.jpg,250,120,8522
78624,1840,0,0,user_pics/1840/s73084_4d046b33d7.jpg,369,492,55175
98068,8854,0,0,user_pics/8854/416130_1815735912.jpg,160,107,11293
177126,13440,0,0,user_pics/13440/tank1__2a1b0398a6.jpg,192,256,10952
128814,8022,0,1,user_pics/8022/irwin-_d5203b23a7.jpg,280,280,180022
2211,0,0,0,user_pics/anonymous/albums/user_gallery/Regal_Red_Shoulder.jpg,400,266,26809
146590,11590,0,0,user_pics/11590/electr_15929069cf.jpg,320,240,29306
92785,5829,0,0,user_pics/5829/dsc064_2fe092e012.jpg,480,320,91550
102258,7113,0,0,user_pics/7113/2a4008_7ba713d375.jpg,145,108,2369
26058,2027,0,1,user_pics/2027/01_h_sp_carpinite.thumb,150,100,7378
183863,8830,0,0,user_pics/8830/image__2bd68b512e.jpg,376,241,33393
18083,745,0,0,user_pics/745/03_clavis.JPG,500,396,41475
58031,5913,0,0,user_pics/5913/01_04-07-08_2132.jpg,400,528,97632
103456,8728,0,0,user_pics/8728/2.jpg_fc0ee3df85.jpg,258,258,28654
78676,3177,0,0,user_pics/3177/five_s_53e99c5f3e.jpg,160,120,57654
10430,273,0,0,user_pics/273/01_geophagus.jpg,425,283,105400
6373,0,0,0,user_pics/anonymous/03_fishtank.jpg,250,187,8819
23335,2221,0,0,user_pics/2221/01_000.JPG,448,318,15126
125530,8744,0,0,user_pics/8744/smalli_0ada539623.jpg,360,480,25271
52868,5464,0,0,user_pics/5464/02_PICT0032.jpg,563,467,48017
6495,0,0,0,user_pics/anonymous/01_Jack.JPG,450,338,17550
16909,0,0,0,user_pics/anonymous/01_Tilapia_buttikoferi1.jpg,240,180,7886
2838,0,0,0,user_pics/anonymous/albums/album18/aquarium_004.jpg,544,408,43122
177507,12475,0,0,user_pics/12475/ask-qu_4f25c152e6.jpg,550,334,18174
43442,2756,0,0,user_pics/2756/01_Yellow_Acara.jpg,600,450,110725
125312,10406,0,1,user_pics/10406/assbat_3348d79ebe.jpg,446,336,67172
16974,1498,0,0,user_pics/1498/01_2ndconmal.jpg,432,323,35879
23,0,0,0,user_pics/anonymous/albums/tankgallery/paludario_sumbu_shell_copy.jpg,550,413,54204
21595,2114,0,0,user_pics/2114/01_peacock_feb_28_new_edit.jpg,600,450,169956
17850,0,0,0,user_pics/anonymous/01_NewTank.JPG,450,338,35211
60636,1579,1,0,user_pics/1579/01_new_114.jpg,500,375,48526
136640,8839,0,0,user_pics/8839/b6bf9e_0dd82b3145.jpg,450,338,44467
60996,3584,0,0,user_pics/3584/14_033.JPG,450,338,53834
16683,1061,0,0,user_pics/1061/01_HPIM1094.JPG,320,238,45548
8512,438,0,0,user_pics/438/02_flameback1.jpg,600,272,35213
105310,9403,0,0,user_pics/9403/photo0_9ba8247667.jpg,400,240,33090
163756,12525,0,0,user_pics/12525/new_gu_4fa91f4e3a.jpg,600,450,30836
143658,11422,0,0,user_pics/11422/056clo_e85ae15bf1.jpg,541,350,172009
143794,10802,0,1,user_pics/10802/untitl_4f01eb0888.jpg,451,338,458382
181843,11502,0,0,user_pics/11502/201304_18c39b4016.jpg,321,320,21994
61560,1579,1,0,user_pics/1579/01_Pleco_2.jpg,500,375,93447
67549,5603,0,0,user_pics/5603/5603____file_01_hpim1267.jpg,586,391,104740
139531,11212,0,0,user_pics/11212/brevis_5db45dd696.jpg,500,333,142737
3352,0,0,0,user_pics/anonymous/albums/malawi/I_Need_a_Name_101_0061.jpg,158,240,49775
134133,10915,0,0,user_pics/10915/0_004__4a477c8b4e.jpg,384,288,65194
190701,15500,1,1,user_pics/15500/decbd6f8-18ce-4cf7-905c-2c563f1f6bfd_2018-06-02-12-37-19.jpg,500,500,193711
52153,5391,0,0,user_pics/5391/02_DSC_8134_copy.JPG,463,289,165663
166271,12270,0,0,user_pics/12270/hellbo_57d2fcfc66.jpg,450,338,85173
22390,2114,0,0,user_pics/2114/01_aur_face_good_shot_crop.jpg,354,296,70127
4136,0,0,0,user_pics/anonymous/albums/other/gar_2.jpg,320,240,120415
69889,7010,0,1,user_pics/7010/7010____file_02_mysterycichlid.jpg,600,520,239694
87673,8204,0,0,user_pics/8204/edwj9c_60701b9a3e.jpg,150,113,4453
113592,8728,0,0,user_pics/8728/male_j_0cb5230988.jpg,258,258,32490
11593,0,0,0,user_pics/anonymous/01_fish9.jpg,475,316,183802
71677,4843,0,0,user_pics/4843/4843____file_01_018.jpg,329,396,32047
103247,9292,0,0,user_pics/9292/aai.jp_d221d6063e.jpg,500,388,65427
11586,682,0,0,user_pics/682/682____file_9999_03_003.jpg,176,144,25738
178536,11584,0,0,user_pics/11584/f8d720_4be4d804d0.jpg,450,338,103819
141344,5311,0,0,user_pics/5311/angel__232fac8429.jpg,240,238,9682
191355,15824,0,0,user_pics/15824/36e0b620-57be-481f-a92d-5d156bb684ab_1589628507188.jpg,288,576,32069
102131,6149,0,0,user_pics/6149/bifas._a4551496c3.jpg,567,378,173754
95310,5829,0,0,user_pics/5829/dsc068_2346889db1.jpg,480,320,98518
153766,11991,0,0,user_pics/11991/clownl_4767700a4a.jpg,320,191,11729
71822,4843,0,0,user_pics/4843/4843____file_03_001.jpg,529,423,73117
95706,8672,0,0,user_pics/8672/openmo_2b09028109.jpg,479,428,106022
471,0,0,0,user_pics/anonymous/albums/Sand-Tanks/sidespan.jpg,600,450,39578
3452,0,0,0,user_pics/anonymous/albums/malawi/02_G.jpg,485,397,30396
15810,1061,0,0,user_pics/1061/01_HPIM0805.JPG,320,238,59306
146688,11093,0,0,user_pics/11093/dscf29_affccf3c26.jpg,479,571,273676
3489,0,0,0,user_pics/anonymous/albums/malawi/O_silvertorpedo_001.jpg,500,222,99287
41330,4491,0,0,user_pics/4491/51_Tank.jpg,600,449,26190
81417,7239,0,0,user_pics/7239/th_dsc_54b9f72c61.jpg,120,160,3677
10215,0,0,0,user_pics/anonymous/01_22AulonoUsisya.jpg,500,350,191584
141624,11283,0,0,user_pics/11283/paul3__0d127c1533.jpg,186,115,24737
164913,9894,0,0,user_pics/9894/images_2177e14a1c.jpg,225,225,6983
75939,6092,0,0,user_pics/6092/2.jpg_22d280a196.jpg,496,372,51785
20875,2063,0,0,user_pics/2063/01_big_red_8b713bca769def2e08c166956025e775.jpg,400,273,90146
17992,1693,0,0,user_pics/1693/03_Picture_110.jpg,320,240,72654
19651,1908,0,0,user_pics/1908/01_google_pic.JPG,180,202,11836
11062,0,0,0,user_pics/anonymous/01_fish3.JPG,450,338,48642
129383,9482,0,0,user_pics/9482/downsi_60ced4f4b3.jpg,512,384,30668
91742,5829,0,0,user_pics/5829/dsc062_1b4a39f480.jpg,480,320,73601
8876,438,0,0,user_pics/438/01_gt4.jpg,600,549,57510
69888,7010,0,0,user_pics/7010/7010____file_01_mysterycichlid.jpg,600,520,239694
11863,0,0,0,user_pics/anonymous/01_Photo_#25.jpg,320,240,7040
1450,0,0,0,user_pics/anonymous/albums/album22/P1010167.jpg,360,205,42653
78997,7546,0,0,user_pics/7546/photo0_c0b33ccdeb.jpg,240,320,18879
29062,2957,0,0,user_pics/2957/01_0517071510.JPG,436,327,23242
11656,26,0,1,user_pics/26/01_DSC00051(1)x4.jpg,432,324,82118
10657,0,0,0,user_pics/anonymous/01_Karma1.jpg,367,280,14754
3341,0,0,0,user_pics/anonymous/albums/malawi/Cichlids_101_0056.jpg,567,476,96627
144271,11473,0,0,user_pics/11473/fish1__079a498598.jpg,150,112,4455
184496,11502,0,0,user_pics/11502/angelf_8688d1a90a.jpg,358,370,42974
51716,5336,0,0,user_pics/5336/01_100_0265.jpg,264,202,19930
135049,10972,0,0,user_pics/10972/fish5__f1a495c257.jpg,450,338,72574
77888,7476,0,0,user_pics/7476/albino_6abaa7d7ba.jpg,500,375,36026
104975,1702,0,0,user_pics/1702/dscn03_b9f02c389a.jpg,383,386,65779
7422,0,0,1,user_pics/anonymous/06_Picture_002.jpg,360,240,9569
107156,7765,0,0,user_pics/7765/images_77f1bcf2a7.jpg,124,95,4081
66486,6620,0,0,user_pics/6620/6620____file_01_0802082126b.jpg,450,338,48417
56125,5768,0,0,user_pics/5768/01_l_d32d2506642b4160991b218dcb3ae9e3-1-.jpg,600,449,41258
57410,3130,0,0,user_pics/3130/07_Copy_of_untitled.bmp,546,537,880734
60858,1579,1,0,user_pics/1579/01_FISH_011.jpg,450,338,47259
181708,11502,0,0,user_pics/11502/upload_ea72a09dbd.jpg,216,343,27027
99102,5829,0,0,user_pics/5829/dsc071_cda36290f5.jpg,480,320,120484
187093,12972,0,0,user_pics/12972/cm1408_2f855b8b03.jpg,480,270,37969
101890,9049,0,0,user_pics/9049/art_os_9cd5494c7a.jpg,600,512,43359
139738,4615,0,0,user_pics/4615/thumbn_53051b117a.jpg,160,120,3214
61228,1579,1,1,user_pics/1579/01_nm5.jpg,500,375,66259
2609,0,0,0,user_pics/anonymous/albums/american/pinky.jpg,182,199,25540
9529,47,0,0,user_pics/47/01_IM000077.JPG,559,382,126209
20662,1649,0,0,user_pics/1649/01_red_top.bmp,400,300,360054
76588,7518,0,1,user_pics/7518/1038_1_d159cde941.jpg,448,238,21290
63914,2895,0,0,user_pics/2895/2895____file_01_garlic2.jpg,500,333,23426
77851,7574,0,0,user_pics/7574/img_18_a7be45e6ee.jpg,311,437,80632
2642,0,0,0,user_pics/anonymous/albums/american/GT_55_gal_tank_Feb_05_031x7.jpg,504,415,195623
164507,8887,0,0,user_pics/8887/neo_he_12c9f9c04f.jpg,320,240,16177
185120,12903,0,0,user_pics/12903/dsc_03_9098f4e11c.jpg,319,213,36465
69599,6853,0,0,user_pics/6853/6853____file_01_29e1981b3e.jpg,430,323,32272
56132,5768,0,0,user_pics/5768/01_l_3b0c613e22e2ac57acbb3e28cd31b23a-2-.jpg,600,449,38598
178456,982,0,1,user_pics/982/ebf09e_3ddeeac096.jpg,150,74,3279
17687,1061,0,0,user_pics/1061/01_HPIM1213.JPG,320,238,60825
65779,5311,0,0,user_pics/5311/5311____file_01_redspottedsaffron.jpg,320,288,34615
104066,8672,0,0,user_pics/8672/profil_f34e4ecf65.jpg,572,516,51210
85281,8106,0,1,user_pics/8106/lake_t_4db2f60389.jpg,600,221,89580
63461,5421,0,0,user_pics/5421/5421____file_01_dsc00158.jpg,425,284,50036
104577,7776,1,0,user_pics/7776/indian_dcae6f6ab3.jpg,600,450,85037
13484,874,0,0,user_pics/874/01_Festae_female_edited.jpg,500,324,46298
70156,3252,0,0,user_pics/3252/3252____file_01_cichlids__153_.jpg,519,389,40065
21252,2114,0,0,user_pics/2114/01_texas_edit.jpg,315,287,56589
2444,0,0,0,user_pics/anonymous/albums/american/Image001_001.jpg,320,240,6347
4431,0,0,0,user_pics/anonymous/albums/tankgallery/dempseysmod.jpg,600,450,67183
134986,3584,0,0,user_pics/3584/536b70_2c636d86cb.jpg,450,298,86174
88302,5829,0,0,user_pics/5829/dsc057_08a6e0a3c8.jpg,480,320,94289
139921,10784,0,0,user_pics/10784/dsc011_889fdaedf5.jpg,500,281,16299
178958,13161,0,0,user_pics/13161/3dc2e4_452500cbb7.jpg,450,338,111532
10807,653,0,0,user_pics/653/04_2.jpg,576,432,34994
62513,1579,1,0,user_pics/1579/1579____file_01_today_055.jpg,500,375,74955
147738,11057,0,0,user_pics/11057/bb_146_40e54ab416.jpg,320,240,26642
117455,9520,0,0,user_pics/9520/q_bmp_686e3a657a.jpg,106,129,41334
170974,12944,0,0,user_pics/12944/i_give_c6be95c249.jpg,223,226,71138
103168,5829,0,0,user_pics/5829/dscn01_dd5a5763a2.jpg,480,360,114908
49257,4114,0,0,user_pics/4114/01_trimac.jpg,150,113,4311
61230,1579,1,0,user_pics/1579/01_nm7.jpg,500,375,85083
94064,8721,1,0,user_pics/8721/pm2_09_3635d530ee.jpg,500,375,45880
138136,3584,0,1,user_pics/3584/d4c896_7556adcddd.jpg,450,338,37406
94814,8728,0,0,user_pics/8728/my_fat_e9c6be4807.jpg,406,406,63213
8159,396,0,0,user_pics/396/01_green_terror_c838cf5fa60b402272c2f3589b08c695.jpg,200,329,38382
9902,546,0,0,user_pics/546/01_Zebracichlidene.jpg,480,360,29599
168215,11584,0,0,user_pics/11584/04bd95_652781283f.jpg,150,200,5443
61955,4304,0,0,user_pics/4304/4304____file_01_hpim4390.jpg,600,447,57003
162673,12308,0,1,user_pics/12308/lfd_pn_0857f3e06b.jpg,291,72,33484
101540,5829,0,0,user_pics/5829/dsc076_4ca4df4227.jpg,480,320,73607
61954,4304,0,0,user_pics/4304/4304____file_01_hpim4389.jpg,600,447,41427
38992,4233,0,0,user_pics/4233/02_Picture_436.jpg,538,404,102797
77381,7488,0,0,user_pics/7488/img_03_ff11e8abac.jpg,448,307,31062
50350,2231,0,1,user_pics/2231/01_dovii_4.jpg,500,384,43443
177111,3584,0,0,user_pics/3584/facf83_95a620aa34.jpg,150,70,3024
129679,7523,0,1,user_pics/7523/11111__2eec267355.jpg,500,333,24279
10117,0,0,0,user_pics/anonymous/01_black_gray_cichlids.jpg,360,334,102606
1954,0,0,0,user_pics/anonymous/albums/user_gallery/fish_2.jpg,320,240,26440
142084,9894,0,0,user_pics/9894/profil_093d6b40e0.jpg,502,502,757070
21016,1748,0,0,user_pics/1748/02_untitled4.jpg,545,381,33426
186817,11502,0,0,user_pics/11502/201408_69ed8875f3.jpg,320,320,9639
109252,7776,1,0,user_pics/7776/untitl_409d461fdb.jpg,64,40,7734
15506,1266,0,0,user_pics/1266/02_DSC05647.JPG,600,450,175846
35208,3821,0,0,user_pics/3821/02_RT_RD.JPG,400,300,49014
5597,154,0,0,user_pics/154/01_My_tank.JPG,576,432,77618
139402,10395,0,0,user_pics/10395/196457_f7477dbb25.jpg,180,135,11367
134679,9174,0,0,user_pics/9174/img_63_b834c32b5a.jpg,534,400,51143
3483,0,0,0,user_pics/anonymous/albums/malawi/Eclectochr_ornatus_001.jpg,500,392,97603
16650,1516,0,0,user_pics/1516/02_ok2.jpg,375,232,16937
188611,9669,0,0,user_pics/9669/excite_6c8349001c.jpg,500,232,499137
181166,11502,0,0,user_pics/11502/201307_8a46544d0d.jpg,275,169,7758
3256,0,0,0,user_pics/anonymous/albums/malawi/Aulonocara_baenschi_Nkhomo.jpg,400,316,73096
28268,753,0,0,user_pics/753/01_DCP_2044.JPG,474,518,99479
32946,753,0,0,user_pics/753/02_DCP_2263.JPG,321,298,35846
11941,615,0,0,user_pics/615/02_IM000794.JPG,400,304,64768
60632,1579,1,0,user_pics/1579/01_new_090.jpg,500,375,49887
80089,6936,0,0,user_pics/6936/img010_c89622fa72.jpg,480,384,19337
30609,2690,0,0,user_pics/2690/01_e2.jpg,441,305,18930
159412,12244,0,0,user_pics/12244/face_j_e6393aafe6.jpg,400,400,18218
185650,8210,0,0,user_pics/8210/heater_1af1b5a95d.jpg,200,200,4644
2076,0,0,0,user_pics/anonymous/albums/user_gallery/Any_Guess.jpg,600,450,43017
15663,1266,0,0,user_pics/1266/04_4.jpg,400,329,18454
15119,0,0,0,user_pics/anonymous/0____file_9999_07_2.jpg,258,258,23591
60518,4818,0,0,user_pics/4818/01_FISH_MOVIE-animate.gif,200,149,993321
10514,615,0,0,user_pics/615/02_IM000381.JPG,544,416,124064
148988,9824,0,0,user_pics/9824/questi_05fe41659c.jpg,200,185,4684
186728,1840,0,0,user_pics/1840/2014-0_1718907e06.jpg,451,353,289020
5223,0,0,0,user_pics/anonymous/01_IM000265.JPG,552,425,147251
61269,3584,0,0,user_pics/3584/27_021.JPG,450,338,48528
3024,0,0,0,user_pics/anonymous/albums/malawi/compricisseps_malawi.jpg,550,413,66038
4702,0,0,0,user_pics/anonymous/01_85024236_288992175_0.jpg,250,250,13450
172595,13070,0,0,user_pics/13070/electr_70e0feb0ce.jpg,320,240,27555
22750,2278,0,0,user_pics/2278/03_ahli.jpg,320,240,23364
72381,6480,0,0,user_pics/6480/6480____file_01_hpim0797.jpg,282,212,25692
106010,8887,0,0,user_pics/8887/openbo_18453d0916.jpg,480,384,24988
52608,5046,0,0,user_pics/5046/01_22-02-08_1558.jpg,320,240,10643
6066,180,0,0,user_pics/180/01_lilram7.bmp,588,325,573354
135233,9174,0,0,user_pics/9174/img_64_d00e167fea.jpg,467,350,52378
1017,0,0,0,user_pics/anonymous/albums/tankgallery2/malawi_Eye_biter_7_9_05_039x7.jpg,504,378,137862
74629,6546,0,0,user_pics/6546/6546____file_01_1105080933a_0001.jpg,322,290,20323
151632,11832,0,0,user_pics/11832/greb_j_b6ac19c741.jpg,558,414,39716
6701,0,0,0,user_pics/anonymous/01_parrots1.jpg,448,336,37824
175341,12407,0,0,user_pics/12407/url_jp_e2d64a8f78.jpg,400,400,22872
3484,0,0,0,user_pics/anonymous/albums/malawi/F_rostratus_001.jpg,500,235,95751
22125,26,0,0,user_pics/26/01_Tank_Room_done_261x6.jpg,432,324,124934
56949,982,0,0,user_pics/982/01_906af11d28.jpg,430,323,37729
110762,8728,0,0,user_pics/8728/1.jpg_5d54a4fb09.jpg,258,258,40213
3592,0,0,0,user_pics/anonymous/albums/malawi/lateristriga.jpg,500,355,152439
4925,0,0,0,user_pics/anonymous/01_fish_005.jpg,386,251,76881
122191,10216,0,0,user_pics/10216/getatt_e6a52cf325.jpg,293,233,50138
3412,0,0,0,user_pics/anonymous/albums/malawi/Cop_geertsi.jpg,500,360,100039
43680,1579,1,0,user_pics/1579/1579____file_9999_17_fish_018.jpg,500,375,60133
13429,0,0,0,user_pics/anonymous/01_10_55f3601d512c6dd4586cc821103485ae.jpg,600,450,67278
91740,5829,0,0,user_pics/5829/dsc062_76f02f38d8.jpg,480,320,81934
129369,10627,0,0,user_pics/10627/035_jp_b2ca54cac8.jpg,320,480,70973
190506,23,0,0,user_pics/23/042b2551-c6dc-4798-87e7-2197ca89e491_alex_portrait_q.jpg,305,305,87501
152754,11832,0,0,user_pics/11832/rc_jpg_2cd873a1b7.jpg,590,368,26020
22238,2114,0,0,user_pics/2114/01_frank_food_2.jpg,425,318,84143
162171,11513,0,0,user_pics/11513/2012-0_e2b35d9d99.jpg,522,480,35742
29419,1835,0,0,user_pics/1835/01_images-10-.jpg,90,61,2278
173775,11344,0,0,user_pics/11344/cobue__82767a6496.jpg,450,300,32774
3881,0,0,0,user_pics/anonymous/albums/african/lightblue.jpg,400,200,20341
102694,8887,0,0,user_pics/8887/malawi_2660f011fc.jpg,480,384,16948
31810,3418,0,0,user_pics/3418/01_119.jpg,352,288,12342
94030,8728,0,0,user_pics/8728/red.jp_4c36d37bc0.jpg,406,406,63758
18661,1579,1,0,user_pics/1579/02_unknown_10389bce6d9c04a9b4e31d8140685589.jpg,386,282,25633
18642,0,0,0,user_pics/anonymous/01_parrots1.JPG,450,338,35887
61884,1579,1,0,user_pics/1579/1579____file_01_New_092.jpg,500,281,35892
16464,977,0,0,user_pics/977/02_red3.jpg,600,450,36879
179314,13531,0,0,user_pics/13531/snapsh_e309d559aa.jpg,494,371,228827
11116,0,0,0,user_pics/anonymous/01_my_fish_022.jpg,519,486,24405
25389,2503,0,0,user_pics/2503/01_t5fish_027.jpg,500,375,151863
187496,14331,0,0,user_pics/14331/th-4_j_ce9c285504.jpg,225,190,3922
27910,1579,1,0,user_pics/1579/01_Eureka.JPG,450,338,35911
24109,2498,0,0,user_pics/2498/01_Aci.jpg,320,240,5907
1333,0,0,0,user_pics/anonymous/albums/album22/Fish_1.jpg,352,288,15618
101019,9120,0,0,user_pics/9120/1123_0_3b6cb90650.jpg,428,209,29345
91248,5603,0,0,user_pics/5603/pict03_0fa0d55dfd.jpg,475,317,70548
191101,15603,0,0,user_pics/15603/4bf01af9-1334-45a1-af5e-a8d3c1aae185_92d0480e-bfaf-4387-8311-7db4d20b6254.jpeg,480,360,55533
62066,2690,0,1,user_pics/2690/2690____file_01_pens_300_small.jpg,200,200,3145
162484,12430,0,0,user_pics/12430/questi_ef22337fa7.jpg,400,400,20051
181440,12475,0,0,user_pics/12475/c5e3b5_8a38ac43ff.jpg,450,338,36887
20225,1579,1,0,user_pics/1579/01_b-a.JPG,470,547,49783
103928,8672,0,0,user_pics/8672/babyse_b82305ec4e.jpg,600,483,180507
56127,5768,0,0,user_pics/5768/01_l_79dbdf1f6e7697710e5aea477a52e0aa-1-.jpg,600,449,27283
178188,13500,0,1,user_pics/13500/dead_j_233bfc9bc9.jpg,450,248,69564
39615,1579,1,0,user_pics/1579/01_hongi_017.jpg,498,512,35570
7349,0,0,0,user_pics/anonymous/01_103677145605_290.jpg,296,224,18123
99241,8728,0,0,user_pics/8728/babies_b54315367d.jpg,406,406,28446
13902,0,0,0,user_pics/anonymous/01_large.jpg,500,375,54741
171607,11479,0,0,user_pics/11479/rip_jp_ea28e36968.jpg,225,225,7590
103334,9297,0,0,user_pics/9297/p10101_8edde6e54a.jpg,551,327,47950
38634,0,0,0,user_pics/anonymous/04_bb.jpg,304,304,27494
111874,9733,0,0,user_pics/9733/ndumbi_0102d1c495.jpg,448,312,73794
105350,6149,0,0,user_pics/6149/pairin_afbc5dd362.jpg,567,378,157844
181436,12475,0,0,user_pics/12475/94ce48_0cb77f7b08.jpg,450,338,121527
109033,3584,0,0,user_pics/3584/valent_99e6b00dcf.jpg,528,464,12011
37830,1579,1,0,user_pics/1579/1579____file_9999_04_FISH_064.jpg,500,375,73267
44034,4680,0,0,user_pics/4680/01_123_011.jpg,448,230,50661
90336,1368,0,0,user_pics/1368/web-sa_1eecb09c45.jpg,440,310,40778
160502,13514,0,0,user_pics/12280/jack_r_8a2564e1c0.jpg,320,240,11242
7005,0,0,0,user_pics/anonymous/01_red-top-zebra.jpg,400,263,30015
77,0,0,0,user_pics/anonymous/albums/tankgallery/Tank_5_nov_2003.jpg,450,330,78990
108898,9445,0,0,user_pics/9445/pictur_c308ec86b2.jpg,320,240,12644
31080,1368,0,0,user_pics/1368/01_17125977.Nandopsistetracanthus01m.jpeg,160,109,4781
187331,14331,0,0,user_pics/14331/_20141_bcb1ae0d1d.jpg,280,374,32780
90795,8210,0,0,user_pics/8210/zaccic_9594878316.jpg,375,500,56542
154281,9669,0,0,user_pics/9669/greent_b22bbfedfe.jpg,255,166,4849
103586,8728,0,0,user_pics/8728/sdgzfb_b81d78c25a.jpg,258,258,40394
12648,0,0,0,user_pics/anonymous/01_6_of_13_fry.JPG,365,259,44120
77369,5829,0,0,user_pics/5829/dsc046_d200b15870.jpg,480,360,115901
53980,5410,0,0,user_pics/5410/01_look_over_there.JPG,290,399,23829
106670,9275,0,1,user_pics/9275/fish_i_a5611b97d9.jpg,450,338,59088
77604,5829,0,0,user_pics/5829/dsc046_b1e34c90d0.jpg,480,320,71508
15054,615,0,0,user_pics/615/01_IM000963.JPG,512,384,73856
3180,0,0,0,user_pics/anonymous/albums/malawi/virginalis_gold.jpg,500,288,80943
10502,615,0,0,user_pics/615/01_IM000462.JPG,544,416,97280
143173,11405,0,1,user_pics/11405/flower_28052f0eb0.jpg,267,189,13024
188466,14749,0,0,user_pics/14749/connor_3ce087cf4a.jpg,240,135,9256
42320,123,0,0,user_pics/123/01_Dad_vs_Son_Wide.jpg,562,424,91182
1231,0,0,0,user_pics/anonymous/albums/album22/Albino_RedZebra.jpg,320,240,52145
143688,9210,0,0,user_pics/9210/dubs_j_da8db2bec8.jpg,320,229,31823
16329,1061,0,0,user_pics/1061/01_HPIM0913.JPG,320,238,50627
37124,3756,0,0,user_pics/3756/01_unkown_fish.jpg,160,120,1518
79785,5829,0,0,user_pics/5829/dsc049_1bfe3eec7c.jpg,480,320,93519
186012,8746,0,0,user_pics/8746/greber_6e37b42d7f.jpg,480,270,285530
66503,6594,0,0,user_pics/6594/6594____file_01_s7300726.jpg,450,338,24537
12054,342,0,0,user_pics/342/02_Picture_2053.jpg,590,434,60381
5055,0,0,1,user_pics/anonymous/01_fagget.jpg,500,400,199259
186113,8746,0,0,user_pics/8746/image4_dea8b0dbe0.jpg,480,270,297564
29181,3067,0,0,user_pics/3067/01_My_Part.jpg,320,240,8784
53060,5484,0,0,user_pics/5484/01_P1000887.JPG,440,250,30468
148120,11726,0,0,user_pics/11726/friend_7e3688b617.jpg,360,480,42837
3863,0,0,0,user_pics/anonymous/albums/african/SterlingandFujita.jpg,483,453,100696
10033,570,0,0,user_pics/570/01_Who_am_I_2.jpg,451,294,62205
61953,4304,0,0,user_pics/4304/4304____file_01_hpim4382.jpg,600,312,58360
67837,5829,0,0,user_pics/5829/5829____file_01_dsc01559.jpg,320,240,64386
4039,0,0,0,user_pics/anonymous/albums/african/AfricanCichlid3.jpg,320,240,13495
77370,5829,0,0,user_pics/5829/dsc046_31ed69428a.jpg,480,320,107055
78759,5829,0,0,user_pics/5829/dsc048_2f8deceb76.jpg,480,320,85122
18371,1637,0,0,user_pics/1637/06_firemouth.jpg,480,360,61963
6195,0,0,0,user_pics/anonymous/01_babys.JPG,576,432,78218
119556,7776,1,1,user_pics/7776/bh_jpg_343dde0ea2.jpg,133,116,5411
33913,2480,0,1,user_pics/2480/01_Fish_Anatomy.jpg,600,400,52724
185113,12903,0,0,user_pics/12903/dsc_03_e51681843d.jpg,319,213,23657
189926,23,0,1,user_pics/23/93b6a347-642e-4090-99c3-47d494f6af22_questi_c65a1753d5.jpg,304,320,9019
185862,12903,0,1,user_pics/12903/dsc_06_eb23e78eec.jpg,319,213,42323
48650,4294,0,0,user_pics/4294/01_blackspots.JPG,600,356,58452
1829,0,0,0,user_pics/anonymous/albums/user_gallery/AQUARIUM_0284.jpg,511,298,45204
47525,4982,0,0,user_pics/4982/01_DSCF1225.JPG,352,360,58487
7006,0,0,0,user_pics/anonymous/01_aulonocara-lwanda.jpg,432,307,31714
185537,10783,0,0,user_pics/10783/2014-0_6c5c3514b7.jpg,436,384,19427
135490,9669,0,0,user_pics/9669/questi_fa6c8d7a39.jpg,200,252,4846
81306,7721,0,0,user_pics/7721/new_sa_3cd6d91196.jpg,600,480,20980
3372,0,0,0,user_pics/anonymous/albums/malawi/Purple_Stripe_Yellow_Fin_Something_101_0118.jpg,360,324,45679
12684,0,0,0,user_pics/anonymous/01_Image043.jpg,320,240,26428
190050,15273,0,0,user_pics/15273/3a5ff9_59e95a66ca.jpg,130,97,28038
137497,11005,0,0,user_pics/11005/img002_c9f66f1925.jpg,320,240,16066
60874,3584,0,0,user_pics/3584/07_041.JPG,450,338,42786
8885,438,0,0,user_pics/438/01_severum11.jpg,500,600,51872
125296,10406,0,1,user_pics/10406/gyarad_1e8c65f941.jpg,230,219,10410
37453,1579,1,0,user_pics/1579/1579____file_9999_09_fish_010.jpg,500,375,37155
6692,261,0,0,user_pics/261/01_fish_4.jpg,320,240,23360
8162,396,0,1,user_pics/396/02_tank_withred.JPG,600,450,201640
16730,0,0,0,user_pics/anonymous/01_b9f120782b.gif,250,319,67509
183033,13802,0,0,user_pics/13802/cam002_1d91b50636.jpg,480,260,70234
164586,2439,0,0,user_pics/2439/2012-0_c63f0e6b3e.jpg,480,480,67221
54543,5563,0,0,user_pics/5563/01_Image16.jpg,480,360,86691
85356,6915,0,0,user_pics/6915/rework_9ff858105b.jpg,125,125,32880
56706,5809,0,1,user_pics/5809/01_flametail.jpg,181,120,6126
35414,3875,0,0,user_pics/3875/01_DSC05198.jpg,300,224,52290
165430,12270,0,0,user_pics/12270/f1d6d1_7a922350d3.jpg,450,301,71108
4144,0,0,0,user_pics/anonymous/albums/other/Foot_Long_GF_55gal.jpg,600,425,199178
153286,11479,0,0,user_pics/11479/face_j_02bd6f4da4.jpg,139,140,3379
16289,1419,0,1,user_pics/1419/01_parrot3thumb.jpg,100,78,1937
170533,8447,0,0,user_pics/8447/clownl_e6a150a06d.jpg,403,303,78763
95582,8621,0,0,user_pics/8621/discus_21f0aa3aac.jpg,432,324,39654
3199,0,0,0,user_pics/anonymous/albums/malawi/A_Jacobfreibergi_otter_poi2.jpg,500,365,78614
28494,2973,0,0,user_pics/2973/01_Image100.jpg,320,240,18025
45725,1579,1,0,user_pics/1579/01_C.Brichardi.jpg,511,485,82766
185861,12903,0,0,user_pics/12903/dsc_06_13abe7ddde.jpg,319,213,42174
77530,650,0,0,user_pics/650/3.jpg_7390f7916c.jpg,406,406,61896
67117,6691,0,0,user_pics/6691/6691____file_01_my_tank__1_.jpg,567,258,190031
163290,3584,0,0,user_pics/3584/heart__824417510b.jpg,101,92,1834
41141,4478,0,1,user_pics/4478/02_african_cichlid_show_aquarium.jpg,430,322,29734
168223,10747,0,0,user_pics/10747/ec570a_64794d2c62.jpg,450,302,172656
128346,9944,0,0,user_pics/9944/pictur_cdee4c5c25.jpg,590,308,316305
3163,0,0,0,user_pics/anonymous/albums/malawi/DSC00387.jpg,499,374,52781
116401,8918,0,1,user_pics/8918/jewel-_9e991ad3cd.jpg,200,150,5965
30845,3177,0,0,user_pics/3177/salvin_f675dd2b61.jpg,160,120,57654
173778,11344,0,0,user_pics/11344/pair_r_e3964ea932.jpg,450,300,39775
69651,6986,0,0,user_pics/6986/6986____file_01_dscn1623_320x240.jpg,320,240,65863
30428,2957,0,0,user_pics/2957/03_FISHY.JPG,416,312,21864
81472,5829,0,0,user_pics/5829/dsc051_e7a1394c3f.jpg,480,320,75058
15194,1206,0,0,user_pics/1206/01_tinfoil1.jpg,432,288,24686
4135,0,0,0,user_pics/anonymous/albums/other/gar.jpg,320,202,46308
127918,10548,1,1,user_pics/10548/ram_jp_b38c35d4aa.jpg,526,263,34457
64029,1579,1,0,user_pics/1579/1579____file_01_johanni1.jpg,500,375,43400
37558,4114,0,0,user_pics/4114/01_big_oscar.jpg,150,113,2391
2967,0,0,0,user_pics/anonymous/albums/album06/Julidochromis_regani.jpg,220,99,7576
187053,3497,0,0,user_pics/3497/azares_5fc3172f14.jpg,360,270,18754
103875,9182,0,0,user_pics/9182/fulu_2_a8f57c5090.jpg,462,281,132915
21473,123,0,0,user_pics/123/01_11956a.jpg,500,402,40372
154488,11832,0,0,user_pics/11832/otterp_8844f49e57.jpg,568,322,44802
66259,4304,0,0,user_pics/4304/4304____file_01_img_1078.jpg,493,411,107301
40608,123,0,0,user_pics/123/01_Brichardi_Part_3.jpg,466,349,69685
3200,0,0,0,user_pics/anonymous/albums/malawi/A_Jacobfreibergi_otter_poi3.jpg,500,438,78604
81314,7721,0,0,user_pics/7721/new_sa_3a0b544bea.jpg,600,480,22941
125112,3584,0,0,user_pics/3584/6250_1_b1213502d3.jpg,130,130,7256
43713,0,0,0,user_pics/anonymous/01_!!!.jpg,448,321,27242
82306,7646,0,0,user_pics/7646/me.jpg_02d5117c20.jpg,600,449,47023
30743,3280,0,0,user_pics/3280/02_Fish_Tank_011.jpg,160,120,4671
32828,2480,0,0,user_pics/2480/02_IMG_3279.JPG,480,360,38971
132828,10433,0,0,user_pics/10433/7_jpg_0a40755a4c.jpg,533,400,94942
95681,8779,0,0,user_pics/8779/fish5._8d00d189c1.jpg,120,160,4508
95353,8728,0,0,user_pics/8728/baby_j_c20b983491.jpg,406,406,44694
91751,5829,0,0,user_pics/5829/dsc062_b86b0e2a50.jpg,480,320,79435
60880,3584,0,0,user_pics/3584/08_048.JPG,450,338,54720
114510,5901,0,0,user_pics/5901/dsc014_abfea42095.jpg,418,312,72179
16187,1411,0,0,user_pics/1411/01_111506_1903.jpg,120,160,4784
11311,0,0,0,user_pics/anonymous/01_BEREN2.JPG,253,308,15161
141674,9482,0,0,user_pics/9482/downsi_27c1460092.jpg,512,384,27547
177778,12475,0,0,user_pics/12475/4bd24e_ea0564894d.jpg,450,338,126320
148083,8210,0,0,user_pics/8210/zacspi_9a0e654a22.jpg,592,432,133332
135779,1734,0,0,user_pics/1734/lady_j_5e42e161f5.jpg,315,500,47879
83141,2211,0,1,user_pics/2211/imagej_8bb55a17c7.jpg,360,480,23199
141672,9482,0,0,user_pics/9482/downsi_8a7c20f311.jpg,512,384,32050
78873,7574,0,0,user_pics/7574/img_24_047b087470.jpg,466,268,102504
171661,12944,0,0,user_pics/12944/true_j_17cdb95c50.jpg,500,402,25475
20730,2063,0,0,user_pics/2063/03_big_blue.jpg,500,375,136573
168213,10887,0,0,user_pics/10887/9e940a_75a071c0a2.jpg,450,269,21128
95504,2306,0,0,user_pics/2306/286489_6ea69e2a6b.jpg,304,304,23000
2943,0,0,0,user_pics/anonymous/albums/Neolamprologus_brichardi/N1.jpg,480,304,79931
61013,1579,1,0,user_pics/1579/01_NO_FLASH_017.jpg,500,375,48030
190700,15500,0,0,user_pics/15500/cc6bee19-045f-49b3-9db0-ebc91c6abe27_2018-05-06_10-51-34.jpg,532,420,47624
67244,6705,0,0,user_pics/6705/6705____file_01_we_frontosa__2_.jpg,320,240,27987
76031,5603,0,0,user_pics/5603/hpim31_b524e9799c.jpg,413,275,64418
40526,26,0,0,user_pics/26/02_brichardi_tank_2__07_027x7c.jpg,504,392,146273
83367,7717,0,0,user_pics/7717/100_16_558b7afc11.jpg,168,127,8124
1021,0,0,0,user_pics/anonymous/albums/tankgallery2/136_G.jpg,400,300,35410
177230,13448,0,0,user_pics/13448/mr_d_j_78106e664c.jpg,523,348,17922
16506,1061,0,0,user_pics/1061/01_HPIM0591.JPG,320,238,71697
135305,10802,0,1,user_pics/10802/dayton_9eb9d0acdf.jpg,594,396,111680
109243,9592,0,0,user_pics/9592/tank_1_63d3892933.jpg,480,360,45276
3426,0,0,0,user_pics/anonymous/albums/malawi/rhamphochromis_ferow_yello.jpg,500,305,91185
51767,5046,0,0,user_pics/5046/01_18-11-07_1905.jpg,160,120,4191
125023,9805,0,0,user_pics/9805/a_ruby_4c08fa4e78.jpg,500,305,148385
27380,2871,0,0,user_pics/2871/01_jfishpcROM042007.jpg,567,369,132706
14615,615,0,0,user_pics/615/01_IM000857.JPG,432,336,74304
183482,11502,0,0,user_pics/11502/201311_14fa0db4c9.jpg,467,373,26387
109206,9445,0,0,user_pics/9445/pictur_5bc0e300eb.jpg,320,240,16203
21028,2089,0,0,user_pics/2089/01_DSC00356.JPG,448,298,28580
61351,3584,0,0,user_pics/3584/24_026.JPG,450,338,65609
21168,2099,0,0,user_pics/2099/01_pearl_100.jpg,400,300,99793
46693,3071,0,0,user_pics/3071/01_red_fish_1.jpg,320,240,7826
8880,438,0,0,user_pics/438/01_pleco3.jpg,600,405,47528
3417,0,0,0,user_pics/anonymous/albums/malawi/F_rostratus.jpg,500,235,95751
171722,12552,0,0,user_pics/12552/crazy__ff4abe404d.jpg,150,200,4858
97786,8958,0,0,user_pics/8958/emily__24b7325105.jpg,600,520,114599
179221,12930,0,0,user_pics/12930/afra_p_dcd3fe8901.jpg,565,424,151905
61563,1579,1,0,user_pics/1579/01_Pleco_5.jpg,500,375,48235
69423,6953,0,0,user_pics/6953/6953____file_01_picture_2.png,600,356,407991
133907,9805,0,0,user_pics/9805/ruby_r_8f008da74f.jpg,509,391,133838
96975,8553,0,0,user_pics/8553/chicag_3862c61e46.jpg,101,128,6495
25170,2153,0,0,user_pics/2153/02_Fred.jpg,360,376,26219
51563,5308,0,1,user_pics/5308/18_fish1.jpg,400,300,37241
4101,0,0,0,user_pics/anonymous/albums/other/DSCN1944.jpg,600,400,104333
6240,0,0,0,user_pics/anonymous/02_aaa.JPG,576,432,84090
120541,10059,0,0,user_pics/10059/photo0_e259a8327e.jpg,480,480,41226
71749,7125,0,0,user_pics/7125/7125____file_01_1105081125-1-.jpg,320,240,25266
43899,0,0,0,user_pics/anonymous/01_crocright.jpg,600,450,268895
43664,4581,0,0,user_pics/4581/01_Bandeira1.jpeg,320,240,9002
157735,11479,0,0,user_pics/11479/little_bbb7d7e3c0.jpg,320,240,11632
75492,5311,0,0,user_pics/5311/kh%20__f988139988.jpg,252,169,43227
76294,5829,0,0,user_pics/5829/dsc044_bb47f81a83.jpg,480,360,88928
40564,615,0,0,user_pics/615/01_100_0949.JPG,502,540,58643
170361,12873,0,0,user_pics/12873/05cb9c_19a2e33b5f.jpg,450,341,63593
149514,3584,0,0,user_pics/3584/fish_p_7283c81c11.jpg,320,212,118295
135674,11022,0,1,user_pics/11022/d5341d_b5321e667a.jpg,169,55,5350
3597,0,0,0,user_pics/anonymous/albums/malawi/Thola.jpg,500,210,103949
48092,4994,0,0,user_pics/4994/01_200px-Long_finned_oscar.jpg,200,133,21717
16597,1061,0,0,user_pics/1061/01_HPIM1088.JPG,320,238,49637
27737,2837,0,1,user_pics/2837/03_Photo_0023.jpg,320,240,28140
62877,1579,1,0,user_pics/1579/1579____file_01_new_001.jpg,500,370,67168
29174,2415,0,0,user_pics/2415/01_need_identification.jpg,320,240,37265
133661,10845,0,0,user_pics/10845/ham_jp_16ff6cc300.jpg,124,93,2276
116358,6149,0,0,user_pics/6149/baby_r_aa10565b2b.jpg,567,378,194457
163779,3497,0,1,user_pics/3497/untitl_031fa24ae0.jpg,275,175,144954
61392,1579,1,0,user_pics/1579/01_Zoo_Trip_009.jpg,500,375,70223
44108,1368,0,0,user_pics/1368/01_SN850486.JPG,531,399,323163
7550,342,0,0,user_pics/342/01_fish2_42cb3a7c3064804836ff5660d750a57b.jpg,307,160,36133
3880,0,0,0,user_pics/anonymous/albums/african/Jewel04Resize_001.jpg,576,192,76748
157720,12213,0,0,user_pics/12213/11_jpg_f984d0d585.jpg,272,118,8003
129063,9403,0,0,user_pics/9403/cartoo_4e69b52fca.jpg,600,259,51080
113540,8553,0,1,user_pics/8553/a46aa8_6c5dc967ee.jpg,450,338,74107
19291,1105,0,0,user_pics/1105/01_venust.jpg,430,320,29796
141601,3584,0,1,user_pics/3584/224691_c3ee908d7f.jpg,480,320,21804
129750,10605,0,0,user_pics/10605/img_20_6ca359d8f9.jpg,428,361,25202
27285,1071,0,0,user_pics/1071/06_untitled.bmp,275,175,144954
153607,11982,0,0,user_pics/11982/75tank_11e8aab669.jpg,576,432,232908
64028,1579,1,0,user_pics/1579/1579____file_01_interuptus1.jpg,500,375,37394
1218,0,0,0,user_pics/anonymous/albums/album22/75_Gal.jpg,504,378,139291
3745,0,0,0,user_pics/anonymous/albums/malawi/Black_Dude.jpg,504,334,265179
5694,0,0,0,user_pics/anonymous/01_Willie.jpg,432,324,33512
123041,1734,0,0,user_pics/1734/gtmale_7011440929.jpg,450,338,40496
75579,7420,0,0,user_pics/7420/p10102_7684bd5a62.jpg,448,336,57232
187892,1840,0,0,user_pics/1840/2014-1_f18f2abebe.jpg,427,325,235530
135781,1734,0,0,user_pics/1734/bromm__d475d36922.jpg,600,450,32013
185940,8746,0,0,user_pics/8746/ob_png_ff8429b431.jpg,480,270,215707
1709,0,0,0,user_pics/anonymous/albums/album22/pending.jpg,500,375,203290
86977,8210,0,0,user_pics/8210/fish6-_04f20cfda8.jpg,500,375,177841
16470,1483,0,1,user_pics/1483/03_blue.jpg,600,450,30464
66489,6620,0,0,user_pics/6620/6620____file_01_0802082125.jpg,450,338,42146
54873,5563,0,0,user_pics/5563/02_Image20.jpg,576,432,140299
103257,8728,0,0,user_pics/8728/2.jpg_c8daa89a8c.jpg,258,258,32049
66487,6620,0,0,user_pics/6620/6620____file_01_0802082126a.jpg,450,338,39659
2398,0,0,0,user_pics/anonymous/albums/american/P1010046.jpg,500,441,237626
5847,0,0,0,user_pics/anonymous/01_011.bmp,352,288,304182
86763,7518,0,0,user_pics/7518/1_5057_b718792a0d.jpg,336,248,15174
10978,653,0,0,user_pics/653/02_Img_14241.jpg,576,403,38203
2262,0,0,0,user_pics/anonymous/albums/Oscars-South-American/Babs_Wet_Pets_12_2_03_Tiger_flair_4x6.jpg,362,235,89209
16108,1377,0,0,user_pics/1377/01_de_1.jpg,400,300,24056
69576,5041,0,0,user_pics/5041/5041____file_01_193.jpg,300,300,16824
1054,0,0,1,user_pics/anonymous/albums/album22/000_0329_001.jpg,449,359,158086
73691,1840,0,0,user_pics/1840/1840____file_01_s7307548.jpg,538,404,73160
32174,0,0,0,user_pics/anonymous/01_Remii_Rossey.jpg,190,170,13355
2981,0,0,0,user_pics/anonymous/albums/album15/Ophthalmotilapia_ventralis_unbekannt.jpg,400,220,17085
45525,3071,0,0,user_pics/3071/16_fish1.jpg,320,240,9651
13232,0,0,0,user_pics/anonymous/01_tank5.gif,300,200,52362
166538,11203,0,0,user_pics/11203/imag08_0fb190f926.jpg,597,390,66136
96031,8728,0,0,user_pics/8728/4.jpg_0662f8e4f2.jpg,406,406,58490
184406,11502,0,0,user_pics/11502/201312_ae433b7dff.jpg,320,320,14093
61009,3584,0,0,user_pics/3584/23_026.JPG,450,338,56736
99322,8728,0,0,user_pics/8728/flamin_ea964db20a.jpg,406,406,52059
86303,5829,0,0,user_pics/5829/dsc054_4fb33f944f.jpg,480,360,97746
77024,7543,0,0,user_pics/7543/pictur_970d7680be.jpg,320,240,28999
63877,5623,0,0,user_pics/5623/5623____file_01_terror.bmp,320,240,230454
21108,2083,0,0,user_pics/2083/01_Photo-0034.jpg,320,240,17510
8498,0,0,0,user_pics/anonymous/01_aqua7.jpg,600,558,55885
187747,14390,0,0,user_pics/14390/153560_e7599fafb1.jpg,477,160,11616
82573,1840,0,0,user_pics/1840/s73091_0c81e5ba0e.jpg,369,492,57671
14856,0,0,1,user_pics/anonymous/0____file_9999_02_prue1.jpg,492,244,17092
10221,0,0,0,user_pics/anonymous/01_fiah4.BMP,352,288,304182
28301,2956,0,1,user_pics/2956/01_jack2.jpg,170,127,4626
128046,9944,0,0,user_pics/9944/pictur_ded604bbb6.jpg,599,565,597898
144756,982,0,0,user_pics/982/happy__827942d152.jpg,298,400,34629
3073,0,0,0,user_pics/anonymous/albums/malawi/Untitled_1.jpg,300,204,24442
178200,13284,0,0,user_pics/13284/201304_33b702ef10.jpg,328,328,14736
23041,1994,0,0,user_pics/1994/01_th_Picture008.jpg,160,120,3739
22805,2063,0,0,user_pics/2063/03_untitled.bmp,275,175,144954
22745,2278,0,0,user_pics/2278/01_agassizi.jpg,320,240,22050
21166,1058,0,0,user_pics/1058/01_fmMadusa02.jpg,400,250,81038
27787,1835,0,0,user_pics/1835/01_Picture_7.jpg,320,240,22274
94923,8728,0,0,user_pics/8728/health_f9d695bff9.jpg,406,406,64017
4698,0,0,0,user_pics/anonymous/01_IM000097.JPG,560,462,143871
5721,132,0,0,user_pics/132/01_Neolamprologus_Brichardi_2.JPG,512,341,139472
136642,8839,0,0,user_pics/8839/8161a3_be34c13bb9.jpg,450,338,44711
148084,8210,0,0,user_pics/8210/zacspi_c2e375ad02.jpg,544,400,134376
5698,0,0,0,user_pics/anonymous/01_Jewel.jpg,450,368,24094
128677,10386,0,0,user_pics/10386/photo__9c57bcf580.jpg,162,171,37509
28201,1579,1,0,user_pics/1579/01_eureka_fry.JPG,433,325,33874
37948,4163,0,0,user_pics/4163/02_tank_013.jpg,352,264,70398
141925,9482,0,0,user_pics/9482/downsi_5e6079cba0.jpg,512,384,32003
16513,0,0,1,user_pics/anonymous/17_Picture_002.jpg,160,120,10005
151615,11479,0,0,user_pics/11479/questi_68db07e551.jpg,140,140,39266
525,0,0,0,user_pics/anonymous/albums/Sand-Tanks/malawi6.jpg,500,348,60736
15143,1190,0,0,user_pics/1190/09_3.jpg,478,356,36409
185151,14213,0,0,user_pics/14213/135925_5720229714.jpg,176,112,4547
35851,3858,0,0,user_pics/3858/01_untitled4.bmp,320,240,230454
82347,7800,0,0,user_pics/7800/cichli_f12d840c1c.jpg,133,92,4139
62511,1579,1,0,user_pics/1579/1579____file_01_today_040.jpg,500,375,58158
54349,5609,0,0,user_pics/5609/01_squigly_eye.jpg,600,450,27454
25391,2503,0,0,user_pics/2503/01_t5fish_039.jpg,500,375,180439
132591,9824,0,0,user_pics/9824/488299_de407b81f1.jpg,600,445,38894
13996,0,0,0,user_pics/anonymous/01_2.jpeg,286,216,23487
37559,4114,0,0,user_pics/4114/06_Red_devil.jpg,150,113,2525
128401,3584,0,0,user_pics/3584/536b70_94f951e495.jpg,450,298,50476
66504,4783,0,0,user_pics/4783/4783____file_01_dscf3709.jpg,450,338,63562
75512,1840,0,0,user_pics/1840/s73079_66690819f7.jpg,538,404,73748
5365,0,0,0,user_pics/anonymous/01_GeneralLee.jpg,499,480,46716
179906,982,0,0,user_pics/982/chk_th_faa440cbfa.jpg,140,80,33654
1476,0,0,0,user_pics/anonymous/albums/album22/Photo0005.jpg,320,240,11248
5239,0,0,1,user_pics/anonymous/02_fagget.jpg,500,400,199259
60465,1579,1,0,user_pics/1579/03_New_009.jpg,500,375,77919
5985,0,0,0,user_pics/anonymous/01_howami.jpg,225,169,61644
178724,12475,0,0,user_pics/12475/images_251793fc32.jpg,137,142,6157
162271,11479,0,0,user_pics/11479/lobste_26912f0abb.jpg,450,338,179086
17948,0,0,0,user_pics/anonymous/01_00701.jpg,600,450,111921
128225,2315,0,0,user_pics/2315/d40_jp_dad1f98836.jpg,118,112,2629
65258,1058,0,0,user_pics/1058/1058____file_01_reeftank08.jpg,538,338,55405
73591,5829,0,0,user_pics/5829/5829____file_01_crabro.jpg,480,360,98634
169983,12944,0,0,user_pics/12944/freddy_3e3c4037e7.jpg,480,360,19071
11359,0,0,0,user_pics/anonymous/05_my_fish.jpg,320,240,29898
101593,8744,0,0,user_pics/8744/p-8943_300b888bbc.jpg,360,360,27411
3423,0,0,0,user_pics/anonymous/albums/malawi/Pl_phenochilus_lupingu.jpg,500,328,96891
32513,3332,0,0,user_pics/3332/02_P3250068.jpg,320,240,43682
55355,5702,0,0,user_pics/5702/02_IMG_0576-1-.JPG,600,450,28406
28304,2956,0,0,user_pics/2956/30_tank.jpg,170,127,4407
73505,7191,0,0,user_pics/7191/7191____file_01_l_398d0341f2c14d4988631cb3a0c3d1df.jpg,600,399,50352
32236,3467,0,0,user_pics/3467/02_sunshine.jpg,399,266,42443
184731,13302,0,0,user_pics/13302/2014-0_9567078738.jpg,400,240,81239
3479,0,0,0,user_pics/anonymous/albums/malawi/Co_pleurostigma_Tanzania_001.jpg,500,288,99416
146731,9894,0,0,user_pics/9894/images_daa6a01abd.jpg,259,194,10083
64332,6411,0,0,user_pics/6411/6411____file_01_chester.jpg,170,136,3370
90452,5829,0,0,user_pics/5829/dsc061_05bbaca841.jpg,480,320,92225
42200,4550,0,0,user_pics/4550/01_111807162225.jpg,320,240,33126
177570,12764,0,0,user_pics/12764/fuelle_247b68cd30.jpg,150,112,4464
16976,1498,0,0,user_pics/1498/01_cave1.jpg,432,323,48634
111572,8746,0,0,user_pics/8746/fake_s_832c148bb6.jpg,489,434,54095
93361,5829,0,0,user_pics/5829/dsc064_c4b38d57c2.jpg,480,320,75176
3154,0,0,0,user_pics/anonymous/albums/malawi/Cnv0004.jpg,377,202,22186
71678,4843,0,0,user_pics/4843/4843____file_01_021.jpg,392,392,33060
150030,5311,0,0,user_pics/5311/dak_jp_13d76cf822.jpg,180,141,9791
115547,8728,0,0,user_pics/8728/devil__39a02368c2.jpg,352,449,20726
34790,3715,0,0,user_pics/3715/01_Tangerine1.jpg,320,240,57659
60999,3584,0,0,user_pics/3584/16_030.JPG,450,338,59596
111873,9733,0,0,user_pics/9733/pictur_e4e249b105.jpg,314,235,47049
69509,6974,0,0,user_pics/6974/6974____file_01_meeki.bmp,250,188,141430
119055,10059,0,0,user_pics/10059/photo0_ad2a3d05f9.jpg,320,160,12610
170002,8830,0,0,user_pics/8830/picsar_1c66e7992e.jpg,556,307,256470
53929,5563,0,0,user_pics/5563/01_bvxcbxbdfbxdfb.jpg,320,240,13910
5911,123,0,0,user_pics/123/01_9453a.jpg,500,341,41289
4707,0,0,0,user_pics/anonymous/01_85031420_289018415_0.jpg,250,250,16497
28937,1509,0,0,user_pics/1509/01_portcichlids2.jpg,338,253,24405
52027,5336,0,0,user_pics/5336/03_100_0502.jpg,441,315,40286
178331,13511,0,0,user_pics/13511/135508_907a626a5c.jpg,512,384,51670
50526,5222,0,1,user_pics/5222/01_Aulonocara_baenschi_tn.jpg,449,319,37022
117204,3584,0,0,user_pics/3584/bd2_bm_d0f9504bf3.jpg,514,494,762790
12070,0,0,0,user_pics/anonymous/01_01.jpg,432,259,22498
80219,7574,0,0,user_pics/7574/img_32_bcd011431e.jpg,516,394,129333
23516,2114,0,0,user_pics/2114/01_protomelas.jpg,600,450,55414
96819,5829,0,0,user_pics/5829/dsc070_836b076e7d.jpg,480,320,92926
115167,5674,0,0,user_pics/5674/img_17_0161c49b39.jpg,160,93,22038
49435,5046,0,0,user_pics/5046/01_30-01-08_1749.jpg,320,240,11446
9179,0,0,0,user_pics/anonymous/01_MY_TANK.jpg,450,338,49811
78611,7686,0,0,user_pics/7686/eli.jp_606f49b053.jpg,384,48,4104
67310,6705,0,0,user_pics/6705/6705____file_01_yellow_lab.jpg,320,240,33089
5049,101,0,0,user_pics/101/01_100_7166.JPG,430,323,152646
115724,2231,0,0,user_pics/2231/downsi_a6985de990.jpg,512,384,40074
92075,3584,0,0,user_pics/3584/mantle_88382e9d28.jpg,570,285,35919
40916,1266,0,0,user_pics/1266/02_DSC06552.JPG,600,379,115349
79505,1840,0,0,user_pics/1840/s73087_56bd9d246a.jpg,461,346,64072
49130,2077,0,0,user_pics/2077/04_100_0245.jpg,401,193,42618
64592,6133,0,0,user_pics/6133/6133____file_01_super_red_hongi.jpg,500,334,141591
10611,0,0,0,user_pics/anonymous/01_DSCF0010_2.JPG555,197,291,14695
10264,0,0,0,user_pics/anonymous/01_Picture_005.bmp,352,288,304182
75099,6974,0,0,user_pics/6974/6974____file_01_me.bmp,90,68,18550
13742,0,0,0,user_pics/anonymous/01_apistogramma_eunotus.jpg,300,200,14345
41440,4368,0,0,user_pics/4368/03_Project29.png,500,375,1539674
20560,1061,0,0,user_pics/1061/01_HPIM1495.JPG,320,238,72070
308,0,0,0,user_pics/anonymous/albums/tankgallery/10Gallonupdateresize.jpg,504,254,84522
168143,10747,0,0,user_pics/10747/gamesb_2e09620bcc.jpg,420,420,51767
6796,271,0,0,user_pics/271/01_NEW4.jpg,432,247,144848
139751,4615,0,0,user_pics/4615/thumbn_2976e66fd3.jpg,156,160,4449
79007,5829,0,0,user_pics/5829/dsc049_9b0c2c1be5.jpg,480,320,76112
23372,2114,0,0,user_pics/2114/01_sunshine_and_ob.jpg,600,450,51203
43826,4616,0,0,user_pics/4616/04_Image021.jpg,320,240,20312
17961,1681,0,0,user_pics/1681/01_hammy.jpg,600,450,107055
99759,4215,0,1,user_pics/4215/lsu_lo_2a0884a2a6.jpg,600,399,173927
119497,10059,0,0,user_pics/10059/photo0_638dfa2c2f.jpg,320,240,20986
171512,12937,0,0,user_pics/12937/img956_864b88a4b0.jpg,480,359,34703
119652,9931,0,0,user_pics/9931/man_qu_8dbf6f4376.jpg,286,359,10984
3870,0,0,0,user_pics/anonymous/albums/african/RedZebraJuvie01.jpg,436,246,41041
135486,10803,0,0,user_pics/10803/babe_0_59963f5dec.jpg,512,384,58451
22744,2278,0,0,user_pics/2278/01_tank_60.jpg,320,240,19885
61943,1579,1,0,user_pics/1579/1579____file_01_textilis_2.jpg,500,376,65568
70788,7065,0,0,user_pics/7065/7065____file_01_fish5.jpg,150,113,20117
13965,0,0,0,user_pics/anonymous/03_my_tank.JPG,450,338,57905
71674,4843,0,0,user_pics/4843/4843____file_02_003.jpg,374,374,35046
7423,0,0,1,user_pics/anonymous/07_Picture_002.jpg,360,240,9569
120433,10059,0,0,user_pics/10059/photo0_170a1f100d.jpg,480,480,63136
174221,7776,1,0,user_pics/7776/saulos_65fda9c1d3.jpg,150,113,4906
65753,6450,0,0,user_pics/6450/6450____file_01_4.jpg,386,364,55597
111681,2209,0,0,user_pics/2209/africa_62fbdeef36.jpg,170,128,5992
120148,9168,0,0,user_pics/9168/42586-_e06db91aef.jpg,450,407,83333
137488,11005,0,0,user_pics/11005/img002_fd271dbb4d.jpg,480,360,34816
28365,753,0,0,user_pics/753/01_DCP_2058.JPG,212,236,17486
18091,745,0,0,user_pics/745/02_babies.jpg,500,375,21826
185125,12903,0,0,user_pics/12903/dsc_03_07330d36d6.jpg,319,213,24921
16482,1433,0,0,user_pics/1433/01_MVC-903S.JPG,480,360,38564
106672,9275,0,0,user_pics/9275/pseudo_df03ea7e55.jpg,550,343,38612
15149,1190,0,0,user_pics/1190/08_2.jpg,491,363,30186
37441,4032,0,1,user_pics/4032/01_p-taiwan-a2.jpg,400,300,49108
175446,9894,0,0,user_pics/9894/image__936643022f.jpg,225,225,14959
7862,0,0,0,user_pics/anonymous/01_Cichlid_purple2.jpg,374,281,24118
60850,1579,1,0,user_pics/1579/01_FISH_002.jpg,450,435,44702
101212,5829,0,0,user_pics/5829/dsc075_6bbe99ea96.jpg,480,360,112622
31630,3270,0,0,user_pics/3270/06_6.jpg,125,125,61166
60883,3584,0,0,user_pics/3584/08_060.JPG,450,338,45519
725,0,0,0,user_pics/anonymous/albums/tankgallery2/DSC00055.gif,576,384,128856
2241,0,0,0,user_pics/anonymous/albums/album05/GT_55_gal_tank_Feb_05_031x7.jpg,504,415,195623
37894,4163,0,0,user_pics/4163/4163____file_9999_03_tank_002.jpg,256,192,62669
99343,8621,0,0,user_pics/8621/lobs.j_320ef47c90.jpg,435,498,183422
160630,8830,0,0,user_pics/8830/picsar_82f73e14d1.jpg,292,189,120484
61012,1579,1,0,user_pics/1579/01_NO_FLASH_014.jpg,500,375,56619
77025,6241,0,0,user_pics/6241/310px-_a3ed7f2cec.jpg,310,599,113757
190064,15273,0,0,user_pics/15273/99a99a_dc91f15862.jpg,130,97,22641
5095,0,0,0,user_pics/anonymous/01_Coming_for_food_attack.jpg,591,443,445209
13308,47,0,0,user_pics/47/01_IM000032.JPG,578,257,39145
78686,7574,0,0,user_pics/7574/img_22_7ad133920c.jpg,478,341,120915
113590,8728,0,0,user_pics/8728/big_os_f072757712.jpg,258,258,35335
12797,793,0,0,user_pics/793/01_my_favorite_fish.JPG,576,432,28541
15920,1061,0,0,user_pics/1061/01_HPIM0939.JPG,320,238,78482
139443,11208,0,0,user_pics/11208/img_02_7ecdc320bc.jpg,517,473,190352
17389,1603,0,0,user_pics/1603/01_littleelectricblueahli.JPG,600,450,86399
54544,5563,0,0,user_pics/5563/01_Image18.jpg,480,360,100829
146587,11590,0,0,user_pics/11590/thick__05acc7bed3.jpg,320,240,33575
13051,0,0,1,user_pics/anonymous/01_125__tank_3-24-06_014x7cp.jpg,504,446,119114
96316,3584,0,0,user_pics/3584/61-610_c54a68653d.jpg,400,340,38142
132415,10788,0,0,user_pics/10788/downsi_a68b0c5f2e.jpg,320,240,16174
53852,5563,0,0,user_pics/5563/01_Image53.jpg,320,240,55319
129674,9174,0,0,user_pics/9174/img_45_f7c54940d1.jpg,594,445,49911
12766,0,0,0,user_pics/anonymous/01_after_2.JPG,450,338,44244
3254,0,0,0,user_pics/anonymous/albums/malawi/Copadichromis_Borleyi_Kada8.jpg,500,375,75824
121151,9168,0,0,user_pics/9168/images_d62dcdca8a.jpg,97,145,3079
127965,9482,0,0,user_pics/9482/downsi_47c78be014.jpg,512,384,36663
111082,9445,0,0,user_pics/9445/pictur_663f925757.jpg,320,240,19205
75938,6092,0,0,user_pics/6092/1.jpg_6070edee9f.jpg,496,372,47206
185124,12903,0,0,user_pics/12903/dsc_03_d06760e625.jpg,319,213,22362
175199,12873,0,0,user_pics/12873/dc63fc_9918a5e81c.jpg,130,97,24170
55258,3868,0,0,user_pics/3868/01_357cac514959.jpg,304,228,12776
72168,4843,0,0,user_pics/4843/4843____file_01_060.jpg,428,320,31309
3202,0,0,0,user_pics/anonymous/albums/malawi/Lethrinops_longipinnis.jpg,500,241,77429
6041,123,0,0,user_pics/123/01_TaiwanReef.JPG,385,364,201305
69179,3189,0,0,user_pics/3189/3189____file_01_p1000698.jpg,320,240,23271
31839,0,0,0,user_pics/anonymous/01_DCP_2262.JPG,360,275,37143
69762,1243,0,0,user_pics/1243/1243____file_01_fish_009.jpg,600,450,26050
49568,4990,0,0,user_pics/4990/10_c.bmp,320,240,230454
15617,1077,0,1,user_pics/1077/02_photo008.jpg,176,144,9278
15103,0,0,0,user_pics/anonymous/01_demosoni.jpg,203,166,22008
6061,180,0,0,user_pics/180/01_ffishh.bmp,478,446,640510
66483,6620,0,0,user_pics/6620/6620____file_01_0802082126e.jpg,450,338,46959
141864,11324,0,0,user_pics/11324/fish_1_36272da823.jpg,558,375,218214
111877,9733,0,0,user_pics/9733/chimat_343bdb03f0.jpg,423,336,76698
6461,0,0,0,user_pics/anonymous/01_Fish_010.jpg,450,338,96966
63265,5523,0,0,user_pics/5523/5523____file_01_tank1.jpg,320,240,12589
7004,0,0,0,user_pics/anonymous/01_tank_011.jpg,570,507,225002
86449,7518,0,0,user_pics/7518/1_1877_3204590a8a.jpg,320,240,12795
101538,5829,0,0,user_pics/5829/dsc076_b74825fb5f.jpg,480,320,91160
3415,0,0,0,user_pics/anonymous/albums/malawi/cop_virginalis1.jpg,500,395,102328
45038,4500,0,0,user_pics/4500/01_Fish_38.jpg,539,556,125000
32356,3462,0,0,user_pics/3462/01_Black-Adonis-Pleco.jpg,400,300,22812
37560,4114,0,0,user_pics/4114/01_Little_oscar.jpg,150,113,2246
120432,10059,0,1,user_pics/10059/photo0_98f0956e11.jpg,480,480,63136
112286,8728,0,0,user_pics/8728/gujkgf_6fd17bbd61.jpg,258,258,55100
68963,5410,0,0,user_pics/5410/5410____file_01_0819081511a.jpg,320,256,27076
10507,615,0,0,user_pics/615/01_IM000401.JPG,592,448,127488
144617,10802,0,1,user_pics/10802/220679_cd882b1e43.jpg,600,450,150517
178311,8447,0,0,user_pics/8447/albino_7ad2ca9234.jpg,403,303,58796
181811,13802,0,0,user_pics/13802/cam005_15f370d1d2.jpg,384,189,26919
151965,7776,1,0,user_pics/7776/7ba68f_6adf46226a.jpg,450,338,95394
16530,1198,0,0,user_pics/1198/01_steatocranus-casuarius.jpg,400,235,25278
120558,10059,0,0,user_pics/10059/photo0_998aa8692e.jpg,320,240,15412
168156,11513,0,0,user_pics/11513/d0f520_ea6fc05e0b.jpg,430,242,18769
169174,7776,1,0,user_pics/7776/ha_jpg_adbdcbe96a.jpg,300,247,14583
299,0,0,0,user_pics/anonymous/albums/tankgallery/10_gallon_tank_3_001.jpg,360,183,42086
4153,0,0,1,user_pics/anonymous/albums/other/TigerBarb2.jpg,320,240,9152
151875,11187,0,0,user_pics/11187/120401_a4be176932.jpg,320,240,40340
190476,23,1,1,user_pics/23/414b363b-45b9-452d-b931-d61a86d43aaf_alex_portrait_q.jpg,305,305,86781
62047,3764,0,1,user_pics/3764/3764____file_01_female_krib.jpg,586,421,261189
144535,11022,0,0,user_pics/11022/bolo_j_24d1566138.jpg,325,454,39718
187469,14390,0,0,user_pics/14390/img_22_5ed06502ca.jpg,435,273,42366
26938,2824,0,0,user_pics/2824/01_100_1774_543x480.jpg,543,480,39681
13556,0,0,0,user_pics/anonymous/01_New_Image9.BMP,352,288,304182
17761,1649,0,0,user_pics/1649/01_tank_2.bmp,400,302,362454
101005,6149,0,0,user_pics/6149/carpin_9f3e03b1c0.jpg,567,378,192202
165963,8744,0,0,user_pics/8744/resamp_cd90cdb700.jpg,480,270,23050
56170,5684,0,1,user_pics/5684/01_New_Aquarium_1.jpg,400,300,22687
63139,1579,1,0,user_pics/1579/1579____file_01_new_005.jpg,500,411,37412
152441,11876,0,0,user_pics/11876/5y55z5_ce1bc5b926.jpg,300,225,5654
55043,5624,0,0,user_pics/5624/01_cichlids_022.jpg,542,534,149364
127922,3584,0,0,user_pics/3584/143-1__aca686e7af.jpg,540,361,86487
176458,12824,0,0,user_pics/12824/135192_06ee4ad5d1.jpg,408,306,23688
29179,3067,0,0,user_pics/3067/01_Look_i_Did_.jpg,320,240,7496
184044,11883,0,0,user_pics/13828/images_22c5aedf79.jpg,239,211,5324
67735,1978,0,0,user_pics/1978/1978____file_01_dsc00207.jpg,600,450,29955
81251,5829,0,0,user_pics/5829/dsc051_8929041c6d.jpg,480,320,79550
177061,5603,0,0,user_pics/5603/no-fis_b5a46a165a.jpg,586,315,28838
148088,8210,0,0,user_pics/8210/zacspi_003eae1349.jpg,544,400,100604
21253,2114,0,0,user_pics/2114/01_zebra_white.jpg,600,450,65539
46735,4581,0,0,user_pics/4581/01_Oscar0801-2a.jpg,445,334,120201
103264,8728,0,0,user_pics/8728/fjhymk_358b96edab.jpg,258,258,33980
37846,1579,1,0,user_pics/1579/1579____file_9999_04_FISH_071.jpg,500,375,53219
12008,0,0,1,user_pics/anonymous/01_Herichthys_carpintis_(Cichlasoma_Carpinter)_03.jpg,567,409,34770
13555,0,0,0,user_pics/anonymous/01_New_Image5.BMP,352,288,304182
18734,1606,0,0,user_pics/1606/01_2007-01-14_028.JPG,557,339,84592
62844,1579,1,0,user_pics/1579/1579____file_01_natives_028.jpg,500,375,34175
41609,0,0,0,user_pics/anonymous/01_gh1.jpg,600,400,107979
85221,6915,0,0,user_pics/6915/pleco__1ad6d010ea.jpg,258,258,49869
41445,4368,0,0,user_pics/4368/01_Project2.png,500,375,1208714
158369,12191,0,1,user_pics/12191/2012-0_f4e8efbe2c.jpg,416,320,23571
13445,114,0,0,user_pics/114/01_DSCN0924.JPG,500,374,53427
2928,0,0,0,user_pics/anonymous/albums/tropheus/Tropheus_Chilanga.jpg,400,181,75436
48591,5046,0,0,user_pics/5046/03_03-01-08_1725.jpg,320,240,9937
66071,4818,0,1,user_pics/4818/4818____file_01_atlantis.jpg,250,181,13199
10272,595,0,0,user_pics/595/01_Picture_063.bmp,352,288,304182
66519,5674,0,0,user_pics/5674/5674____file_01_2008_0801fish0159.jpg,450,338,41993
98136,5829,0,0,user_pics/5829/dsc071_451780db8c.jpg,480,320,94017
174378,7776,1,0,user_pics/7776/oilers_c4ae9a0b89.jpg,200,139,5808
40674,4361,0,0,user_pics/4361/04_Image011.jpg,240,320,18192
35435,3868,0,0,user_pics/3868/01_cd3e34c6524f.jpg,304,228,31530
167555,12755,0,0,user_pics/12755/catfis_523c0c17bf.jpg,218,131,7380
16646,0,0,1,user_pics/anonymous/01_Snapshot_2006-11-24_22-42-40.tiff,567,443,520194
19601,0,0,0,user_pics/anonymous/02_FISH_GOOD_ONE2.JPG,461,346,42696
89553,5829,0,0,user_pics/5829/dsc060_c5a0fbc5d9.jpg,480,320,87904
160131,23,0,0,user_pics/23/cichli_303c8fdcf0.jpg,400,120,28872
1723,0,0,0,user_pics/anonymous/albums/album22/scan_Midas_male.jpg,149,224,20995
91774,1840,0,0,user_pics/1840/s73011_5e93d68a6f.jpg,437,277,56428
78144,5489,0,0,user_pics/5489/nelly._facbca479b.jpg,528,400,51203
148123,11726,0,0,user_pics/11726/friend_76b07049de.jpg,320,480,50647
95688,8728,0,0,user_pics/8728/vieja3_10f1e67450.jpg,406,406,52990
70069,7010,0,0,user_pics/7010/7010____file_01_oct08-_449.jpg,600,555,358256
156965,9669,0,0,user_pics/9669/lens_h_a72e99a19b.jpg,225,225,6454
97230,8728,0,0,user_pics/8728/boy_an_b83a3ee368.jpg,406,406,56419
177127,13440,0,0,user_pics/13440/tank2__a85d16c499.jpg,192,256,12214
123024,10273,0,0,user_pics/10273/ali1_j_81e927936f.jpg,502,480,175060
18733,1606,0,0,user_pics/1606/01_2007-01-14_034.JPG,408,360,83939
60972,1579,1,0,user_pics/1579/02_FISH_061.jpg,500,375,35802
186918,12903,0,0,user_pics/12903/kribsn_3a6344e713.jpg,432,324,35520
173104,13087,0,0,user_pics/13087/135770_f4fb9658da.jpg,350,357,25873
103452,8728,0,0,user_pics/8728/kygtf._2557bf56db.jpg,258,258,38762
187332,14331,0,0,user_pics/14331/_20141_b1d2b8a38a.jpg,274,365,36255
70849,7065,0,0,user_pics/7065/7065____file_01_unknown_fish.jpg,448,335,28525
3427,0,0,0,user_pics/anonymous/albums/malawi/rhamphochromis_ferow_yellow.jpg,500,201,88368
159846,8887,0,0,user_pics/8887/30gl_j_178fc9f3ee.jpg,320,240,28877
8397,432,0,0,user_pics/432/01_Fish_#1.jpg,286,379,34433
77785,7620,0,0,user_pics/7620/my_tan_3315c6dbe0.jpg,600,450,111874
49424,1579,1,1,user_pics/1579/02_New_016.jpg,450,338,43213
70155,3252,0,0,user_pics/3252/3252____file_01_cichlids__152_.jpg,519,389,31029
95360,8728,0,0,user_pics/8728/jackie_87d13466e5.jpg,406,406,63726
61725,3879,0,1,user_pics/3879/02_9b358f57f3-1-.jpg,430,322,33983
61724,3879,0,1,user_pics/3879/01_9b358f57f3-1-.jpg,430,322,33983
139516,11212,0,0,user_pics/11212/rocky__0c7efc08fc.jpg,500,333,168346
132827,10433,0,0,user_pics/10433/6_jpg_906e8b1ede.jpg,533,400,86880
6132,188,0,0,user_pics/188/02_IMG_0475.JPG,300,224,100617
78712,7696,0,0,user_pics/7696/010709_54f1525a8c.jpg,320,240,17140
187895,1840,0,0,user_pics/1840/2014-1_6317f84145.jpg,364,330,184225
38696,4233,0,0,user_pics/4233/02_done.JPG,418,258,63949
118212,9942,0,0,user_pics/9942/100_68_c6f38606a8.jpg,500,375,241860
3086,0,0,0,user_pics/anonymous/albums/malawi/napo_copy.jpg,362,236,67176
61406,1579,1,0,user_pics/1579/01_Zoo_Trip_110.jpg,500,375,49948
96033,8728,0,0,user_pics/8728/6.jpg_4f755e9cbc.jpg,406,406,44550
176381,12130,0,0,user_pics/12130/main4__97fec3a487.jpg,434,578,35233
149742,3584,0,0,user_pics/3584/222699_6c279dc770.jpg,316,468,51506
20361,1433,0,0,user_pics/1433/01_tsc4net2.jpg,256,192,13770
116360,6149,0,0,user_pics/6149/carpin_6a94621986.jpg,567,378,191743
60882,3584,0,0,user_pics/3584/07_056.JPG,450,338,64792
74979,7357,0,0,user_pics/7357/7357____file_01_fish_tank_042.jpg,480,360,45230
64591,6133,0,0,user_pics/6133/6133____file_01_afra.jpg,500,333,173554
40519,123,0,0,user_pics/123/01_Julidochromis_CloseUp.jpg,461,349,47009
175224,12475,0,0,user_pics/12475/downlo_f9ec1a038a.jpg,225,225,4263
61342,3584,0,0,user_pics/3584/62_007.JPG,450,338,55461
97237,8672,0,0,user_pics/8672/roxied_c6553daef5.jpg,500,375,44151
23444,2192,0,0,user_pics/2192/01_tex28.jpg,319,234,73674
41767,4074,0,0,user_pics/4074/01_732260176110_0_SM.jpg,96,71,2949
22803,1863,0,0,user_pics/1863/04_the_gang.jpg,576,432,118154
60871,3584,0,0,user_pics/3584/11_040.JPG,450,338,52068
94076,5829,0,0,user_pics/5829/dsc065_35342ce129.jpg,480,320,83517
4099,0,0,0,user_pics/anonymous/albums/other/DSCN1941.jpg,600,400,121217
137236,9923,0,0,user_pics/9923/green-_50703ccc35.jpg,300,299,21167
61942,1579,1,0,user_pics/1579/1579____file_01_textilis.jpg,500,375,60186
84645,7427,0,0,user_pics/7427/downsi_dc107a1f9f.jpg,600,450,38747
23286,2192,0,0,user_pics/2192/01_kitty12.jpg,320,185,172720
96886,8728,0,0,user_pics/8728/rdtyud_65120f7653.jpg,406,406,57078
81471,5829,0,0,user_pics/5829/dsc051_8f725e55fa.jpg,480,320,78509
135051,10972,0,0,user_pics/10972/fish_2_30630a8c44.jpg,450,338,101007
10228,0,0,1,user_pics/anonymous/01_t2.BMP,352,288,304182
65774,6450,0,0,user_pics/6450/6450____file_01_p1030641.jpg,479,400,58616
2832,0,0,0,user_pics/anonymous/albums/album18/altolamprologus_c.jpg,250,196,17193
3260,0,0,0,user_pics/anonymous/albums/malawi/Placidochromis_gisseli.jpg,400,224,75175
81248,5829,0,0,user_pics/5829/dsc051_641a0d7fa5.jpg,480,360,117352
166975,11883,0,0,user_pics/11883/images_c3b8feb221.jpg,239,211,5324
37895,4163,0,0,user_pics/4163/4163____file_9999_44_tank.jpg,384,288,86743
60864,1579,1,0,user_pics/1579/01_FISH_035.jpg,450,338,70216
39129,4284,0,0,user_pics/4284/01_my_electric_blue_and_yellow.jpg,320,240,23200
123107,10248,0,0,user_pics/10248/eyc1_j_467ea78946.jpg,517,414,147996
182025,11502,0,0,user_pics/11502/201308_eaac5ac7a1.jpg,237,189,7940
81746,4215,0,0,user_pics/4215/17972__c3b807aeb1.jpg,400,400,28968
41345,4494,0,0,user_pics/4494/01_1394467210_4a04232445.jpg,500,374,177379
35856,3858,0,0,user_pics/3858/01_untitled9.bmp,320,240,230454
146994,11614,0,0,user_pics/11614/biggie_e5eeed3f23.jpg,213,160,5583
6198,0,0,1,user_pics/anonymous/03_FULL_TANK.JPG,576,432,78855
81889,2114,0,0,user_pics/2114/kenyis_4ba969051f.jpg,450,382,57119
102260,8728,0,0,user_pics/8728/dfgsd._71a5c7785a.jpg,258,258,29888
40388,4410,0,0,user_pics/4410/02_FishOctober11.jpg,582,469,54078
89187,7113,0,0,user_pics/7113/f3af1a_5f682f6c8c.jpg,145,95,2425
105299,9403,0,0,user_pics/9403/25.jpg_7d1d5e4e64.jpg,400,240,29880
22618,2208,0,1,user_pics/2208/01_jelly_bean_blood_parrots.jpg,320,240,29953
104350,8672,0,0,user_pics/8672/fronto_0671f7539f.jpg,500,375,24363
2982,0,0,0,user_pics/anonymous/albums/album15/Ophthalmotilapia_ventralis.jpg,355,207,17781
114690,5674,0,0,user_pics/5674/img_15_006d4dcf7f.jpg,419,287,43025
55071,5563,0,0,user_pics/5563/02_Image25.jpg,576,432,131951
20162,1772,0,0,user_pics/1772/01_auratus_107b88863dffeebe7d88a68c22a83a04.jpg,531,364,24042
157010,12154,0,0,user_pics/12154/dsc_00_3160db9705.jpg,600,551,408854
78702,7694,0,0,user_pics/7694/untitl_9a32f365f1.jpg,320,240,230454
150524,7776,1,0,user_pics/7776/319158_962d58c5d3.jpg,500,500,21934
62833,1579,1,0,user_pics/1579/1579____file_01_natives_001.jpg,500,375,46513
105669,6149,0,0,user_pics/6149/female_bbd8c341c7.jpg,567,378,224011
96818,5829,0,0,user_pics/5829/dsc069_d44738edb8.jpg,480,320,67822
21109,2083,0,0,user_pics/2083/02_Photo-0031.jpg,320,240,19350
3194,0,0,1,user_pics/anonymous/albums/malawi/29GallonJuvieTank6Resize.jpg,504,346,98554
112959,9445,0,0,user_pics/9445/pictur_6c482b2121.jpg,320,240,14707
1827,0,0,0,user_pics/anonymous/albums/user_gallery/AQUARIUM_0282.jpg,511,351,52627
100163,8728,0,0,user_pics/8728/rt...._ffbdc2bca2.jpg,406,406,73768
132542,3584,0,0,user_pics/3584/aar_gi_4a29514c20.jpg,80,60,2071
29203,0,0,0,user_pics/anonymous/01_angelfish.jpg,455,364,102335
6104,0,0,0,user_pics/anonymous/02_tank_1.jpg,450,337,78676
153557,11832,0,0,user_pics/11832/ottrpn_e028facff1.jpg,464,244,22676
111872,9733,0,0,user_pics/9733/pictur_a1e2e2807a.jpg,336,252,19907
36996,4051,0,0,user_pics/4051/01_388702813_ed7b7e0450-1-.jpg,500,375,154799
79975,7574,0,0,user_pics/7574/img_31_15857a4844.jpg,493,308,87550
1220,0,0,0,user_pics/anonymous/albums/album22/75_Gal_001.jpg,504,418,124589
16504,1061,0,0,user_pics/1061/01_HPIM1030.JPG,320,238,46464
105309,9403,0,0,user_pics/9403/o.jpg_dd9aaae05e.jpg,400,240,33311
180407,13146,0,0,user_pics/13146/ram_jp_e9aa02b367.jpg,333,213,113355
100534,1987,0,0,user_pics/1987/new-or_5f7a349d21.jpg,259,300,14605
71566,4843,0,0,user_pics/4843/4843____file_01_009.jpg,428,330,32414
103267,8728,0,0,user_pics/8728/vfbhnm_d205583ed5.jpg,258,258,30670
84377,8031,0,0,user_pics/8031/dsc_28_61ab928a3d.jpg,448,336,52372
147671,8210,0,0,user_pics/8210/zacspi_118640a78e.jpg,464,336,101028
132038,9482,0,0,user_pics/9482/downsi_7508041de1.jpg,512,384,38589
6269,0,0,0,user_pics/anonymous/01_pic3.jpg,320,240,18442
3207,0,0,0,user_pics/anonymous/albums/malawi/Placidochromis_Phenochilus3.jpg,500,213,80691
1203,0,0,0,user_pics/anonymous/albums/album22/27_G_002.jpg,500,503,28073
96706,993,0,0,user_pics/993/aabc0a_488e3494ab.jpg,150,113,15882
120540,10059,0,0,user_pics/10059/photo0_ca5ae2c351.jpg,480,480,42427
1473,0,0,0,user_pics/anonymous/albums/album22/Photo0001.jpg,320,240,50259
99382,9041,0,0,user_pics/9041/dscn05_f860c2d4eb.jpg,600,450,48147
179602,7711,0,0,user_pics/7711/dsc_00_897693771f.jpg,588,392,80788
4752,62,0,0,user_pics/62/01_new_mystery.jpg,592,344,177312
75347,5829,0,0,user_pics/5829/dsc043_91e65d7ec3.jpg,480,360,52840
61407,1579,1,0,user_pics/1579/01_Zoo_Trip_113.jpg,500,375,43871
3687,0,0,0,user_pics/anonymous/albums/malawi/203_G.jpg,582,364,48654
100727,6149,0,0,user_pics/6149/female_af25485063.jpg,567,378,154748
95769,8672,0,0,user_pics/8672/babyfi_59c6083d73.jpg,542,442,150123
77889,5829,0,0,user_pics/5829/dsc047_98fe9a0daa.jpg,480,320,92339
3419,0,0,0,user_pics/anonymous/albums/malawi/Mel_lupingu_pearl.jpg,500,261,96473
173539,13087,0,0,user_pics/13087/135836_1da09120fd.jpg,540,405,161851
63108,4827,0,0,user_pics/4827/4827____file_01_obbuddy.jpg,489,480,166626
45766,2756,0,0,user_pics/2756/01_new_7.jpg,600,450,60461
96506,8890,0,1,user_pics/8890/red_sy_b078b39384.jpg,122,95,2668
93948,8720,0,0,user_pics/8720/136656_2c911c0a3f.jpg,500,375,181099
3330,0,0,0,user_pics/anonymous/albums/malawi/Peacock_and_BigBoy_101_0100.jpg,572,296,59132
184072,14057,0,0,user_pics/14057/201312_f97a0b3343.jpg,408,456,21596
21349,2089,0,0,user_pics/2089/01_008.JPG,448,298,24900
12638,0,0,0,user_pics/anonymous/01_my_1st_fry.JPG,448,143,28021
40512,123,0,0,user_pics/123/01_African_Main_Right.jpg,467,350,83911
149460,7776,1,1,user_pics/7776/zzmkcm_0c9b0bc782.jpg,90,90,2994
92138,8611,0,0,user_pics/8611/018.jp_ff320cbfc6.jpg,400,240,34125
61518,3584,0,0,user_pics/3584/07_064.JPG,450,338,43961
23517,2114,0,0,user_pics/2114/01_protomelas_3.jpg,600,450,49837
49695,1579,1,0,user_pics/1579/01_New_032.jpg,450,275,63318
2472,0,0,0,user_pics/anonymous/albums/american/Vieja_Maculicauda.jpg,500,229,79701
162846,12525,0,0,user_pics/12525/images_0e2dd88ab6.jpg,192,256,9083
5002,0,0,1,user_pics/anonymous/01_Cichlids_&_Babies_005.JPE,320,240,15919
22331,2239,0,0,user_pics/2239/01_IMG_0189.JPG,500,375,150271
85312,5829,0,0,user_pics/5829/dsc054_ca767db322.jpg,480,360,73288
169852,12475,0,0,user_pics/12475/dsc000_c68659fa1e.jpg,500,375,207361
43660,4581,0,0,user_pics/4581/01_Bandeira2.jpeg,320,240,7844
71464,4843,0,0,user_pics/4843/4843____file_01_017.jpg,421,325,42133
43800,1734,0,0,user_pics/1734/01_gt_and_jd.jpg,351,265,19077
14501,1058,0,0,user_pics/1058/01_bolenmbuna.gif,435,190,41589
6669,0,0,0,user_pics/anonymous/02_good.JPG,576,432,80439
29843,2041,0,0,user_pics/2041/01_P1000814.JPG,512,340,56151
22036,2153,0,0,user_pics/2153/01_Fred.jpg,360,376,26219
43066,4550,0,0,user_pics/4550/01_112507171302.jpg,320,240,51789
14122,0,0,0,user_pics/anonymous/01_tank2.gif,512,384,114611
143236,11299,0,0,user_pics/11299/img005_f15eb05bfd.jpg,528,400,66107
111876,9733,0,0,user_pics/9733/pictur_9b48a0b06c.jpg,314,235,45350
2359,0,0,0,user_pics/anonymous/albums/american/r_dstrubethunf_rstesv_mmetur.jpg,320,240,74678
139358,5686,0,0,user_pics/5686/img_20_3530bdd79b.jpg,215,303,12367
178182,13500,0,1,user_pics/13500/7fdc71_c1f9ced034.jpg,450,338,46454
3667,0,0,0,user_pics/anonymous/albums/malawi/Kenyi_brooding_tank_5_05_084x7.jpg,504,378,139626
131412,9520,0,0,user_pics/9520/images_a66ea3a940.jpg,201,251,151658
48000,4990,0,0,user_pics/4990/06_c.bmp,320,240,230454
3206,0,0,0,user_pics/anonymous/albums/malawi/Placidochromis_Phenochilus2.jpg,500,274,80864
171040,7239,0,0,user_pics/7239/images_feb9fe1e16.jpg,144,221,5728
16874,0,0,0,user_pics/anonymous/01_DCP_0002.jpg,450,300,44650
67119,6691,0,0,user_pics/6691/6691____file_01_babies1.jpg,394,343,132605
118662,9403,0,0,user_pics/9403/e3c5f8_55f9ff0281.jpg,160,106,6336
73429,6241,0,0,user_pics/6241/6241____file_01_img3032387med.jpg,250,107,11731
2406,0,0,0,user_pics/anonymous/albums/american/Babs_Wet_Pets_11_29_03_convict_2.jpg,432,288,112241
48657,1579,1,0,user_pics/1579/01_New_017.jpg,450,330,82378
1756,0,0,0,user_pics/anonymous/albums/album22/what1.jpg,600,447,37466
61081,3584,0,0,user_pics/3584/65_004.JPG,450,338,51958
124693,9298,0,0,user_pics/9298/327672_bd072f9486.jpg,240,187,31118
172202,12402,0,0,user_pics/12402/sad-fa_ba15360f2c.jpg,189,199,16898
94757,8672,0,0,user_pics/8672/dolphi_6330a271bc.jpg,514,252,43257
74559,5829,0,0,user_pics/5829/5829____file_01_dsc03850.jpg,480,360,79296
39672,123,0,0,user_pics/123/01_Tyrone_The_Frontosa.jpg,486,363,339120
3860,0,0,0,user_pics/anonymous/albums/african/little_ones_1.jpg,288,313,39762
132698,10834,0,0,user_pics/10834/167654_350ffc56b3.jpg,600,450,42284
134919,9174,0,0,user_pics/9174/img_63_4536aa8205.jpg,560,420,41945
78521,7427,0,0,user_pics/7427/simona_2cc03d33b2.jpg,600,450,57299
19046,1061,0,0,user_pics/1061/01_HPIM1355.JPG,319,230,59313
51130,3474,0,0,user_pics/3474/01_c_138.jpg-test-.jpg-test-.jpg,560,420,87820
4857,50,0,1,user_pics/50/01_malawi8.jpg,250,156,11614
113426,8728,0,0,user_pics/8728/pacus__2c63ca3ba8.jpg,258,258,49143
32388,2756,0,0,user_pics/2756/02_JD1.jpg,430,257,19362
36736,1579,1,0,user_pics/1579/01_for_barb.jpg,437,367,38359
11505,0,0,0,user_pics/anonymous/01_DSCN0597.JPG,600,449,43131
146588,11590,0,0,user_pics/11590/cichli_ba9aa7eeec.jpg,240,320,58314
125722,9805,0,0,user_pics/9805/fulu4__3f7616e33f.jpg,500,393,160563
61040,4215,0,0,user_pics/4215/01_ring.jpg,500,375,18060
62046,3764,0,1,user_pics/3764/3764____file_01_kribs_2.jpg,577,420,235212
167039,12757,0,0,user_pics/12757/fish_t_c036a4cfa9.jpg,221,166,5940
21587,123,0,0,user_pics/123/01_New_Pigeon_Blood.jpg,380,334,290532
17762,1649,0,0,user_pics/1649/01_tank_4.bmp,400,302,362454
13092,830,0,1,user_pics/830/01_100_04231.jpg,300,225,29062
10937,0,0,0,user_pics/anonymous/01_batausul_dungat.jpg,320,240,14399
103450,8728,0,0,user_pics/8728/ktufdk_5d5e6477e4.jpg,258,258,34992
14124,0,0,1,user_pics/anonymous/01_tank3.gif,512,384,112521
12321,745,0,0,user_pics/745/01_id_also.JPG,539,297,76322
133882,10696,0,0,user_pics/10696/vsedis_2947678879.jpg,121,86,7103
81250,5829,0,0,user_pics/5829/dsc050_ae6dadaeb3.jpg,480,360,115834
94380,8031,0,0,user_pics/8031/copy_o_0b5cc3610a.jpg,448,300,44083
76546,1840,0,0,user_pics/1840/s73082_4f553b6bf8.jpg,538,404,79915
132694,10834,0,1,user_pics/10834/167589_e8b87c2c3e.jpg,600,450,42854
10222,0,0,0,user_pics/anonymous/01_dfr.BMP,352,288,304182
91898,5829,0,0,user_pics/5829/dsc062_dc93ab3bfc.jpg,480,320,96948
126833,9403,0,0,user_pics/9403/oo_jpg_e1742d9e4b.jpg,430,323,47133
3006,0,0,0,user_pics/anonymous/albums/malawi/Aulonocara_steveni2.jpg,287,192,11359
20561,1061,0,0,user_pics/1061/01_HPIM1496.JPG,320,238,77311
3421,0,0,0,user_pics/anonymous/albums/malawi/N_purpurans.jpg,500,349,100698
157269,12169,0,0,user_pics/12169/350_x__9f31340862.jpg,600,158,48223
51643,4294,0,0,user_pics/4294/01_Cal.JPG,600,396,74066
102696,8887,0,0,user_pics/8887/mbuna__0aa6ee8090.jpg,480,384,19282
188607,14856,0,0,user_pics/14757/142700_f01f16a861.jpg,384,512,32796
107501,993,0,0,user_pics/993/aabc0a_089c270088.jpg,150,113,15882
46086,4845,0,0,user_pics/4845/02_Sammy.jpg,598,600,79244
180595,11502,0,0,user_pics/11502/050820_5082844841.jpg,512,512,39410
91104,3584,0,0,user_pics/3584/315078_9cae1736b6.jpg,259,400,33501
24798,511,0,0,user_pics/511/01_1b11e2d473.jpg,430,323,57398
96029,8728,0,0,user_pics/8728/8.jpg_34f9b0a134.jpg,406,406,51324
116761,9942,0,0,user_pics/9942/100_57_682e4840ba.jpg,509,385,97031
81700,5829,0,0,user_pics/5829/dsc051_7a5ae6b578.jpg,480,320,64196
37899,4163,0,0,user_pics/4163/02_tank_003.jpg,288,216,65207
65463,6238,0,0,user_pics/6238/6238____file_01_pic12.jpg,150,113,2721
119415,9796,1,0,user_pics/9796/image__66b0cdbeb4.jpg,520,390,86977
147850,3584,0,1,user_pics/3584/thumbn_ee23e754be.jpg,250,250,6573
119114,9805,0,1,user_pics/9805/ruby_r_750d75081b.jpg,569,324,64075
149391,3584,0,0,user_pics/3584/3-a_gi_40ee66f1ad.jpg,342,414,227579
32441,3279,0,0,user_pics/3279/01_SM_bass.jpg,170,226,5171
39540,4327,0,0,user_pics/4327/01_Picture_25.jpg,320,240,21589
17227,1577,0,0,user_pics/1577/01_MJ.jpg,400,340,28688
112285,8728,0,0,user_pics/8728/xfhn_j_7b9de1fd06.jpg,258,258,31936
153124,11890,0,0,user_pics/11890/2011-1_0ef3232116.jpg,472,480,37098
3612,0,0,0,user_pics/anonymous/albums/malawi/Picture_031.jpg,188,161,42533
82554,1840,0,0,user_pics/1840/s73091_ca5f980ed8.jpg,538,404,82080
131300,5829,0,0,user_pics/5829/100_12_039f87f86b.jpg,480,440,70145
125300,10406,0,1,user_pics/10406/assbat_4d6ccd90c5.jpg,446,336,67172
5929,180,0,1,user_pics/180/01_yellow_lab.bmp,537,441,710946
105351,6149,0,0,user_pics/6149/green__51925c935a.jpg,567,378,242778
76204,7488,0,0,user_pics/7488/006a.j_0bbb837534.jpg,448,299,35668
16977,1498,0,0,user_pics/1498/01_cave2.jpg,432,323,49800
115401,8553,0,0,user_pics/8553/3n03m3_45e96de595.jpg,300,225,7371
13322,0,0,0,user_pics/anonymous/01_Fish_008.jpg,450,338,65680
27381,2871,0,0,user_pics/2871/01_ifishpcROM042007.jpg,567,425,148875
557,0,0,1,user_pics/anonymous/albums/tankgallery2/20_gal_aquarium.jpg,320,240,25165
181754,13802,0,0,user_pics/13801/cam003_623e53e31e.jpg,491,230,33811
162295,3497,0,0,user_pics/3497/502833_fe785ce684.jpg,254,450,23593
68221,5896,0,0,user_pics/5896/5896____file_01_0904081936.jpg,320,240,36884
138788,10928,0,0,user_pics/10928/lbs_jp_305b01c336.jpg,481,327,48862
25378,2558,0,0,user_pics/2558/01_12-04-07_1540.jpg,320,240,46157
144917,10802,0,1,user_pics/10802/_kgrhq_326d9f79d8.jpg,500,373,53814
3977,0,0,0,user_pics/anonymous/albums/african/orange_top_2.jpg,268,171,9530
154093,11892,0,0,user_pics/11892/2012-0_678cd39b1f.jpg,446,300,15068
100,0,0,0,user_pics/anonymous/albums/tankgallery/fish_tank.jpg,288,384,11845
93921,8721,1,0,user_pics/8721/new_08_f8e3098a32.jpg,500,375,61719
97593,8230,0,0,user_pics/8230/oct05__11e4a646bd.jpg,320,240,9354
58450,5927,0,0,user_pics/5927/01_fwcichlidsmp1207286354.jpg,528,253,35026
158795,12211,0,0,user_pics/12211/img_20_4d9a9ec478.jpg,512,222,13586
54011,3463,0,0,user_pics/3463/01_Zeppo4.jpg,383,307,37751
52032,5336,0,0,user_pics/5336/01_severumcloseup.jpg,343,267,21260
96713,993,0,0,user_pics/993/47f8d3_53349fef33.jpg,450,338,46236
55323,5702,0,0,user_pics/5702/01_IMG_0016-1-.JPG,600,450,28040
13168,0,0,0,user_pics/anonymous/01_IMG_1108_1_1.JPG,456,243,107473
167849,11883,0,0,user_pics/11883/achiev_3be4264590.jpg,342,350,52477
7345,0,0,0,user_pics/anonymous/01_FlameBack_Eureka_010506_01.JPG,559,486,50226
158368,12191,0,1,user_pics/12191/2012-0_c400ce53c9.jpg,416,320,28358
52982,5484,0,0,user_pics/5484/01_P1000803.JPG,553,440,68351
66516,5674,0,0,user_pics/5674/5674____file_01_2008_0801fish0149.jpg,450,338,45736
162838,12525,0,0,user_pics/12525/images_161dc7d4b1.jpg,259,194,6496
21060,0,0,0,user_pics/anonymous/01_Red_Parrot_and_others.jpg,550,413,104981
43200,3978,0,0,user_pics/3978/02_DSCF3528.JPG,510,341,88404
120549,10059,0,0,user_pics/10059/photo0_a4051d7fcd.jpg,320,159,10463
51298,985,0,0,user_pics/985/01_972750048503_0_ALB.jpg,448,336,35344
29157,1835,0,0,user_pics/1835/01_B8ZSCAQVCG7FCABZH02UCA5KBJCZCAN4O9C5CA8I90KWCAOT7XHLCAKC0OISCAKEGJX2CAYLB58NCAFFQRUYCA4C8HZZCAB9XFPACAUR1I1DCAY5NN1CCAPPB6TQCA6UO7QKCA2G4I1CCAL21IDHCAUR5EVM.jpg,133,95,4069
139702,11221,0,0,user_pics/11221/cic2_b_3708de8687.jpg,213,160,102454
170634,11479,0,0,user_pics/11479/turtta_a626ef235d.jpg,450,338,145001
181505,13436,0,0,user_pics/13436/screen_0a32c59df4.jpg,270,480,56552
8858,438,0,1,user_pics/438/01_aqua35.jpg,452,600,38952
105762,3584,0,0,user_pics/3584/!cid_0_645a3503f4.jpg,550,357,74128
90456,5829,0,0,user_pics/5829/dsc061_4f3429c155.jpg,480,360,86008
2361,0,0,0,user_pics/anonymous/albums/american/Convict3.jpg,600,400,70652
169122,11513,0,0,user_pics/11513/l_jpg_89383b9d2b.jpg,600,450,28775
96019,7113,0,0,user_pics/7113/2a4008_e0d2760f73.jpg,145,108,2559
55850,3029,0,0,user_pics/3029/01_abefbefc43.jpg,430,323,31743
163380,12525,0,0,user_pics/12525/oscar__f1c8afae3a.jpg,480,360,12733
10849,615,0,0,user_pics/615/01_IM000703.JPG,480,368,79520
104052,3584,0,0,user_pics/3584/happy__7273f8dd46.jpg,308,410,54071
121026,5674,0,0,user_pics/5674/img_32_d015e879c2.jpg,575,268,70559
169361,12944,0,0,user_pics/12944/srt_jp_4c7254cfdd.jpg,480,360,21933
49087,26,0,0,user_pics/26/01_d30ce82082xcc.jpg,430,298,85537
136836,10935,0,0,user_pics/10935/img000_789596e749.jpg,320,240,10794
55038,5679,0,0,user_pics/5679/01_Photo-0130.jpg,320,240,20942
148737,8830,0,0,user_pics/8830/photo0_e979602fca.jpg,320,240,10829
42655,4581,0,0,user_pics/4581/02_midas_cichlid_brasil.jpg,394,296,32411
96902,5829,0,0,user_pics/5829/dsc069_dc1533f698.jpg,480,320,82974
98135,5829,0,0,user_pics/5829/dsc071_921a50f11b.jpg,480,320,116871
60183,5669,0,1,user_pics/5669/01_P10528068.jpg,250,300,6222
74115,6994,0,0,user_pics/6994/6994____file_01_2710523246_491994f0d3.jpg,500,375,167750
64333,6411,0,0,user_pics/6411/6411____file_01_jessea.jpg,170,136,4895
190648,15480,0,0,user_pics/15480/2189212a-ecd7-44bb-ab16-b32918ddb6e3_congo.png,600,400,238513
50271,4783,0,0,user_pics/4783/01_DSCF3612.JPG,592,305,94977
16644,0,0,0,user_pics/anonymous/01_great1.jpg,341,256,20348
158939,11479,0,0,user_pics/11479/bruno__301241ff9e.jpg,320,240,20807
61248,3584,0,0,user_pics/3584/30_019.JPG,450,338,55301
70356,598,0,0,user_pics/598/598____file_01_new4.jpg,320,240,14004
108676,8744,0,0,user_pics/8744/esu_t5_776b8abeb7.jpg,300,217,29338
17048,1516,0,0,user_pics/1516/01_phil3.jpg,550,318,22434
13427,0,0,1,user_pics/anonymous/01_Cyphotilapia.jpg,295,151,12367
8860,438,0,0,user_pics/438/01_aqua40.jpg,452,600,43573
1539,0,0,0,user_pics/anonymous/albums/album22/SAUCY_JA.jpg,190,179,5769
129057,9174,0,0,user_pics/9174/img_43_a92fc27727.jpg,535,400,63177
21689,971,0,0,user_pics/971/01_jacky_989163676ba90bbbd02377f3ae84ae88.jpg,463,450,195477
83972,7294,0,0,user_pics/7294/albino_ac42185589.jpg,182,150,6597
5381,132,0,0,user_pics/132/01_neolamprologus_brichardi_1.jpg,344,230,79617
95434,8210,0,0,user_pics/8210/tangan_762394f191.jpg,258,258,34890
78845,1368,0,0,user_pics/1368/lola_p_0702df2f2c.jpg,130,97,23937
6292,0,0,0,user_pics/anonymous/01_fusco_vs_blue_5.JPG,552,580,44150
9550,530,0,0,user_pics/530/01_tank_stand.jpg,430,574,33660
37400,753,0,0,user_pics/753/01_IMG_0641.JPG,320,240,25096
25846,2676,0,0,user_pics/2676/01_better_water.jpg,320,240,39091
105352,6149,0,0,user_pics/6149/green__31617c06bb.jpg,567,378,277007
3477,0,0,0,user_pics/anonymous/albums/malawi/Cop_borleye_Liuli_001.jpg,500,233,92923
72380,6480,0,0,user_pics/6480/6480____file_01_hpim0794.jpg,570,428,48340
36562,3900,0,0,user_pics/3900/02_pic11.jpg,170,120,5766
6564,0,0,0,user_pics/anonymous/04_fishtank.jpg,335,230,23760
71762,5896,0,0,user_pics/5896/5896____file_01_1104081835a.jpg,320,240,23403
95511,8210,0,0,user_pics/8210/africa_9eba4a051e.jpg,258,258,19867
56129,5768,0,0,user_pics/5768/01_l_2b98a7a42bf285e7adb30655c99fc432-2-.jpg,600,449,30455
123899,10128,0,0,user_pics/10128/bass_j_711c1f57f8.jpg,600,491,148840
25394,2503,0,0,user_pics/2503/01_z5fish_015.jpg,500,375,146554
22934,2114,0,0,user_pics/2114/01_demasoni_4.jpg,600,450,53894
179743,13161,0,0,user_pics/13161/1af980_0b4bf38cf9.jpg,450,270,61472
18506,0,0,0,user_pics/anonymous/02_my_fish_3a689f2022b430dc71b9255ed00b5038.jpg,430,323,12464
31079,1368,0,0,user_pics/1368/01_5699562.Herichthyspearsei03s.jpeg,160,110,10433
17734,1606,0,0,user_pics/1606/01_Imgp1922.jpg,545,354,24549
35530,3871,0,0,user_pics/3871/02_Jag_2.jpg,304,228,16581
51736,5339,0,1,user_pics/5339/01_Trewavas.jpg,400,278,30410
170194,12944,0,0,user_pics/12944/freddy_145ad0943a.jpg,360,480,14371
84237,8018,0,0,user_pics/8018/aulono_c4e1de1f3a.jpg,120,120,15812
132699,10834,0,0,user_pics/10834/167906_04c017880b.jpg,600,450,59109
16398,1467,0,0,user_pics/1467/01_IMGA8079.JPG,576,432,89957
169509,11324,0,0,user_pics/11324/2012-1_7623e8a4bb.jpg,524,524,81900
26839,26,0,0,user_pics/26/01_Brichardi_tank_07_009x7.jpg,504,378,161423
80477,5829,0,0,user_pics/5829/dsc050_ba21e8455b.jpg,480,360,95383
12811,793,0,0,user_pics/793/01_moms_tank.JPG,576,432,34712
52986,5484,0,0,user_pics/5484/01_P1000820.JPG,351,241,28400
141432,11299,0,0,user_pics/11299/img003_4336cc5e49.jpg,528,400,60108
54937,5563,0,0,user_pics/5563/10_Picture_060.jpg,340,255,56268
80779,5896,0,0,user_pics/5896/102908_d0054144c0.jpg,320,240,22242
5664,0,0,0,user_pics/anonymous/01_oscar.JPG,450,338,111665
191015,6550,0,0,user_pics/6550/6632e67e-25c1-4a10-94cf-4783d29afb62_20e7a749-6fc9-4798-9d57-cd43ce0c93f5_p1010488-1-.jpg,400,300,89256
3595,0,0,0,user_pics/anonymous/albums/malawi/protomelas.jpg,500,231,125816
73043,7058,0,0,user_pics/7058/7058____file_01_group_shot.jpg,378,504,213068
181320,12345,0,0,user_pics/12345/image__4b7e28d874.jpg,225,225,9601
62055,1579,1,0,user_pics/1579/1579____file_01_new_018.jpg,500,375,34363
99104,3584,0,0,user_pics/3584/img_14_6d0d224850.jpg,180,113,31188
62679,4827,0,0,user_pics/4827/4827____file_01_dolfin.jpg,581,480,164128
97787,8958,0,0,user_pics/8958/yellow_0f685f7680.jpg,600,397,91503
164988,12376,0,0,user_pics/12376/13_jpg_55369acd9b.jpg,567,480,101401
94242,8728,0,0,user_pics/8728/fake_r_1dc244cbbf.jpg,406,406,86674
109248,9592,0,0,user_pics/9592/tank5._2e9a322ffe.jpg,480,360,57582
152034,11479,0,0,user_pics/11479/peacoc_0d0bac53a7.jpg,450,338,111088
14614,615,0,0,user_pics/615/01_IM000835.JPG,560,432,91456
170481,12475,0,0,user_pics/12475/sulfur_56a26da833.jpg,400,300,156506
75968,7427,0,0,user_pics/7427/fishgr_b7e1f85046.jpg,600,450,43660
21971,2192,0,0,user_pics/2192/01_uaruseverum.jpg,292,239,53736
79992,7574,0,0,user_pics/7574/img_31_4cc8ab6427.jpg,475,356,79388
49055,2756,0,0,user_pics/2756/01_J.E_Babies_4.jpg,600,450,93653
159970,12211,0,0,user_pics/12211/questn_22cdfc969c.jpg,500,461,4264
4873,0,0,0,user_pics/anonymous/01_91253971_311510304_0.jpg,250,250,17530
111057,9445,0,0,user_pics/9445/pictur_032c75b833.jpg,320,240,14973
133982,7574,0,0,user_pics/7574/053350_aea315f126.jpg,500,500,52869
176377,12130,0,0,user_pics/12130/main_j_9194abb1be.jpg,435,578,37807
92040,6447,0,0,user_pics/6447/l_577f_a12614169b.jpg,600,531,49763
18403,1637,0,0,user_pics/1637/24_fish.jpg,339,274,42903
80486,7806,0,0,user_pics/7806/pictur_ec6f40ef70.jpg,448,336,82470
28668,0,0,0,user_pics/anonymous/01_DCP_2094.JPG,501,354,70256
151178,3584,0,0,user_pics/3584/383370_1b4fe1b3b4.jpg,320,289,24978
97503,8767,0,0,user_pics/8767/tykeng_9f6e97e007.jpg,600,401,33540
95352,8672,0,0,user_pics/8672/pretty_9203ed0fe5.jpg,258,201,12069
40525,26,0,1,user_pics/26/01_brichardi_tank_2__07_027x7c.jpg,504,392,146273
149716,9482,0,0,user_pics/9482/downsi_8afa298a3d.jpg,512,384,42620
126306,3584,0,0,user_pics/3584/6250_1_77fa6f1786.jpg,130,130,7256
37040,2957,0,0,user_pics/2957/01_zzzzzzzz.JPG,512,384,41493
12085,0,0,1,user_pics/anonymous/01_i126269833_9452.jpg,448,320,28686
8867,438,0,0,user_pics/438/02_aqua52.jpg,452,600,46076
19045,1061,0,0,user_pics/1061/01_HPIM1352.JPG,320,238,51504
1151,0,0,0,user_pics/anonymous/albums/album22/112_1290_1_1.jpg,322,241,22314
10673,540,0,0,user_pics/540/01_april_1.jpg,600,314,126171
172625,13136,0,0,user_pics/13136/img_20_21fb4ea2f4.jpg,242,324,11892
38099,4160,0,1,user_pics/4160/05_tank3.jpg,600,450,214918
64364,12176,0,0,user_pics/4641/4641____file_01_untitled.bmp,480,360,518454
150032,11479,0,0,user_pics/11479/cyclop_2f326eaac2.jpg,280,156,34163
138022,10802,0,1,user_pics/10802/_kgrhq_63e2918e7e.jpg,500,375,32104
73692,1840,0,0,user_pics/1840/1840____file_01_s7307549.jpg,538,404,75741
66457,4304,0,0,user_pics/4304/4304____file_01_img_1176.jpg,482,412,128825
28302,2956,0,0,user_pics/2956/08_peacock.jpg,170,127,4897
39187,2415,0,1,user_pics/2415/01_s_66a6f3a71d0e181fea13a6e7dc7e1c65.jpg,90,119,2369
5695,0,0,0,user_pics/anonymous/01_150galmixed.jpg,432,324,38936
26386,1509,0,0,user_pics/1509/01_Heroina_isonycterina.jpg,525,382,86101
124196,9733,0,1,user_pics/9733/maneat_3fe7156f72.jpg,160,120,4418
65464,6238,0,0,user_pics/6238/6238____file_02_pic11.jpg,150,113,3660
6239,0,0,1,user_pics/anonymous/01_aaa.JPG,576,432,15358
13091,830,0,0,user_pics/830/01_100_04211.jpg,300,225,21062
15913,1061,0,0,user_pics/1061/02_HPIM0397.JPG,320,238,80642
66493,6620,0,0,user_pics/6620/6620____file_02_0802082155.jpg,450,338,25823
60156,5930,0,0,user_pics/5930/01_rare_decfeldi.JPG,480,266,20750
183524,982,0,0,user_pics/982/happy__5ac474c814.jpg,243,208,15208
23034,2114,0,0,user_pics/2114/01_tex_tank_crop.jpg,531,282,136344
51715,5336,0,0,user_pics/5336/01_100_0239.jpg,283,213,12363
61561,1579,1,0,user_pics/1579/01_Pleco_3.jpg,500,375,80380
1538,0,0,0,user_pics/anonymous/albums/album22/Reflection.jpg,509,384,89366
3864,0,0,0,user_pics/anonymous/albums/african/29GallonTank7Resize.jpg,432,368,109515
5771,132,0,0,user_pics/132/01_cyrtocara_moori2.jpg,512,341,75412
48534,4581,0,0,user_pics/4581/01_thiruana_004.JPG,400,300,16749
41143,4479,0,1,user_pics/4479/03_african_cichlid_show_aquarium.jpg,430,322,29734
75686,5829,0,0,user_pics/5829/dsc043_3b1af7f195.jpg,480,360,72085
80688,5674,0,0,user_pics/5674/tonado_38b5719ecb.jpg,400,267,26078
166232,11479,0,0,user_pics/11479/h_b_jp_45ecbd3438.jpg,420,392,26414
12340,0,0,0,user_pics/anonymous/02_newtank.JPG,450,247,35200
46133,1298,0,0,user_pics/1298/01_2222.jpg,427,356,70097
48703,1579,1,0,user_pics/1579/03_New_015.jpg,450,338,35654
164024,12589,0,0,user_pics/12589/img143_081d723b2a.jpg,583,593,39647
175685,12345,0,1,user_pics/12345/image__e53b465d4d.jpg,225,225,9601
76585,7525,0,1,user_pics/7525/224837_9330e83efb.jpg,240,180,31734
101857,7867,0,0,user_pics/7867/cimg14_a535019e5d.jpg,360,270,53047
19043,1061,0,0,user_pics/1061/01_HPIM1360.JPG,320,111,43864
2924,0,0,0,user_pics/anonymous/albums/album10/P4050058.jpg,591,443,82827
8164,398,0,1,user_pics/398/01_th_FISHTANK015.jpg,160,120,4843
190645,15480,0,0,user_pics/15480/2eb5c0d7-c1dd-4beb-8751-5efd51746da0_congo.png,600,400,238513
44317,1579,1,0,user_pics/1579/06_pics_012.jpg,409,325,32779
14149,0,0,0,user_pics/anonymous/08_tank_9799e7b10854dbea964251f56ba95b2e.jpg,600,450,27373
157924,11479,0,0,user_pics/11479/black__dc5691b7b1.jpg,320,240,13140
71320,5896,0,0,user_pics/5896/5896____file_01_1029081929.jpg,320,240,28587
60978,2027,0,0,user_pics/2027/01_Astatheros_calobrenisis-F1_Rio_Ibeti.jpg,468,191,28018
88425,6447,0,1,user_pics/6447/logo.j_fbfe881afc.jpg,400,120,6860
151892,3584,0,0,user_pics/3584/393706_6e798b2fc0.jpg,320,244,18568
19102,1579,1,0,user_pics/1579/1579____file_9999_04_pics_012.jpg,409,325,32779
9108,0,0,0,user_pics/anonymous/01_FISH.JPG,450,338,56097
8074,342,0,0,user_pics/342/01_Picture_1760.jpg,558,382,53083
3428,0,0,0,user_pics/anonymous/albums/malawi/Taeniolethrinops_furcicauda_001.jpg,500,231,98872
254,0,0,0,user_pics/anonymous/albums/tankgallery/P1010013.jpg,504,332,101591
77685,7476,0,0,user_pics/7476/redzeb_99105cd9b8.jpg,500,409,24646
57194,5866,0,0,user_pics/5866/01_thm_phpfcKtSM.jpg,400,300,14383
3848,0,0,0,user_pics/anonymous/albums/african/Fujita_2.jpg,344,221,37187
182977,13909,0,1,user_pics/13909/images_110281d529.jpg,137,142,6157
39593,26,0,1,user_pics/26/01_angfish1.gif,143,140,23284
167552,12755,0,0,user_pics/12755/electr_1a3f5bee24.jpg,218,131,9284
10352,0,0,0,user_pics/anonymous/06_Picture_022.jpg,352,288,19044
86798,7776,1,0,user_pics/7776/jeffgo_f974772059.jpg,300,197,84857
66494,6620,0,0,user_pics/6620/6620____file_01_0802082155a.jpg,450,338,44301
40558,4344,0,0,user_pics/4344/03_035.JPG,536,390,55618
25632,2676,0,0,user_pics/2676/01_placo.jpg,320,240,30303
164786,11890,0,0,user_pics/11890/aquari_673c7e0025.jpg,400,375,28429
181730,13802,0,0,user_pics/13801/cam001_661cab586a.jpg,307,240,24183
10263,0,0,1,user_pics/anonymous/01_Picture_027.bmp,352,288,304182
19600,0,0,1,user_pics/anonymous/01_FISH_GOOD_ONE2.JPG,461,346,42696
17953,1681,0,0,user_pics/1681/01_00638.jpg,600,450,143052
18663,1579,1,0,user_pics/1579/01_New_021.jpg,450,289,35149
30576,3189,0,0,user_pics/3189/01_Three.jpg,500,335,82090
179014,13004,0,1,user_pics/13004/lake-s_b6b1bd55c8.jpg,600,450,94523
60870,3584,0,0,user_pics/3584/15_030.JPG,450,338,40992
20701,2014,0,0,user_pics/2014/02_Family_167.jpg,550,351,58793
143923,8887,0,0,user_pics/8887/electr_6778bdb429.jpg,480,384,21425
66687,6643,0,0,user_pics/6643/6643____file_01_fishtank23.jpg,512,384,78430
2469,0,0,0,user_pics/anonymous/albums/american/Herichthys_Argentea.jpg,500,360,80396
134299,9944,0,0,user_pics/9944/photo__a788bd0d5e.jpg,320,480,335027
13808,0,0,1,user_pics/anonymous/01_cyrtocara_moorii_01c.jpg,520,390,86977
43213,3978,0,0,user_pics/3978/01_DSCF3508.JPG,510,341,93150
11774,0,0,0,user_pics/anonymous/01_fish.jpeg,600,450,42345
166403,11324,0,0,user_pics/11324/yhst-1_3f26350fac.jpg,104,190,11816
172393,4215,0,0,user_pics/4215/biocub_87b6660f90.jpg,450,338,53982
92487,8559,0,0,user_pics/8559/newgeo_096317c59c.jpg,288,223,42405
67186,5829,0,0,user_pics/5829/5829____file_01_dsc01405.jpg,320,240,43751
8562,369,0,0,user_pics/369/01_cichlids14.JPG,584,325,43028
29350,2192,0,0,user_pics/2192/02_sev160.jpg,600,479,189177
10342,0,0,0,user_pics/anonymous/02_tank1.BMP,352,288,304182
17685,1061,0,0,user_pics/1061/01_HPIM1189.JPG,193,99,27653
132533,9520,0,0,user_pics/9520/pups_b_8e28ed2557.jpg,213,160,102454
171450,8830,0,0,user_pics/8830/picsar_67e176bfc5.jpg,211,134,46573
62610,1579,1,0,user_pics/1579/1579____file_01_today036.jpg,500,375,39428
172810,12873,0,0,user_pics/12873/14080c_a7310a7da0.jpg,450,338,76037
111883,9733,0,0,user_pics/9733/firefi_8eef71b890.jpg,315,210,29911
93920,8721,1,0,user_pics/8721/new_04_6719edce1a.jpg,500,417,62417
185254,14224,0,0,user_pics/14224/gt1_bm_bc0b53ad85.jpg,556,368,613878
15133,0,0,0,user_pics/anonymous/04_New_Image.BMP,352,288,304182
125421,5603,0,0,user_pics/5603/dsc_00_959b3c7ede.jpg,599,400,66588
62835,1579,1,0,user_pics/1579/1579____file_01_natives_008.jpg,500,375,51557
86584,8210,0,0,user_pics/8210/fish11_4b7f8170de.jpg,500,375,81140
72062,7135,0,0,user_pics/7135/7135____file_01_morning.jpg,600,451,42597
6,0,0,0,user_pics/anonymous/albums/tankgallery/mbuna_tank_1.jpg,600,400,35776
61555,1579,1,0,user_pics/1579/01_More_Fish_017.jpg,500,375,64987
2855,0,0,0,user_pics/anonymous/albums/album21/Tanganyika_3.jpg,554,457,39319
125025,9805,0,0,user_pics/9805/crimso_72b15d37b1.jpg,535,475,89600
24858,0,0,0,user_pics/anonymous/07_yellow.jpg,150,113,4272
181753,13802,0,0,user_pics/13801/cam003_4e0d4732da.jpg,490,278,42751
60969,3584,0,0,user_pics/3584/64_004.JPG,450,338,54886
116744,5784,0,1,user_pics/5784/c7ea83_f0638f04ba.jpg,130,97,10764
70366,2414,0,0,user_pics/2414/2414____file_01_maingano.jpg,496,354,37945
168729,12898,0,1,user_pics/12898/46315__8d356b9886.jpg,311,360,33631
169482,11513,0,0,user_pics/11513/11ebc1_01445c2030.jpg,450,338,56602
134677,9174,0,0,user_pics/9174/img_63_0eadaa2533.jpg,534,400,48272
2819,0,0,0,user_pics/anonymous/albums/album16/Neolamprologus_tretocephalus.jpg,444,300,182668
75537,7414,0,0,user_pics/7414/007.jp_c3ac397e98.jpg,544,408,52912
66482,6620,0,0,user_pics/6620/6620____file_01_0802082127.jpg,450,338,43813
183411,11502,0,0,user_pics/11502/cfront_ec27070505.jpg,80,80,2409
43609,0,0,0,user_pics/anonymous/01_1.2.jpg,382,336,23773
147574,11418,0,0,user_pics/11418/019_jp_b5a74772fa.jpg,496,372,40974
15919,1061,0,0,user_pics/1061/01_HPIM0942.JPG,320,238,71557
171654,12944,0,0,user_pics/12944/srms_j_ec41ca2205.jpg,240,320,11345
133788,10897,0,0,user_pics/10897/1_jpg_527c58ee41.jpg,539,406,43931
117,0,0,0,user_pics/anonymous/albums/tankgallery/30G118042.jpg,433,500,281455
88975,8394,0,0,user_pics/8394/290120_0d0b600bb5.jpg,320,240,31939
78599,7686,0,0,user_pics/7686/flora._c5f35bde8f.jpg,349,525,550254
74299,984,0,0,user_pics/984/984____file_01_d8933f18d48d12c40ef2ad2c32fe1c65.jpg,450,338,31937
13364,0,0,1,user_pics/anonymous/0____file_9999_17_Picture_003.jpg,160,120,9268
102134,6149,0,0,user_pics/6149/pleco._0ddbaa2fee.jpg,567,378,172882
23373,2114,0,0,user_pics/2114/01_demasoni5.jpg,600,450,39913
110622,9445,0,0,user_pics/9445/pictur_3cd5879bb4.jpg,320,240,16124
18643,1766,0,0,user_pics/1766/02_blue1.jpg,400,300,107889
68956,2707,0,0,user_pics/2707/2707____file_01__mg_29091.jpg,600,432,39940
61011,1579,1,0,user_pics/1579/01_NO_FLASH_010.jpg,500,375,47617
147191,9874,0,0,user_pics/9874/kjmjjm_c1bc1a1973.jpg,213,160,102454
103491,6149,0,0,user_pics/6149/syns.j_92374f6b1d.jpg,567,378,202055
17089,607,0,0,user_pics/607/01_Demasoni.jpg,450,338,67355
3363,0,0,0,user_pics/anonymous/albums/malawi/Name_That_Mom_and_Dad_101_0159.jpg,513,418,56185
14509,1061,0,0,user_pics/1061/01_HPIM0452.JPG,320,238,49997
49625,5145,0,0,user_pics/5145/01_fwcichlidsmmb1202529185.jpg,500,489,69015
28255,2957,0,0,user_pics/2957/01_0504070014-1.JPG,359,269,21446
71579,4843,0,0,user_pics/4843/4843____file_01_005.jpg,472,365,41094
112370,8728,0,0,user_pics/8728/livin__526395d3ba.jpg,258,258,32698
57488,3868,0,0,user_pics/3868/01_2831a519e1a5.jpg,285,228,18144
151026,11479,0,0,user_pics/11479/questi_1eaa9d81aa.jpg,201,251,151658
88175,5829,0,0,user_pics/5829/dsc056_5357084b2f.jpg,480,320,99043
169389,982,0,0,user_pics/982/fish_f_aca387dfed.jpg,126,76,28934
62834,1579,1,0,user_pics/1579/1579____file_01_natives_002.jpg,500,375,50016
49452,5139,0,1,user_pics/5139/01_Sep30_0013.jpg,101,76,1880
68217,5896,0,0,user_pics/5896/5896____file_01_0908081903.jpg,320,240,32127
166347,11324,0,0,user_pics/11324/375361_51f1c86b4f.jpg,405,391,28967
59684,5669,0,0,user_pics/5669/01_flame.jpg,500,400,252253
110526,8728,0,0,user_pics/8728/angel._4153145253.jpg,258,258,32213
61845,1579,1,0,user_pics/1579/1579____file_01_New_087.jpg,500,376,59261
61338,3584,0,0,user_pics/3584/61_002.JPG,450,338,41675
51856,1579,1,0,user_pics/1579/02_New_005.jpg,450,468,52451
159796,13514,0,0,user_pics/12280/warnin_0aedce3700.jpg,140,140,12159
137276,10493,0,0,user_pics/10493/sre_ju_be39c73ae1.jpg,600,400,33224
31143,1093,0,0,user_pics/1093/01_S5000468.JPG,576,547,329531
6681,199,0,1,user_pics/199/02_Blank.jpg,360,360,2760
61449,1579,1,0,user_pics/1579/02_sunfish_047.jpg,500,375,45274
58792,5934,0,0,user_pics/5934/12_red.jpg,550,413,57910
67242,6705,0,0,user_pics/6705/6705____file_01_compressicept.jpg,320,240,27593
54270,5492,0,0,user_pics/5492/01_wild.jpg,600,450,101772
96398,8767,0,0,user_pics/8767/whodat_253fae520a.jpg,190,70,1208
185538,10783,0,0,user_pics/10783/2014-0_1c413faf9c.jpg,508,384,23325
164707,12589,0,0,user_pics/12589/sdc155_ba70d7569f.jpg,544,408,107468
121997,7463,0,0,user_pics/7463/trewav_2248d3d06e.jpg,437,244,34465
19227,0,0,0,user_pics/anonymous/01_EM_first_step.bmp,512,384,589878
170769,12475,0,0,user_pics/12475/aulono_b079e74735.jpg,400,300,34892
54010,3463,0,0,user_pics/3463/01_Zeppo3.jpg,317,397,44927
168546,12573,0,0,user_pics/12573/i_png_cafd4aa073.jpg,300,300,33685
4152,0,0,1,user_pics/anonymous/albums/other/Tigerbarbs.jpg,320,240,10269
11247,615,0,0,user_pics/615/01_IM000794.JPG,400,304,64768
125661,7523,0,0,user_pics/7523/pulpic_8e6cacf42b.jpg,100,70,3105
23728,2192,0,0,user_pics/2192/01_dozer5.jpg,479,569,147994
171631,13514,0,0,user_pics/12280/projec_97d152e5d0.jpg,480,384,47435
27612,2713,0,0,user_pics/2713/02_flavus.bmp,430,323,417370
143178,11405,0,1,user_pics/11405/oscar__e7217db27f.jpg,268,188,14817
35364,3868,0,0,user_pics/3868/01_072722618fc1.jpg,304,228,15288
97219,8728,0,0,user_pics/8728/clown__1d87f68353.jpg,406,406,34554
52323,5370,0,0,user_pics/5370/01_fish022.jpg,571,480,42383
87228,7518,0,0,user_pics/7518/1_7084_bb90ea798b.jpg,450,600,34590
22936,2114,0,0,user_pics/2114/01_new_peacock_2.jpg,600,450,56855
71135,6938,0,0,user_pics/6938/6938____file_01_replicate.jpg,500,375,20974
47095,4949,0,0,user_pics/4949/01_fish_stand.jpg,488,480,253140
103286,5896,0,0,user_pics/5896/072107_0532e71b6d.jpg,320,240,37158
34657,2015,0,0,user_pics/2015/01_edited_johanni.JPG,236,180,21600
121020,5674,0,0,user_pics/5674/img_33_60ce13213b.jpg,512,350,53559
187981,14331,0,0,user_pics/14331/ess141_f333f5783c.jpg,325,171,16673
20729,2063,0,0,user_pics/2063/04_red_empress.jpg,500,334,134438
96407,8887,0,0,user_pics/8887/ob-red_42bfce1893.jpg,315,210,8227
101862,7867,0,0,user_pics/7867/cimg13_957618d82b.jpg,360,270,67538
178328,12345,0,0,user_pics/12345/img_16_57ade4b5cb.jpg,161,312,9732
10685,0,0,0,user_pics/anonymous/01_my_cobalt_blue.JPG,448,336,42794
100298,8728,0,0,user_pics/8728/mayan._c63a236cea.jpg,406,406,42353
12700,0,0,0,user_pics/anonymous/01_Picture(18).jpg,320,240,7033
12549,769,0,1,"user_pics/769/03_01_Spazz,_6-22-06_(2).jpg",514,372,34092
6688,0,0,0,user_pics/anonymous/01_fish_2_df4f03819dfca6ccd5c35d878ebd2ef5.jpg,320,240,22464
181423,12764,0,0,user_pics/12764/7effa7_66e479fe91.jpg,450,338,91193
96027,8728,0,0,user_pics/8728/1.jpg_bf8837bda5.jpg,406,406,53290
17301,984,0,0,user_pics/984/01_Female_Festae.jpg,576,432,33668
65165,5623,0,0,user_pics/5623/5623____file_01_festae_female.bmp,320,240,230454
180664,13604,0,0,user_pics/13604/untitl_6dbb59d104.jpg,225,225,30447
112,0,0,0,user_pics/anonymous/albums/tankgallery/tank010404.jpg,600,386,260283
114188,9303,0,0,user_pics/9303/img_00_697ae0b7ca.jpg,320,480,143029
83914,7149,0,0,user_pics/7149/img004_5b3d0bafb3.jpg,320,240,12995
12009,0,0,1,user_pics/anonymous/02_Herichthys_carpintis_(Cichlasoma_Carpinter)_03.jpg,567,409,34770
171384,13080,0,0,user_pics/13080/img_20_fca6e771ce.jpg,320,240,24072
96884,8728,0,0,user_pics/8728/2.jpg_82f5958057.jpg,406,406,48788
60869,1579,1,0,user_pics/1579/01_FISH_050.jpg,500,375,40834
15912,1061,0,1,user_pics/1061/02_HPIM0877.JPG,320,238,58606
3255,0,0,0,user_pics/anonymous/albums/malawi/A_Maisoni_Male7_cropped.jpg,303,200,19499
70906,5896,0,0,user_pics/5896/5896____file_01_1020081925.jpg,320,240,43482
34298,3695,0,0,user_pics/3695/01_Picture_524.jpg,504,414,45627
104491,778,0,0,user_pics/778/jkl.jp_8688a6124b.jpg,450,338,38253
177192,12130,0,0,user_pics/12130/cave_j_f22a30bb87.jpg,440,440,60231
31610,2261,0,1,user_pics/2261/01_17951img_8533r.jpg,600,400,76934
1154,0,0,0,user_pics/anonymous/albums/album22/113_1324_1_edited.jpg,541,339,88018
97367,8672,0,0,user_pics/8672/batman_0986d57768.jpg,362,397,11596
4874,0,0,0,user_pics/anonymous/01_91252950_311506570_0.jpg,250,250,16610
2212,0,0,0,user_pics/anonymous/albums/user_gallery/Maleri_peacock.jpg,400,266,24134
72327,6241,0,0,user_pics/6241/6241____file_01_2008sep11peacocks-dsc_2678.jpg,560,372,22962
62849,1579,1,0,user_pics/1579/1579____file_01_natives_042.jpg,500,375,38378
10458,273,0,0,user_pics/273/01_Geophagus_Braz..jpg,236,169,9023
164894,12477,0,0,user_pics/12477/last-c_7dbb518356.jpg,150,88,2839
97724,8672,0,0,user_pics/8672/sevbab_741d0eb1db.jpg,447,387,52186
61447,3584,0,0,user_pics/3584/05_054.JPG,450,338,64236
109716,9474,0,1,user_pics/9474/tank.j_aecf2d99a8.jpg,550,412,98614
148297,11743,0,0,user_pics/11743/cobalt_2dc17d0fb9.jpg,492,479,46892
94129,8728,0,0,user_pics/8728/makin__bfda530c0f.jpg,406,406,46820
4040,0,0,0,user_pics/anonymous/albums/african/ElectricYellowLabidichromis3.jpg,320,240,8430
15832,1266,0,0,user_pics/1266/02_cyrtocara_moorii_01c.jpg,520,390,86977
4012,0,0,0,user_pics/anonymous/albums/african/fulloborni.jpg,545,434,18495
10806,653,0,0,user_pics/653/06_1.jpg,576,432,36643
60450,1579,1,0,user_pics/1579/01_RE2A.jpg,500,375,71408
141461,11299,0,0,user_pics/11299/img003_fc446ff6d9.jpg,528,400,52376
22014,2153,0,0,user_pics/2153/01_Datnoid.bmp,220,168,110934
154118,9669,0,0,user_pics/9669/search_0862d99cdd.jpg,254,198,7132
177115,12873,0,0,user_pics/12873/ebf09e_62af1a9296.jpg,150,74,3279
99589,5896,0,0,user_pics/5896/3.cps_fc28c6f39a.jpg,600,400,148868
135487,10803,0,0,user_pics/10803/babe_0_8fd99e4889.jpg,512,384,58911
50528,5203,0,0,user_pics/5203/01_baby_peacocks1.jpg,125,125,12314
181743,13802,0,1,user_pics/13801/cam001_8f0680a414.jpg,307,240,24183
63460,5421,0,0,user_pics/5421/5421____file_01_dsc00098.jpg,300,180,20833
84020,6447,0,0,user_pics/6447/happy__a6d8688999.jpg,550,350,63144
6068,0,0,1,user_pics/anonymous/01_92pie_tank.jpg,526,396,20543
6318,0,0,0,user_pics/anonymous/01_RG_Placi_phenochilus_1.jpg,567,406,394558
56123,5768,0,0,user_pics/5768/01_l_56b1e93f2c8365b933e51bc04b814cb5-1-.jpg,600,449,39029
115675,8728,0,0,user_pics/8728/boys_2_81d056d527.jpg,258,258,30741
1235,0,0,0,user_pics/anonymous/albums/album22/Barbs_GT_5x7_F_M.jpg,504,378,197436
47404,4982,0,0,user_pics/4982/01_DSCF1537.JPG,514,360,74586
10765,0,0,0,user_pics/anonymous/01_Picture_1.jpg,320,240,90364
21881,2192,0,0,user_pics/2192/01_geo1.jpg,320,213,153663
12813,793,0,1,user_pics/793/02_cichlid.bmp,210,154,97382
3514,0,0,0,user_pics/anonymous/albums/malawi/02_01_05_27.jpg,250,190,8643
83894,8000,0,0,user_pics/8000/01_p10_92cbcdb47c.jpg,360,202,46239
128848,10217,0,0,user_pics/10217/rememb_186bef7543.jpg,300,363,18825
28275,753,0,0,user_pics/753/01_DCP_2053.JPG,488,495,94228
79290,7729,0,0,user_pics/7729/untitl_a753eb7568.jpg,405,318,27391
18939,0,0,0,user_pics/anonymous/01_Big_Red_(resized).jpg,270,168,20119
3378,0,0,0,user_pics/anonymous/albums/malawi/Yellow_Albino_101_0083.jpg,322,240,40047
35459,3871,0,1,user_pics/3871/01_29_cichlid_tank.jpg,304,228,19397
51571,5308,0,0,user_pics/5308/03_tank1_dup_2034413256.jpg,400,300,35734
55978,4967,0,0,user_pics/4967/01_P1010170.jpg,360,202,46239
185119,12903,0,0,user_pics/12903/dsc_03_e365f6afa8.jpg,319,213,36563
32817,2480,0,0,user_pics/2480/02_IMG_3453.JPG,480,360,54421
173681,13087,0,0,user_pics/13087/135853_507b34720d.jpg,540,405,140319
185655,12903,0,0,user_pics/12903/dsc_03_d2d1498553.jpg,319,213,36937
21343,2114,0,0,user_pics/2114/01_frank_new_edit.jpg,600,450,129264
169111,11513,0,0,user_pics/11513/bth_im_a8b35b3e67.jpg,280,210,9360
177055,13434,0,0,user_pics/13434/72314__d4c1ce1653.jpg,403,403,14111
102062,7427,0,0,user_pics/7427/moba2_fc68f038ab.jpg,600,450,47308
129360,10627,0,0,user_pics/10627/032_jp_7374cea61f.jpg,320,480,68468
43360,2077,0,0,user_pics/2077/02_100_0259.jpg,353,232,51135
175072,13299,0,0,user_pics/13299/136078_8ee1721926.jpg,408,230,17289
121909,2423,0,0,user_pics/2423/pictur_dc7b3330b5.jpg,320,480,269915
126307,10137,0,0,user_pics/10137/iowa_h_d0acf52997.jpg,404,272,9801
13434,38,0,0,user_pics/38/01_DSCF0027_edited.JPG,577,548,100552
65952,4610,0,0,user_pics/4610/4610____file_01_meatsolvang.jpg,413,600,50641
46689,4215,0,0,user_pics/4215/01_pprimrosesm.jpg,455,224,40297
146593,11590,0,0,user_pics/11590/tank_j_1bcc2d100a.jpg,320,240,32231
90455,5829,0,0,user_pics/5829/dsc061_55e109f42a.jpg,480,320,79767
102261,8728,0,0,user_pics/8728/ewrtwe_23e009ea34.jpg,258,258,34713
40232,0,0,0,user_pics/anonymous/01_nv04$012.jpg,320,138,10447
1562,0,0,0,user_pics/anonymous/albums/album22/baby.jpg,400,399,52152
10243,0,0,0,user_pics/anonymous/03_blue.JPG,450,338,18572
145169,11222,0,0,user_pics/11222/pic77__50a8f62b6f.jpg,331,152,7474
24824,2503,0,0,user_pics/2503/01_z2Fish_014.jpg,563,431,217807
17636,0,0,1,user_pics/anonymous/01_fishheads,480,360,26823
8587,438,0,0,user_pics/438/01_acara15.jpg,600,481,64839
67240,6705,0,0,user_pics/6705/6705____file_02_we_dolphin.jpg,320,240,22739
17725,1647,0,0,user_pics/1647/01_fishtank3.jpg,150,113,39989
45898,2871,0,0,user_pics/2871/01_DSC02929small.JPG,530,496,370325
13794,0,0,1,user_pics/anonymous/01_red_empress.jpg,320,240,10123
12926,0,0,0,user_pics/anonymous/01_sk_tank.JPG,568,426,47201
72063,7135,0,0,user_pics/7135/7135____file_01_night_3.jpg,600,450,52674
162762,12525,0,1,user_pics/12525/wolf-c_49f9b8d837.jpg,500,384,43443
179140,12937,0,0,user_pics/12937/img956_d5b335d4e3.jpg,180,320,106764
78846,1368,0,0,user_pics/1368/rambo._7365e9805f.jpg,130,97,30257
60452,1579,1,0,user_pics/1579/01_RE4A.jpg,500,375,62015
59319,3868,0,0,user_pics/3868/01_hideing.jpg,285,228,22672
181980,13604,0,0,user_pics/13604/imag05_9e98803690.jpg,580,340,27101
3420,0,0,0,user_pics/anonymous/albums/malawi/Mel_lupingu_pearl1.jpg,500,206,90170
59814,3879,0,0,user_pics/3879/01_4cd52c10cb-1-.jpg,150,113,12502
70852,7065,0,0,user_pics/7065/7065____file_01_unknown_tank_3.jpg,448,335,31592
67295,984,0,0,user_pics/984/984____file_01_cit3.jpg,160,120,2978
50078,4323,0,0,user_pics/4323/03_FISH_dup_5033092.jpg,258,258,18554
61162,3584,0,1,user_pics/3584/67_004.JPG,450,338,51942
4842,0,0,0,user_pics/anonymous/01_90447376_308603127_0.jpg,250,250,15098
44160,199,0,0,user_pics/199/01_kb19.jpg,519,530,49266
174431,12552,0,0,user_pics/12552/jd_fry_210df10878.jpg,191,74,42678
176581,11197,0,0,user_pics/11197/new_ta_0c20892d3f.jpg,512,384,39949
96210,8728,0,0,user_pics/8728/mhfcd._37fe2b9c5b.jpg,406,406,53526
24561,2114,0,0,user_pics/2114/03_eggs.jpg,600,450,73099
132668,8830,0,0,user_pics/8830/photo0_7c806ebab8.jpg,320,240,28668
18641,0,0,0,user_pics/anonymous/01_parrots1_f9fb8020193c431ec920e88f5555302d.jpg,448,336,37824
61489,26,0,1,user_pics/26/01_th_happy_mothers_day_flowers.gif,160,120,49171
40506,3160,0,0,user_pics/3160/02_red_devil_1.bmp,352,288,304182
153660,11513,0,0,user_pics/11513/005_jp_e18d0aa79a.jpg,512,384,34220
173646,1987,0,0,user_pics/1987/transa_e9d1573ee4.jpg,518,274,378737
6397,0,0,0,user_pics/anonymous/01_004.bmp,352,288,304182
184833,14169,0,0,user_pics/14169/ry_3d4_5bf031e809.jpg,550,400,30150
173754,12873,0,0,user_pics/12873/start__3e674fceeb.jpg,450,450,34231
37410,753,0,0,user_pics/753/02_IMG_0725.JPG,320,240,31120
28294,2956,0,0,user_pics/2956/07_convict.jpg,170,127,4689
95510,8210,0,0,user_pics/8210/africa_d9f424d726.jpg,258,258,26282
14492,971,0,0,user_pics/971/01_n_tetracantha_rickard_hakansson.jpg,500,352,76500
75288,5829,0,0,user_pics/5829/dsc043_e758d940d7.jpg,480,360,99212
9265,0,0,0,user_pics/anonymous/01_P1010068000.jpg,425,319,52911
96483,8210,0,0,user_pics/8210/whitec_d349c4a553.jpg,258,258,32731
132039,9482,0,0,user_pics/9482/downsi_e40162d427.jpg,512,384,39985
10281,595,0,1,user_pics/595/02_Picture_027.bmp,352,288,304182
4042,0,0,0,user_pics/anonymous/albums/african/ElectricYellowLabidichromis4.jpg,320,240,8504
1665,0,0,0,user_pics/anonymous/albums/album22/lab.jpg,359,336,12986
174904,10747,0,0,user_pics/10747/p11307_8a8e1d361b.jpg,575,560,75895
112978,9733,0,0,user_pics/9733/eureka_68aca5f4b3.jpg,315,210,25458
181052,12475,0,0,user_pics/12475/ee2b52_75494e46d9.jpg,450,254,51623
120065,2953,0,0,user_pics/2953/150_ac_9b7cd1a5ca.jpg,480,360,43921
84112,5311,0,0,user_pics/5311/say_no_cee9045d06.jpg,124,124,3422
66982,5913,0,0,user_pics/5913/5913____file_01_08-13-08_2117.jpg,400,528,75221
17967,0,0,0,user_pics/anonymous/12_tank.JPG,450,338,36993
78608,7686,0,0,user_pics/7686/polly__7c159bc62e.jpg,500,333,20640
176584,11197,0,0,user_pics/11197/new_ta_05bb0d4e37.jpg,512,384,37357
354,0,0,0,user_pics/anonymous/albums/tankgallery/1_G_001.jpg,400,256,19529
15740,909,0,0,user_pics/909/01_protomelas_steveni.jpg,500,375,25587
187891,1840,0,0,user_pics/1840/2014-1_c426f6d35f.jpg,273,364,226575
15918,1061,0,0,user_pics/1061/01_HPIM0936.JPG,320,238,75254
15080,1122,0,0,user_pics/1122/01_balthazar2.jpg,274,168,6955
17232,1577,0,0,user_pics/1577/01_M_TJewel.jpg,400,300,22846
165026,10286,0,0,user_pics/10286/imagej_cadf434603.jpg,480,360,109275
43353,2077,0,0,user_pics/2077/02_100_0245.jpg,401,193,42618
31626,1835,0,1,user_pics/1835/01_Black-Adonis-Pleco-1-.jpg,400,300,22812
190500,23,1,1,user_pics/23/d5ae0815-165a-49e8-8101-2593b9c24e31_alex_portrait_q.jpg,305,305,87501
185659,12903,0,0,user_pics/12903/dsc_03_061f9eb9c6.jpg,319,213,22452
137275,10493,0,0,user_pics/10493/venust_cc4fe63f4d.jpg,600,400,33177
96899,5829,0,0,user_pics/5829/dsc069_4cf06a584a.jpg,480,320,75598
169985,7239,0,1,user_pics/7239/images_8e1dabdf6d.jpg,281,179,6268
15815,1061,0,0,user_pics/1061/01_HPIM0226.JPG,320,238,48997
120769,10087,0,0,user_pics/10087/2_jpg__1f203f2678.jpg,258,258,34305
169979,12426,0,0,user_pics/12426/surfac_f4af94a344.jpg,300,300,6095
120425,10059,0,1,user_pics/10059/photo0_f4e474a98b.jpg,480,480,63136
172209,3584,0,0,user_pics/3584/a0f72__d0bab549a1.jpg,364,275,41437
161431,4615,0,0,user_pics/4615/hat_ea_1818379318.jpg,300,300,8592
178305,7776,1,0,user_pics/7776/kitty__067fd00edd.jpg,600,435,41054
170478,12475,0,0,user_pics/12475/aulono_e539e24ab0.jpg,400,300,146252
173609,13161,0,0,user_pics/13161/grammo_e550a882f0.jpg,500,312,79137
69602,4294,0,0,user_pics/4294/4294____file_01_paul.jpg,180,270,11516
143922,8887,0,0,user_pics/8887/rubyre_00a99bfac1.jpg,320,240,35967
185858,12903,0,0,user_pics/12903/dsc_06_ecbd8d9b21.jpg,319,213,41664
153664,11513,0,0,user_pics/11513/007_jp_8ce412bc4d.jpg,512,384,37814
171158,12801,0,0,user_pics/12801/sym_2__dd933935ba.jpg,480,599,118019
66518,5674,0,0,user_pics/5674/5674____file_01_2008_0801fish0158.jpg,450,338,40870
94843,5829,0,0,user_pics/5829/dsc067_eea589d1e7.jpg,480,320,70154
178306,11883,0,0,user_pics/11883/images_d5c442b75e.jpg,276,183,8071
28266,753,0,0,user_pics/753/01_DCP_2041.JPG,514,504,88011
51210,3474,0,0,user_pics/3474/01_maplecroft_059.jpg-test-.jpg,552,414,86735
45865,26,0,0,user_pics/26/02_Dolphins_Oct_07_020x10.jpg,240,163,12582
3744,0,0,0,user_pics/anonymous/albums/malawi/Red_Dude.jpg,504,378,265368
119170,8887,0,0,user_pics/8887/open_b_eb5d65650e.jpg,480,384,26988
115089,7776,1,0,user_pics/7776/getatt_3f4c8b4763.jpg,600,450,66268
2537,0,0,0,user_pics/anonymous/albums/american/014_11A_0004.jpg,397,336,134742
86470,7294,0,0,user_pics/7294/untitl_e3756f21e8.jpg,400,303,363654
77088,7427,0,0,user_pics/7427/downsi_b2c99b725e.jpg,600,450,42317
1766,0,0,0,user_pics/anonymous/albums/user_gallery/lightblue.jpg,400,200,20341
16647,0,0,0,user_pics/anonymous/02_22.jpg,341,256,19908
168507,12873,0,0,user_pics/12873/images_95e44bc00e.jpg,256,126,6722
61895,1579,1,0,user_pics/1579/1579____file_01_New_121.jpg,500,375,54746
185131,12903,0,0,user_pics/12903/dsc_03_1a053bd926.jpg,319,213,13170
103773,3584,0,0,user_pics/3584/ff_364_dfbb43f5ef.jpg,274,234,20295
168728,12106,0,1,user_pics/12106/38754__716c4173f7.jpg,400,348,40071
164508,8887,0,0,user_pics/8887/ob_pea_e7fefc7de3.jpg,320,240,14108
184649,12972,0,0,user_pics/12972/139097_025686ab95.jpg,446,446,44505
70747,2626,0,0,user_pics/2626/2626____file_01_dsc01318.jpg,360,202,36350
29739,0,0,0,user_pics/anonymous/02_Tilapia_buttikoferi_4.jpg,500,360,18027
40611,123,0,0,user_pics/123/01_Red_Zebra_Dad.jpg,461,348,52290
3622,0,0,0,user_pics/anonymous/albums/malawi/aquarium_011.jpg,544,408,44126
118153,9733,0,0,user_pics/9733/srt123_b820f3b4ab.jpg,320,238,13527
7076,0,0,0,user_pics/anonymous/04_Picture_014.jpg,360,240,18093
35365,3868,0,0,user_pics/3868/02_e75656ff0840.jpg,92,69,5232
47464,4581,0,0,user_pics/4581/01_midas_c.JPG,460,505,16227
4994,0,0,0,user_pics/anonymous/02_Picture_115.jpg,320,240,40200
47692,4990,0,0,user_pics/4990/01_y.jpg,170,127,4888
31934,1058,0,0,user_pics/1058/01_75gall05.jpg,421,562,48145
99331,8728,0,0,user_pics/8728/rt.jpg_0fb8af23ef.jpg,406,406,66961
46679,1987,0,0,user_pics/1987/01_3632_1197400162.jpg,600,391,60127
21589,123,0,0,user_pics/123/01_Snow_Leopard.jpg,281,345,220436
6482,0,0,0,user_pics/anonymous/01_pic15.jpg,160,120,5396
22171,2234,0,0,user_pics/2234/01_rs1.jpg,540,406,113601
86113,6447,0,0,user_pics/6447/images_1b71e5a81c.jpg,124,75,3824
13326,837,0,0,user_pics/837/01_Mystery_African.jpg,320,240,6645
2834,0,0,0,user_pics/anonymous/albums/album18/Black_Kalvus_2.jpg,593,520,29629
2638,0,0,0,user_pics/anonymous/albums/american/Picture_003.jpg,308,286,46711
23615,2192,0,0,user_pics/2192/01_babysevs10.jpg,307,239,47628
102366,6149,0,0,user_pics/6149/female_13720aad3e.jpg,567,378,182993
64590,6417,0,0,user_pics/6417/6417____file_01_jackd.jpg,600,449,33026
78761,5829,0,0,user_pics/5829/dsc048_0c937ff157.jpg,480,320,99987
19792,0,0,0,user_pics/anonymous/01_tret_e197d26d84c55d364ca066f83205c016.jpg,370,370,28192
90217,5829,0,0,user_pics/5829/steve-_30d262d1c5.jpg,256,398,18931
21865,2192,0,0,user_pics/2192/01_uaru2.jpg,320,213,174575
48238,5035,0,0,user_pics/5035/01_Photo-a28.jpg,401,336,27587
153121,11832,0,0,user_pics/11832/redtph_74337425bd.jpg,480,272,22714
70855,7065,0,0,user_pics/7065/7065____file_01_unknown_tank_5.jpg,448,335,38475
66501,5523,0,0,user_pics/5523/5523____file_01_tank_pics_002.jpg,450,338,101958
4065,0,0,0,user_pics/anonymous/albums/other/deshi1210035.jpg,325,400,162321
165196,12672,0,0,user_pics/12672/img_20_a075f6cc46.jpg,503,303,13968
179342,12873,0,0,user_pics/12873/ca90e5_a4082601ab.jpg,450,307,38711
42518,4588,0,0,user_pics/4588/01_Picture_009__Small___Custom_.jpg,400,300,16893
6990,0,0,0,user_pics/anonymous/01_jellybeans.jpg,320,240,29953
36602,26,0,0,user_pics/26/01_125_gal__Sept_8_07_021x7cc.jpg,504,378,216804
110756,8728,0,0,user_pics/8728/7.jpg_03aaacec3d.jpg,258,258,31289
174247,12248,0,0,user_pics/12248/078_jp_4f506bec9f.jpg,408,230,28145
103451,8728,0,0,user_pics/8728/kjytfk_dd27ddf86e.jpg,258,258,42236
69507,6974,0,0,user_pics/6974/6974____file_01_saj.bmp,250,188,141430
62330,6206,0,0,user_pics/6206/6206____file_01_dori2.jpg,326,326,30128
146592,11590,0,0,user_pics/11590/red_ze_6c6a4791b3.jpg,320,240,38729
50303,5203,0,0,user_pics/5203/02_fronts2.bmp,480,360,518454
55313,4546,0,1,user_pics/4546/01_oliviaanddaddy.jpg,169,312,44926
733,0,0,0,user_pics/anonymous/albums/tankgallery2/IMG_0148.jpg,600,450,36291
181870,13802,0,0,user_pics/13802/cam006_57fdc9d6ec.jpg,352,177,27118
42405,3764,0,0,user_pics/3764/3764____file_9999_14_fryeri.jpg,430,312,53970
174902,13274,0,0,user_pics/13274/cd8f25_3aaf69dac3.jpg,450,338,120760
5086,0,0,0,user_pics/anonymous/01_Fish_001.jpg,450,338,88013
164028,12589,0,0,user_pics/12589/img142_84f3194709.jpg,480,480,30992
89575,5829,0,0,user_pics/5829/dsc060_319bdab2dd.jpg,480,320,91199
165499,11479,0,0,user_pics/11479/happy__51d94604f7.jpg,256,256,71020
79182,7427,0,0,user_pics/7427/downsi_b338af0d4e.jpg,600,450,44569
175200,12873,0,0,user_pics/12873/cd6030_e25179852f.jpg,130,97,23551
176218,12475,0,0,user_pics/12475/gfjhfg_e807e6c1fa.jpg,225,225,10379
6633,0,0,0,user_pics/anonymous/01_k12.jpg,350,263,45994
710,0,0,0,user_pics/anonymous/albums/tankgallery2/52378818949_G.jpg,240,320,24891
96802,3584,0,0,user_pics/3584/61-610_f20277cfa0.jpg,400,340,38142
56694,5809,0,0,user_pics/5809/01_ngara06x.jpg,550,412,64625
29625,3062,0,0,user_pics/3062/01_S6300011.JPG,512,384,100293
21014,1748,0,0,user_pics/1748/06_untitled2.jpg,497,289,37207
151094,3584,0,0,user_pics/3584/370408_a8743f42bd.jpg,180,162,12713
54012,3463,0,0,user_pics/3463/01_Harpo2.jpg,468,302,31935
98917,6149,0,0,user_pics/6149/syns1._3c8e2cde1f.jpg,567,378,204451
4860,50,0,1,user_pics/50/01_Malawi_dive_5.jpg,550,370,19801
15120,1190,0,0,user_pics/1190/09_1.jpg,371,265,15214
97234,8728,0,0,user_pics/8728/fem_re_5063ff5a8f.jpg,406,406,78891
116938,5674,0,0,user_pics/5674/img_19_3e23f3a4b2.jpg,580,415,122867
60431,3868,0,0,user_pics/3868/03_tex.jpg,304,228,19378
47928,5014,0,0,user_pics/5014/01_REd_devil.tiff,338,253,346756
52583,2454,0,0,user_pics/2454/01_25-02-08_1750.jpg,320,240,55738
109382,9528,0,0,user_pics/9528/handif_8a2355aa6f.jpg,512,384,33804
174194,12873,0,0,user_pics/12873/687355_50e0dae1e5.jpg,450,301,86912
399,0,0,0,user_pics/anonymous/albums/tankgallery/2_G_002.jpg,400,194,15494
169877,12676,0,0,user_pics/12676/man-qu_e6ad6bb1a4.jpg,286,359,10984
17583,0,0,0,user_pics/anonymous/01_Picture_010.JPG,450,338,90566
114799,8887,0,1,user_pics/8887/maylan_6d9d384578.jpg,480,384,16167
28670,2987,0,0,user_pics/2987/01_101_3668.jpg,360,270,83475
1767,0,0,0,user_pics/anonymous/albums/user_gallery/lightblue2.jpg,400,221,22257
94782,5829,0,0,user_pics/5829/dsc067_65eb440423.jpg,480,360,80859
96030,8728,0,0,user_pics/8728/3.jpg_c237ff23d6.jpg,406,406,42021
35144,3816,0,0,user_pics/3816/02_IMAGE016.jpg,320,240,22568
97619,8230,0,0,user_pics/8230/oct04__1053327619.jpg,320,240,7922
1647,0,0,0,user_pics/anonymous/albums/album22/german_ram.jpg,461,279,78218
175707,13324,0,0,user_pics/13324/idme_p_171aef5060.jpg,265,196,54921
60866,1579,1,0,user_pics/1579/01_FISH_037.jpg,500,375,74504
6470,238,0,0,user_pics/238/01_fish3.bmp,500,375,562554
130031,10365,0,0,user_pics/10365/55_gal_74bdc77bb9.jpg,480,199,42566
169071,12937,0,0,user_pics/12937/driod__26e794a8c3.jpg,408,230,23330
12776,0,0,0,user_pics/anonymous/01_040411_ossan_datonio01.jpg,318,239,66193
92139,8611,0,0,user_pics/8611/015.jp_9ae6efc005.jpg,400,240,45601
167228,12755,0,0,user_pics/12755/meds_a_b35b120555.jpg,218,131,7319
52173,1579,1,0,user_pics/1579/01_New_002.jpg,450,487,42648
147400,8210,0,0,user_pics/8210/274234_2219ac8063.jpg,180,138,7738
138059,11136,0,0,user_pics/11136/200517_8daf37d8ec.jpg,130,98,7064
167015,12755,0,0,user_pics/12755/estrhe_7fdc6d19bf.jpg,221,166,7524
39490,3925,0,0,user_pics/3925/01_louie.jpg,400,206,137470
73770,4215,0,0,user_pics/4215/4215____file_01_tetra-hummingbird.gif,450,170,70939
170884,13045,0,0,user_pics/13045/image__8f1ece11fc.jpg,551,480,113623
60735,1579,1,0,user_pics/1579/01_sunfish_047.jpg,500,375,45274
104774,7776,1,0,user_pics/7776/cheif._0c315e5a43.jpg,600,450,71801
67228,753,0,0,user_pics/753/753____file_01_th_dscf2545.jpeg,160,120,4112
186764,8210,0,0,user_pics/8210/oscar__bfe9531da4.jpg,275,183,5287
34560,3743,0,0,user_pics/3743/3743____file_01_06-05-08_2313.jpg,450,338,21766
2968,0,0,0,user_pics/anonymous/albums/album06/Julidochromis_regani2.jpg,257,106,8280
96900,5829,0,0,user_pics/5829/dsc069_83b17ed8fa.jpg,480,320,85469
22474,2030,0,0,user_pics/2030/01_red_tiger_discus.jpg,174,210,14583
68222,5896,0,0,user_pics/5896/5896____file_01_0908081900.jpg,320,240,34210
52217,5203,0,0,user_pics/5203/01_m_n_f.jpg,125,125,14701
21586,123,0,0,user_pics/123/01_New_Blue_Diamond.jpg,416,346,349237
151836,11479,0,0,user_pics/11479/face_j_5193d3fdb6.jpg,139,140,3379
17056,0,0,1,user_pics/anonymous/06_5.jpg,150,113,5237
40516,123,0,0,user_pics/123/01_Brichardi_Leftside.jpg,387,349,45975
95358,8728,0,0,user_pics/8728/jack.j_605c4b2c45.jpg,406,406,66737
79166,1840,0,0,user_pics/1840/s73086_c5fd6f7e8c.jpg,369,492,56351
78275,7113,0,0,user_pics/7113/476538_87f5693e6e.jpg,500,330,83973
97222,8728,0,0,user_pics/8728/royal__d7516ff33b.jpg,406,406,35780
72280,7106,0,0,user_pics/7106/7106____file_01_myellowlab.bmp,240,320,230454
190478,23,0,1,user_pics/23/cc7d6524-1923-4559-a5ad-a90f8bd603bf_screen_shot_2018-02-25_at_14.52.26.png,402,100,14069
1675,0,0,0,user_pics/anonymous/albums/album22/male_pink_con.jpg,500,428,22153
81671,6915,0,0,user_pics/6915/75_gal_1432372e3c.jpg,258,258,30965
10506,615,0,0,user_pics/615/01_IM000377.JPG,544,416,110592
2836,0,0,0,user_pics/anonymous/albums/album18/aquarium_011.jpg,544,408,44126
3322,0,0,0,user_pics/anonymous/albums/malawi/fish_1_023.jpg,563,345,23374
101859,7867,0,0,user_pics/7867/cimg13_6191456d2b.jpg,360,270,48823
94654,8728,0,0,user_pics/8728/red_an_4001ae5c55.jpg,406,406,49123
132562,6241,0,0,user_pics/6241/images_2bab58193d.jpg,259,194,9724
190427,23,0,1,user_pics/23/99f6669d-8ac0-470e-ba2b-f7cc0b102660_screen_shot_2018-02-18_at_13.27.41.png,560,332,86997
78703,7694,0,0,user_pics/7694/untitl_bbcbc7abaa.jpg,320,240,230454
94653,8600,0,0,user_pics/8600/images_125c655be3.jpg,88,150,3333
100547,8728,0,0,user_pics/8728/rt333._4e4f91524d.jpg,406,406,54960
170112,12873,0,0,user_pics/12873/start__7e2f066223.jpg,450,450,34231
13827,0,0,0,user_pics/anonymous/01_hampton~court~flower~show~and~fish~shop~July~2005~047.jpg,400,300,23908
99101,5829,0,0,user_pics/5829/dsc070_ef5e60d14b.jpg,480,320,90212
88029,3177,0,0,user_pics/3177/siames_05779921d9.jpg,160,120,57654
190517,15437,0,0,user_pics/15437/b773c057-c06a-476e-9c70-44f4581bdb43_dsc_0353.jpg,458,495,106367
174223,7776,1,0,user_pics/7776/bubba__6a2df13465.jpg,450,338,108340
39487,3925,0,0,user_pics/3925/01_2tanks.jpg,500,183,130843
104657,5311,0,0,user_pics/5311/hawkey_c31583fbc8.jpg,50,50,1847
58728,2626,0,0,user_pics/2626/01_DSC01080.jpg,360,202,42210
72061,7135,0,0,user_pics/7135/7135____file_01_night.jpg,600,437,61351
19791,0,0,0,user_pics/anonymous/03_cichlids_bca705ad02cd002c1e94706a26afbdd9.jpg,576,432,51077
119058,10059,0,0,user_pics/10059/photo0_af9791e1e0.jpg,480,480,34806
15052,615,0,0,user_pics/615/01_IM000945.JPG,512,384,95520
174719,11584,0,0,user_pics/11584/644234_8f62f6e96b.jpg,225,300,26860
35150,3816,0,0,user_pics/3816/03_IMAGE002.jpg,320,240,18888
126884,9174,0,0,user_pics/9174/dsc027_cf2dae647e.jpg,385,581,66327
15520,1058,0,0,user_pics/1058/01_Firemouth01.gif,450,146,56958
167976,12475,0,0,user_pics/12475/is_jpg_7ad906847e.jpg,300,300,30756
49950,5046,0,0,user_pics/5046/01_31-12-07_1248.jpg,320,240,9314
96950,3821,0,0,user_pics/3821/img_00_6363c2c432.jpg,400,300,27124
127966,9482,0,0,user_pics/9482/downsi_e55ceb9bc6.jpg,512,384,27564
41435,4368,0,0,user_pics/4368/01_Project28.png,500,375,1497302
103298,5300,0,0,user_pics/5300/big_mu_e6a1a6cef1.jpg,288,432,63063
100782,5603,0,0,user_pics/5603/pict03_d97e129231.jpg,547,365,92353
61554,1579,1,0,user_pics/1579/01_More_Fish_014.jpg,500,375,37896
168757,11513,0,0,user_pics/11513/918c70_ddfadf8b63.jpg,450,253,38932
41685,2956,0,0,user_pics/2956/01_LOCKED.jpg,320,240,16097
108755,8210,0,0,user_pics/8210/blueac_ac9aaf3e5c.jpg,258,258,30657
24107,2114,0,0,user_pics/2114/01_blue_in_grass_edit.jpg,354,284,111026
102132,6149,0,0,user_pics/6149/syns1._ce0e5cc924.jpg,567,400,179333
37411,753,0,0,user_pics/753/02_IMG_0697.JPG,320,240,34751
163994,10286,0,0,user_pics/10286/tn_jpg_6ebe251e6c.jpg,150,112,2487
10224,0,0,0,user_pics/anonymous/01_111.BMP,352,288,304182
175195,12873,0,0,user_pics/12873/ebf09e_ae47b2a400.jpg,150,74,3279
78762,5829,0,0,user_pics/5829/dsc048_89c01b8282.jpg,480,320,74102
3177,0,0,0,user_pics/anonymous/albums/malawi/lithobates.jpg,500,226,80690
165561,12672,0,0,user_pics/12672/img_20_fe4924c0b4.jpg,540,233,13260
168034,9894,0,0,user_pics/9894/551c83_59f8963826.jpg,450,338,73695
93415,1978,0,0,user_pics/1978/mana2._48e22204be.jpg,300,220,14750
84072,5829,0,0,user_pics/5829/dsc053_755324755a.jpg,480,320,84226
14613,615,0,0,user_pics/615/01_IM000831.JPG,560,432,96064
107200,9507,0,0,user_pics/9507/01-28-_f9d238a6e8.jpg,320,240,35655
76203,7488,0,0,user_pics/7488/024.jp_adf0871072.jpg,448,299,34962
60993,1579,1,0,user_pics/1579/01_FISH_104.jpg,500,375,43182
15812,1061,0,0,user_pics/1061/01_HPIM0851.JPG,320,238,45577
109532,9482,0,0,user_pics/9482/downsi_1edc96bc87.jpg,512,384,37612
79187,7546,0,0,user_pics/7546/photo0_961ada081d.jpg,240,320,18611
24855,0,0,0,user_pics/anonymous/02_moori.jpg,150,113,4822
18964,1579,1,0,user_pics/1579/1579____file_9999_03_unknown.JPG,386,282,25633
180728,11877,0,0,user_pics/12415/images_46dfcc37bf.jpg,267,189,11188
172071,12944,0,1,user_pics/12944/srmss__a9c6aa1ecf.jpg,500,402,56873
185390,14224,0,0,user_pics/14224/travis_29488df5de.jpg,338,450,108199
160019,11584,0,0,user_pics/11584/dsc024_ea8e25c942.jpg,500,362,164153
80287,7574,0,0,user_pics/7574/img_33_f2d20c1dca.jpg,473,295,105619
171999,12944,0,0,user_pics/12944/my_srm_4f1bc2bcd7.jpg,403,403,20996
185923,14331,0,0,user_pics/14304/201404_d2fc18929e.jpg,326,245,72949
27478,2192,0,0,user_pics/2192/01_sev152.jpg,550,479,301164
155364,12076,0,0,user_pics/12076/getatt_1bda4e5601.jpg,159,213,21366
96032,8728,0,0,user_pics/8728/5.jpg_691654bd3b.jpg,406,406,47342
178676,13538,0,1,user_pics/13538/6742dd_280074f0ab.jpg,450,338,73984
174848,12873,0,0,user_pics/12873/start__b746499149.jpg,450,450,34231
94059,8721,1,0,user_pics/8721/pm2_02_f2dfaa598a.jpg,500,375,62016
1128,0,0,0,user_pics/anonymous/albums/album22/109_0931_1.jpg,544,474,56231
170475,12475,0,0,user_pics/12475/uhih_o_44fdcdcc54.jpg,400,300,159622
116735,3584,0,0,user_pics/3584/245268_2a0b583532.jpg,500,500,138196
185132,12903,0,0,user_pics/12903/dsc_03_8036778c12.jpg,319,213,16055
49067,5109,0,0,user_pics/5109/01_aquarium1.jpg,600,450,86830
53421,5421,0,0,user_pics/5421/01_Six-Bar_Lamprologus.jpg,484,267,15978
43428,4074,0,0,user_pics/4074/01_500050176110_0_ALB.jpg,448,335,28856
99502,8672,0,0,user_pics/8672/get_we_86a205920a.jpg,400,401,22854
99455,9012,0,0,user_pics/9012/img_07_dc0a9b3d6f.jpg,476,407,120917
109386,9528,0,0,user_pics/9528/abcd.j_1e7593bb5b.jpg,512,384,47465
143312,9210,0,0,user_pics/9210/bric_j_93e71ca1ed.jpg,320,226,30648
1236,0,0,0,user_pics/anonymous/albums/album22/Barbs_GT_fighting_3x5.jpg,360,270,75781
165673,11479,0,0,user_pics/11479/aurora_1b3bea0fe5.jpg,450,338,199891
143176,11405,0,1,user_pics/11405/gar_jp_2770477d7b.jpg,259,194,7693
8517,438,0,0,user_pics/438/01_aqua21.JPG,600,452,57576
10931,0,0,0,user_pics/anonymous/01_Image018.jpg,352,288,90870
21486,2114,0,0,user_pics/2114/01_frankie_5.1edit.jpg,600,450,163915
23156,2393,0,0,user_pics/2393/01_pseudotropheus_acei_e722866c075d07b31499dc90231d4ee1.jpg,446,355,41857
3249,0,0,0,user_pics/anonymous/albums/malawi/Copadichromis_Borleyi_Kada3.jpg,500,375,78782
88245,5829,0,0,user_pics/5829/dsc057_9c30dbd890.jpg,480,320,71585
78255,7574,0,0,user_pics/7574/img_22_92bc1f818f.jpg,576,350,91641
101439,8887,0,1,user_pics/8887/bubble_798be05f04.jpg,480,384,18779
188377,12475,0,0,user_pics/12475/lwanda_c767f3d477.jpg,352,203,37593
185541,10783,0,0,user_pics/10783/139569_6b969abda6.jpg,252,240,12653
15144,1190,0,0,user_pics/1190/03_4.jpg,435,356,32815
119043,10059,0,0,user_pics/10059/fhr_12_fd3d7a2217.jpg,480,480,22479
135525,10802,0,1,user_pics/10802/3n43m0_b078c251b3.jpg,300,225,5180
48243,5035,0,0,user_pics/5035/18_Picture_064.jpg,448,299,16423
182491,13802,0,0,user_pics/13802/cam011_88ae8b29c4.jpg,480,328,44732
99187,7113,0,0,user_pics/7113/c54a97_0c58c860c8.jpg,101,145,2745
54546,5563,0,0,user_pics/5563/01_Image12.jpg,480,360,100022
185859,12903,0,0,user_pics/12903/dsc_06_9d864de36c.jpg,319,213,42323
6481,0,0,0,user_pics/anonymous/01_pic8.jpg,160,120,5726
84375,8031,0,0,user_pics/8031/dsc_28_6d7c9660e6.jpg,448,336,45583
9216,0,0,0,user_pics/anonymous/01_cobalt.PDD,280,210,253895
101209,9176,0,0,user_pics/9176/cypric_b30ab5caf4.jpg,319,239,33400
160609,11883,0,0,user_pics/11883/images_85cf2d8d94.jpg,239,211,5324
127801,10527,1,1,user_pics/10527/lunch-_3434418484.jpg,361,309,9834
184349,13436,0,0,user_pics/13436/img_20_3a837ff389.jpg,572,572,66826
3418,0,0,0,user_pics/anonymous/albums/malawi/L_fuelleborni.jpg,500,248,96794
3536,0,0,0,user_pics/anonymous/albums/malawi/Eye_Biter_female_050x6.jpg,432,336,85594
100546,8728,0,0,user_pics/8728/rt22.j_3240fea045.jpg,406,406,55963
153569,11513,0,0,user_pics/11513/045_jp_54f8df97fa.jpg,320,240,31959
54820,1579,1,0,user_pics/1579/01_New_054.jpg,450,338,30787
7680,0,0,0,user_pics/anonymous/01_Bert.jpg,375,295,38898
67185,5829,0,0,user_pics/5829/5829____file_01_dsc01403.jpg,320,240,49691
111557,8746,0,0,user_pics/8746/lil_ph_130d91f494.jpg,434,326,31108
178591,13490,0,1,user_pics/13490/5c9b1b_febb752ff4.jpg,450,295,77181
92871,5829,0,0,user_pics/5829/dsc064_a95c4a365c.jpg,480,320,96403
52722,4546,0,0,user_pics/4546/01_meeki.JPG,450,338,49788
171228,12169,0,1,user_pics/12169/418647_34ce3e4bfc.jpg,600,122,30930
50302,5203,0,0,user_pics/5203/02_fronts1.bmp,480,360,518454
138379,11148,0,0,user_pics/11148/img_06_c59cb6edb4.jpg,448,304,70427
89656,8446,0,0,user_pics/8446/dsc015_cdaf341c52.jpg,319,223,17408
6046,0,0,0,user_pics/anonymous/01_Lng_Tld_oscar.jpg,526,396,18795
77887,5829,0,0,user_pics/5829/dsc047_75b471898b.jpg,480,360,113538
22637,0,0,0,user_pics/anonymous/01_small_tank.jpg,600,450,25577
14900,1122,0,0,user_pics/1122/06_prue1.jpg,492,244,17092
60449,1579,1,0,user_pics/1579/01_RE1A.jpg,500,375,68947
3793,0,0,0,user_pics/anonymous/albums/malawi/IM000028.jpg,376,435,130742
48239,5035,0,0,user_pics/5035/36_Picture_015.jpg,448,299,23536
59317,3868,0,0,user_pics/3868/01_going_at_it.jpg,285,228,24425
109395,9293,0,0,user_pics/9293/022.jp_4bec215ded.jpg,500,316,45302
168458,11324,0,0,user_pics/11324/c6d646_3954f91b83.jpg,450,307,50463
69530,5603,0,0,user_pics/5603/5603____file_01_hpim2257.jpg,576,432,79903
89,0,0,0,user_pics/anonymous/albums/tankgallery/fishtnk_009.jpg,512,384,99874
172637,7776,1,0,user_pics/7776/happy__c93b1ab487.jpg,249,149,5069
39761,4344,0,1,user_pics/4344/02_parot.jpg,380,253,13841
179310,12475,0,0,user_pics/12475/p82a00_6dc48eae7f.jpg,359,480,182662
2512,0,0,0,user_pics/anonymous/albums/american/Midas_fish_1_12_04_4x6crop.jpg,432,308,117100
2989,0,0,0,user_pics/anonymous/albums/Blue-Dolphins/75_gal_set_up_049x7.jpg,504,378,192577
137621,11119,0,0,user_pics/11119/tropic_bf39c4891a.jpg,600,450,74595
8501,0,0,1,user_pics/anonymous/01_convict10.jpg,504,600,71923
170434,12475,0,0,user_pics/12475/ask-qu_5a1d6bd70f.jpg,550,334,18174
134962,3584,0,0,user_pics/3584/245268_1df75795e9.jpg,500,500,138196
88155,7113,0,0,user_pics/7113/e2925e_447c6af35c.jpg,145,106,3669
1661,0,0,0,user_pics/anonymous/albums/album22/july_9_019.jpg,600,385,53754
12212,751,0,0,user_pics/751/01_Cichla_Ocellaris.jpg,368,276,38445
40522,123,0,0,user_pics/123/01_01_9341a.jpg,500,237,24534
17951,0,0,0,user_pics/anonymous/01_0708.jpg,600,450,153034
86642,7518,0,0,user_pics/7518/1_9604_d2b0144281.jpg,352,264,17065
21246,399,0,0,user_pics/399/01_video_of_tank_350_320x240.jpg,318,239,274663
150351,7776,1,0,user_pics/7776/image0_45e467762b.jpg,572,362,31909
100293,8728,0,0,user_pics/8728/bosses_2721c8e7b2.jpg,406,406,45826
77712,1978,0,0,user_pics/1978/125446_5e088bc98a.jpg,200,133,6798
429,0,0,0,user_pics/anonymous/albums/tankgallery/250lrockybaggrund2.jpg,600,345,147422
6133,188,0,0,user_pics/188/01_IMG_0486.JPG,300,225,114529
83920,7149,0,0,user_pics/7149/img003_8eb9984f62.jpg,240,320,15828
47504,0,0,1,user_pics/anonymous/01_asss.jpg,320,240,14201
61340,3584,0,0,user_pics/3584/67_003.JPG,450,338,52106
162387,8887,0,0,user_pics/8887/photo0_de64dbe55c.jpg,320,240,36092
154695,9669,0,1,user_pics/9669/3185fe_a74cec5864.jpg,450,338,55287
182857,13909,0,1,user_pics/13909/img_20_398d43245d.jpg,408,306,28049
53909,2690,0,1,user_pics/2690/01_proxy.jpg,150,150,2609
3779,0,0,0,user_pics/anonymous/albums/malawi/virginalis8hun.jpg,550,268,117300
45833,0,0,0,user_pics/anonymous/01_DSC06160.jpg,512,384,48000
76569,7518,0,1,user_pics/7518/290668_0a86556e50.jpg,500,375,164920
53860,5563,0,0,user_pics/5563/01_Image25.jpg,320,240,46031
4849,50,0,1,user_pics/50/01_Malawi_Dive_3.jpg,200,150,7631
28833,2415,0,0,user_pics/2415/01_55_gal_new_tank.jpg,446,334,53251
1227,0,0,0,user_pics/anonymous/albums/album22/ALDACONV.jpg,305,208,8184
163388,12566,0,0,user_pics/12566/jd1_jp_434cbd12d5.jpg,600,448,33593
10508,615,0,0,user_pics/615/01_IM000407.JPG,592,448,127552
16959,0,0,0,user_pics/anonymous/01_poissons%202%201321_sized.jpg,600,418,71619
100790,5829,0,0,user_pics/5829/dsc074_49886287fb.jpg,480,320,86394
110455,3130,0,0,user_pics/3130/img_96_b939ae4d3c.jpg,433,480,50873
61397,1579,1,0,user_pics/1579/01_Zoo_Trip_024.jpg,500,375,84252
96889,8728,0,0,user_pics/8728/tyjc.j_d46b092582.jpg,406,406,46013
74980,7357,0,1,user_pics/7357/7357____file_02_fish_tank_042.jpg,480,360,45230
84644,7427,0,0,user_pics/7427/downsi_96db8f0411.jpg,600,450,43706
61190,5311,0,0,user_pics/5311/01_Web_2_018.png,500,375,956433
173777,11344,0,0,user_pics/11344/saulos_078d6ce833.jpg,450,300,59390
164746,12589,0,0,user_pics/12589/img177_cd224ee2bb.jpg,480,480,30533
66818,6658,0,0,user_pics/6658/6658____file_01_aug10_0009.jpg,160,120,5706
38855,0,0,0,user_pics/anonymous/03_Picture_492.jpg,538,404,150668
103490,6149,0,0,user_pics/6149/female_ccc494dd6e.jpg,567,378,165852
10351,0,0,0,user_pics/anonymous/04_Picture_043.jpg,352,288,25180
10451,273,0,0,user_pics/273/01_old_malawi.jpg,500,346,53978
100968,7140,0,0,user_pics/7140/9_nfl__4c4c6bc46f.jpg,500,375,63101
95014,8728,0,0,user_pics/8728/no_sle_f6caef6c88.jpg,406,406,52286
89228,5829,0,0,user_pics/5829/dsc059_54266401ca.jpg,480,320,64377
95996,5669,0,0,user_pics/5669/redtop_f5406660db.jpg,600,401,187474
80479,5829,0,0,user_pics/5829/dsc050_ff44b9a718.jpg,480,360,118813
3611,0,0,0,user_pics/anonymous/albums/malawi/Picture_030.jpg,205,109,41680
173496,13202,0,0,user_pics/13202/sonic__9f82287d14.jpg,221,166,6084
124429,6149,0,0,user_pics/6149/midas__da7d145e66.jpg,567,378,223398
94655,8728,0,0,user_pics/8728/jack.j_ce0ac0e5e1.jpg,326,326,16473
26060,984,0,0,user_pics/984/03_Carpinte_3_edited.jpg,569,390,34278
4401,0,0,0,user_pics/anonymous/albums/tankgallery/discusfamily2.jpg,500,400,67599
66505,4783,0,0,user_pics/4783/4783____file_01_dscf3724.jpg,450,338,60563
98397,8891,0,0,user_pics/8891/1769e9_6d88fd03b9.jpg,450,337,68699
88196,5829,0,0,user_pics/5829/dsc057_9043d02c19.jpg,480,320,102928
181750,13802,0,0,user_pics/13801/cam002_428a094bf7.jpg,435,222,29607
88301,5829,0,0,user_pics/5829/dsc058_20c54f50e8.jpg,480,320,68970
142128,11338,0,0,user_pics/11338/africa_6a60d06e5b.jpg,320,240,23295
98255,5065,0,0,user_pics/5065/yellow_1c38176d7e.jpg,600,450,48636
72059,7135,0,0,user_pics/7135/7135____file_01_night_2.jpg,600,445,62846
77117,6888,0,0,user_pics/6888/bigfis_a3c4713f56.jpg,400,274,328854
48008,753,0,0,user_pics/753/01_Fronts_DSCF0212.jpg,466,600,39277
53856,5563,0,0,user_pics/5563/01_Image51.jpg,320,240,32167
169483,11513,0,0,user_pics/11513/b312fe_9e89d6ac11.jpg,450,253,33384
41476,4368,0,0,user_pics/4368/01_Project19.png,500,375,1276439
11180,615,0,0,user_pics/615/01_IM000771.JPG,400,304,68320
2591,0,0,0,user_pics/anonymous/albums/american/red_peacock_and_jack_dempsey.jpg,529,318,24913
36566,3900,0,0,user_pics/3900/02_pic5.jpg,170,120,3759
169980,12944,0,0,user_pics/12944/srt1_j_804459943e.jpg,360,480,14424
188375,12475,0,0,user_pics/12475/spirul_9e2ec43b96.jpg,499,333,26386
142436,11315,0,0,user_pics/11315/sp_a00_8c12d3ee7e.jpg,320,240,30244
13422,0,0,0,user_pics/anonymous/02_My_tank.JPG,450,300,133227
32664,1835,0,0,user_pics/1835/01_peacock-1-.jpg,459,223,34244
10851,615,0,0,user_pics/615/01_IM000701.JPG,480,368,81408
73499,7191,0,0,user_pics/7191/7191____file_01_l_92ae55fd6f8a45b19993f6196b7b05d8.jpg,600,462,42895
1757,0,0,0,user_pics/anonymous/albums/album22/what2.jpg,500,428,23408
112124,8744,0,0,user_pics/8744/fx-5_j_326a186097.jpg,440,445,24091
78682,3177,0,0,user_pics/3177/240_ga_a0fb4efeab.jpg,160,120,57654
113382,9210,0,0,user_pics/9210/dsc002_9842c0027d.jpg,578,475,114863
15161,615,0,0,user_pics/615/01_IM000255.JPG,492,369,29095
88067,5829,0,0,user_pics/5829/dsc056_6b8b6fc261.jpg,480,320,77499
112810,9733,0,0,user_pics/9733/pictur_b982c50efb.jpg,454,371,26719
9738,396,0,0,user_pics/396/01_P1010264.JPG,250,187,53309
99407,5203,0,0,user_pics/5203/fronts_cb62815eaf.jpg,480,360,518454
168224,12573,0,0,user_pics/12573/clipar_467b4107e2.jpg,450,450,49027
20781,0,0,0,user_pics/anonymous/0____file_9999_12_2.jpg,258,258,23591
672,0,0,0,user_pics/anonymous/albums/tankgallery2/full_tank.jpg,500,375,45817
87737,7570,0,0,user_pics/7570/saul.j_976ffc248a.jpg,125,125,16788
95512,8210,0,0,user_pics/8210/calvus_65a5edbaf5.jpg,258,258,39653
24706,335,0,0,user_pics/335/01_100_3864.jpg,566,307,16552
61848,1579,1,0,user_pics/1579/1579____file_01_New_105.jpg,500,376,48652
10510,615,0,0,user_pics/615/01_IM000461.JPG,544,416,95808
111922,8744,0,0,user_pics/8744/questi_847f2b3226.jpg,300,300,6573
57589,5889,0,0,user_pics/5889/01_frek_0021.jpg,379,271,19886
41438,4368,0,0,user_pics/4368/01_Project27.png,500,375,1360084
3894,0,0,0,user_pics/anonymous/albums/african/DSC00049.gif,576,384,147458
21250,2114,0,0,user_pics/2114/01_frank_edit.jpg,600,450,189270
16507,1061,0,0,user_pics/1061/01_HPIM0558.JPG,320,238,71236
51796,4827,0,1,user_pics/4827/01_homestand.jpg,430,321,33110
190647,15480,0,0,user_pics/15480/8f210caa-a292-49d4-9f46-5bc2a63f6f22_severum_600x400_png.png,600,400,219542
143741,10802,0,1,user_pics/10802/untitl_bb23acb41c.jpg,451,338,458382
141625,11315,0,1,user_pics/11315/flower_f3b4ea77f9.jpg,400,246,28923
13336,862,0,0,user_pics/862/01_Malky_Fish.jpg,500,375,51826
59202,3868,0,1,user_pics/3868/02_new_55.jpg,285,228,28483
112610,2981,0,0,user_pics/2981/collll_484264e0f1.jpg,480,320,341354
2610,0,0,0,user_pics/anonymous/albums/american/pacu.jpg,449,284,82981
171215,12475,0,0,user_pics/12475/steamn_c4ef4c3775.jpg,550,335,13359
127811,10527,1,1,user_pics/10527/stiene_fee9617f38.jpg,241,573,17277
13187,26,0,0,user_pics/26/01_dolphin_in_55__7_21_06_022x7c.jpg,504,479,174036
171996,11513,0,0,user_pics/11513/3eb3m2_a7882bdfc5.jpg,600,337,29803
16424,1464,0,0,user_pics/1464/01_Fish_Tank_Trial_Pic.jpg,580,360,48729
66495,6620,0,0,user_pics/6620/6620____file_01_0802082155b.jpg,450,338,61019
108888,9364,0,0,user_pics/9364/cid_n__c61b20d619.jpg,512,384,31219
109978,9445,0,0,user_pics/9445/pictur_72b2e74c49.jpg,320,240,10139
29611,1693,0,0,user_pics/1693/01_bbc0987a4e-1-.jpg,430,323,65225
153949,1702,0,0,user_pics/1702/062_jp_2b88641b68.jpg,521,532,152764
171679,12873,0,0,user_pics/12873/8a890e_b0bdb532b7.jpg,450,332,90313
4920,0,0,0,user_pics/anonymous/01_mario_haa.bmp,513,432,281546
182732,13862,0,0,user_pics/13862/images_aa6b93bdd4.jpg,137,142,6157
25333,2192,0,0,user_pics/2192/01_kitty38.jpg,564,479,234685
35979,1579,1,0,user_pics/1579/01_For_Brian.jpg,454,341,43317
172854,12345,0,1,user_pics/12345/image__225fd589f2.jpg,225,225,9601
1253,0,0,0,user_pics/anonymous/albums/album22/Cnv0002.jpg,419,382,48212
94765,7113,0,0,user_pics/7113/2a4008_9af38ccd20.jpg,145,108,2559
13123,0,0,0,user_pics/anonymous/01_DSCN1347.jpg,550,413,75794
113078,9733,0,0,user_pics/9733/mysrt__6f9542969c.jpg,160,120,7948
29383,2695,0,0,user_pics/2695/01_L200_1.jpg,600,599,337097
13324,837,0,0,user_pics/837/01_Parrotts_2.jpg,320,240,8205
112589,9733,0,0,user_pics/9733/f0_ste_c5efd638c6.jpg,315,210,10787
61294,3584,0,0,user_pics/3584/14_050.JPG,450,338,57880
32947,753,0,0,user_pics/753/02_DCP_2275.JPG,425,364,56015
171318,2114,0,0,user_pics/2114/t_reef_79389006da.jpg,450,338,58055
4877,0,0,0,user_pics/anonymous/01_91245583_311479764_0.jpg,250,250,17074
5997,0,0,0,user_pics/anonymous/01_cichlids.JPG,450,338,294303
101641,9176,0,0,user_pics/9176/finati_fecdd9958d.jpg,114,86,29638
5946,0,0,0,user_pics/anonymous/01_Venny.jpg,304,228,13315
109207,9445,0,0,user_pics/9445/pictur_0006354966.jpg,320,240,16423
144293,7523,0,0,user_pics/7523/images_a30ce85214.jpg,192,263,7548
60872,3584,0,0,user_pics/3584/14_034.JPG,450,338,49549
29319,1835,0,0,user_pics/1835/01_Picture_31.jpg,320,240,18242
29373,2192,0,0,user_pics/2192/01_sev172.jpg,501,479,355827
118403,8621,0,0,user_pics/8621/perl_j_0cb57d557c.jpg,520,300,166673
98093,5603,0,0,user_pics/5603/pict11_a15800f7bb.jpg,592,395,90324
39628,4042,0,0,user_pics/4042/01_Rio_Grande_Perch!!.jpg,400,275,41032
51129,3474,0,0,user_pics/3474/01_c_132.jpg-test-.jpg,560,420,78677
153721,11832,0,0,user_pics/11832/redemp_ae7be221d0.jpg,472,419,37911
52194,5046,0,0,user_pics/5046/01_21-02-08_1712.jpg,320,240,11405
39663,4332,0,0,user_pics/4332/07_midas.jpg,171,228,7308
162534,11584,0,0,user_pics/11584/questi_6e44521c29.jpg,300,263,27213
103263,8728,0,0,user_pics/8728/rktukr_a66ffcac0d.jpg,258,258,23777
10672,540,0,0,user_pics/540/01_march_3.jpg,600,368,127772
180099,13436,0,0,user_pics/13436/untitl_3d7d860f6c.jpg,225,225,30447
183885,8830,0,0,user_pics/8830/image__7b7766a65e.jpg,345,190,23011
175791,12475,0,0,user_pics/12475/spirul_21830e9f6c.jpg,300,200,34576
61571,4304,0,0,user_pics/4304/01_HPIM4307.JPG,400,298,44543
77892,5829,0,0,user_pics/5829/dsc047_cbe282e6d7.jpg,480,360,136137
76947,6888,0,0,user_pics/6888/atarde_009de10fcb.jpg,500,321,481554
182069,13802,0,0,user_pics/13802/cam009_2a5034d63f.jpg,480,296,43983
45902,2871,0,0,user_pics/2871/01_DSC00372.JPG,600,450,347936
19226,0,0,0,user_pics/anonymous/01_EM_room.bmp,512,384,589878
133896,3584,0,0,user_pics/3584/142716_a271885879.jpg,90,90,3900
57487,3868,0,0,user_pics/3868/01_953d8479499b.jpg,285,228,19805
28666,2987,0,0,user_pics/2987/01_101_3663.jpg,360,270,53692
19173,1061,0,0,user_pics/1061/01_HPIM1365.JPG,272,240,55497
88222,7776,1,0,user_pics/7776/70f1de_60fb055d86.jpg,130,97,23380
61401,1579,1,0,user_pics/1579/01_Zoo_Trip_054.jpg,500,375,55202
164099,2439,0,0,user_pics/2439/2012-0_e9f966604a.jpg,480,480,57774
43110,4627,0,0,user_pics/4627/04_lemon.jpg,97,57,4705
60873,3584,0,0,user_pics/3584/13_033.JPG,450,338,48705
120557,10059,0,0,user_pics/10059/photo0_571ab6afdc.jpg,239,240,11293
119498,10059,0,0,user_pics/10059/photo0_70c21ebba6.jpg,320,240,13342
106628,2315,0,0,user_pics/2315/saints_765b2229c2.jpg,125,100,13878
116101,8728,0,0,user_pics/8728/my_gir_6b1acb3734.jpg,258,258,36430
68223,5896,0,0,user_pics/5896/5896____file_01_0908081913.jpg,320,240,34134
90155,5829,0,0,user_pics/5829/dsc060_417ffa5102.jpg,480,320,90006
60976,3584,0,1,user_pics/3584/35_013.JPG,450,338,52249
32486,2192,0,0,user_pics/2192/01_sev242.jpg,535,480,281051
190160,15273,0,0,user_pics/15273/25332__2dfae8b668.jpg,400,255,39117
44487,2077,0,0,user_pics/2077/02_100_0363.jpg,479,320,60491
3162,0,0,0,user_pics/anonymous/albums/malawi/DSC00399.jpg,499,374,41503
3251,0,0,0,user_pics/anonymous/albums/malawi/Copadichromis_Borleyi_Kada5.jpg,500,375,77593
25845,2676,0,0,user_pics/2676/01_eating_algea.jpg,320,240,38494
69547,6977,0,0,user_pics/6977/6977____file_01_007.jpg,500,333,34593
95433,8210,0,0,user_pics/8210/firemo_b5c2ca8d6d.jpg,258,258,28463
2399,0,0,0,user_pics/anonymous/albums/american/P1010047.jpg,406,314,151896
3502,0,0,0,user_pics/anonymous/albums/malawi/moori.jpg,600,236,127672
94031,8728,0,0,user_pics/8728/the_ga_c26c0bbcf9.jpg,406,406,49560
9405,0,0,0,user_pics/anonymous/01_Aulonocara.jpg,385,268,23764
62062,1579,1,0,user_pics/1579/1579____file_01_new_034.jpg,500,375,49903
104493,8447,0,0,user_pics/8447/mov051_f0fa9ac1aa.jpg,320,240,26006
61391,1579,1,0,user_pics/1579/01_Zoo_Trip_006.jpg,500,375,45446
75316,5421,0,0,user_pics/5421/pondma_040b67ef4e.jpg,200,200,6912
61726,3879,0,1,user_pics/3879/03_9b358f57f3-1-.jpg,430,322,33983
57158,12176,0,1,user_pics/4641/01_april_2008_03.jpg,500,375,62005
151773,11832,0,0,user_pics/11832/blaze__f245639d7d.jpg,574,508,34463
38703,0,0,0,user_pics/anonymous/01_hero2.jpg,500,375,100159
73592,5829,0,0,user_pics/5829/5829____file_01_auratusf.jpg,480,360,94405
40136,4294,0,0,user_pics/4294/01_Stimpy.jpg,600,370,60700
1699,0,0,0,user_pics/anonymous/albums/album22/osama.jpg,400,302,55093
9556,531,0,1,user_pics/531/02_100_0531.jpg,500,375,51843
3680,0,0,0,user_pics/anonymous/albums/malawi/DSC00300_s.jpg,500,375,32726
102872,9274,0,0,user_pics/9274/dec_09_a1e003e87b.jpg,584,491,62816
27361,2114,0,0,user_pics/2114/01_hap_fem.jpg,475,374,162940
164770,12589,0,0,user_pics/12589/134158_df7001f59f.jpg,384,320,77298
181302,13608,0,0,user_pics/13608/image__5af5cf8ae5.jpg,375,500,27074
69265,6944,0,0,user_pics/6944/6944____file_01_identity.jpg,320,240,13752
5473,0,0,0,user_pics/anonymous/01_Cap0017.BMP,320,240,230454
169992,11479,0,0,user_pics/11479/55gal__2c5bef744d.jpg,450,338,80301
4703,0,0,0,user_pics/anonymous/01_85024697_288993849_0.jpg,250,250,16321
23287,2192,0,0,user_pics/2192/01_jd32.jpg,320,197,174290
97780,8958,0,0,user_pics/8958/c._sal_e463ed8bcf.jpg,600,295,66022
67309,6705,0,0,user_pics/6705/6705____file_01_my_malawi_tank.jpg,320,240,37572
6094,0,0,0,user_pics/anonymous/01_15551113-PICT4521_PICT4521-mod_-_small.jpg,160,128,56786
11937,615,0,0,user_pics/615/01_IM000901.JPG,512,384,81856
141604,11299,0,0,user_pics/11299/red_jp_8711977a38.jpg,336,248,19348
2963,0,0,0,user_pics/anonymous/albums/Neolamprologus_brichardi/ksiez2.jpg,394,254,60616
1475,0,0,0,user_pics/anonymous/albums/album22/Photo0003.jpg,320,240,11559
94656,8728,0,0,user_pics/8728/better_39876bc1f8.jpg,406,406,42064
31842,0,0,0,user_pics/anonymous/01_DCP_2282.JPG,481,247,38704
71561,6635,0,0,user_pics/6635/6635____file_01_lurking.jpg,320,240,34775
22473,2030,0,0,user_pics/2030/01_355DiscusHeckel.jpg,500,350,87446
53058,5484,0,0,user_pics/5484/01_P1000884.JPG,372,223,29236
164450,11584,0,0,user_pics/11584/images_1cb598625d.jpg,86,128,2149
37394,0,0,1,user_pics/anonymous/01_IMG_0639.JPG,320,240,26638
8144,396,0,1,user_pics/396/01_tank_withred.JPG,600,450,201640
86530,7518,0,0,user_pics/7518/1_9444_01daac926a.jpg,600,450,39407
67237,6705,0,0,user_pics/6705/6705____file_01_big_fontosa.jpg,320,240,26106
102262,8728,0,0,user_pics/8728/gthyjf_86f31c2d8c.jpg,258,258,36217
53864,5203,0,0,user_pics/5203/5203____file_9999_02_newtank.jpg,406,406,40255
39492,3925,0,0,user_pics/3925/01_snail.JPG,400,269,187533
13138,837,0,0,user_pics/837/02_big_Jack_&_Tin_Foil.jpg,320,240,8173
31838,0,0,0,user_pics/anonymous/01_DCP_2256.JPG,407,340,53637
53862,5563,0,0,user_pics/5563/03_Image26.jpg,480,225,44959
51572,5308,0,1,user_pics/5308/19_fish1.jpg,400,300,37241
82267,7694,0,0,user_pics/7694/l_e83e_00e7927eeb.jpg,384,288,15891
152757,11832,0,0,user_pics/11832/srrsho_fbfc7d190c.jpg,577,290,45963
1320,0,0,0,user_pics/anonymous/albums/album22/EMRA_001.jpg,247,157,7586
97466,8887,0,0,user_pics/8887/mabuna_61a665eeff.jpg,315,210,17331
4770,0,0,0,user_pics/anonymous/01_mini-new_set_ups_004.jpg,600,450,38969
36966,4033,0,0,user_pics/4033/06_12.jpg,428,285,180831
161298,11883,0,0,user_pics/11883/images_27a7a2b32c.jpg,239,211,5324
4679,0,0,0,user_pics/anonymous/01_Calvus_tank.jpg,500,375,95080
18541,1766,0,0,user_pics/1766/1766____file_9999_05_blue.jpg,400,300,98875
157689,12211,0,0,user_pics/12211/sneaky_94acd615d0.jpg,367,254,11142
112721,9733,0,0,user_pics/9733/exespa_793901808c.jpg,314,211,28522
42325,4581,0,0,user_pics/4581/01_midas_cichlid_brasil.jpg,394,296,32411
185918,8746,0,0,user_pics/8746/pheno__d516e8b5da.jpg,480,270,205789
180568,13146,0,0,user_pics/13146/angel3_19777ad3fa.jpg,249,280,10523
50593,5224,0,0,user_pics/5224/02_oso.JPG,500,375,62212
4870,50,0,1,user_pics/50/01_Malawi_divnig_mbuna.jpg,401,261,24576
60986,1579,1,0,user_pics/1579/01_FISH_080.jpg,500,375,43851
128987,9445,0,0,user_pics/9445/026_jp_9fd258bb3a.jpg,320,240,33888
21256,2114,0,0,user_pics/2114/01_pinks5.jpg,600,450,60779
171338,982,0,0,user_pics/982/chk_th_5fd0099be1.jpg,140,80,4338
2217,0,0,0,user_pics/anonymous/albums/user_gallery/what_is_this.jpg,79,80,2554
39536,4327,0,0,user_pics/4327/01_Picture_22.jpg,320,240,21251
110829,7776,1,0,user_pics/7776/jerry._29000e10db.jpg,300,225,13160
185926,14331,0,1,user_pics/14304/201404_34c68bf419.jpg,326,245,71537
94298,8728,0,0,user_pics/8728/moms_d_d35c01a855.jpg,406,406,44386
4773,0,0,0,user_pics/anonymous/02_09-05-05_2010.jpg,320,240,8374
41644,4520,0,0,user_pics/4520/01_jackandjill2.jpg,600,450,68030
67126,3130,0,0,user_pics/3130/3130____file_03_225.bmp,434,333,434286
8877,438,0,0,user_pics/438/01_jewel8.jpg,256,600,19965
159836,8887,0,0,user_pics/8887/newfis_112864b274.jpg,320,240,18263
3588,0,0,0,user_pics/anonymous/albums/malawi/clbillede4.jpg,450,373,141037
181734,13802,0,0,user_pics/13801/cam002_62b5f3030b.jpg,418,261,32246
88977,8394,0,0,user_pics/8394/290120_10f946801b.jpg,320,240,26526
180216,13662,0,0,user_pics/13662/leleup_2833b184a7.jpg,506,278,20203
9527,47,0,0,user_pics/47/01_IM000088.JPG,503,459,126758
94164,8721,1,0,user_pics/8721/fronto_84629e7cbd.jpg,500,375,63480
16459,977,0,0,user_pics/977/01_1475994515_l.jpg,600,450,48559
19229,0,0,1,user_pics/anonymous/01_last_step.bmp,512,384,589878
39596,123,0,0,user_pics/123/01_New_Ruby_Red_Peacock.jpg,390,294,57666
59042,5563,0,0,user_pics/5563/01_astatotilapia.jpg,480,360,108597
144295,7523,0,1,user_pics/7523/images_7c50d5f23a.jpg,192,263,7548
10505,615,0,0,user_pics/615/01_IM000482.JPG,464,352,84160
8555,438,0,0,user_pics/438/01_jewel7.jpg,600,534,68093
103488,6149,0,0,user_pics/6149/red_te_2c4630b8bf.jpg,567,378,135314
94982,8553,0,0,user_pics/8553/cockat_50b617c404.jpg,300,163,15371
16203,1377,0,0,user_pics/1377/01_a87b33c0bd.jpg,150,113,4401
172731,12345,0,0,user_pics/12345/img_16_2c4add7376.jpg,161,312,9732
109040,7776,1,0,user_pics/7776/images_bb8705999c.jpg,90,130,1956
134987,3584,0,0,user_pics/3584/701d5f_a0f3e977a1.jpg,450,298,130668
166534,11324,0,0,user_pics/11324/tank_m_6de7965ece.jpg,400,400,19969
28092,2114,0,0,user_pics/2114/01_ram2.jpg,509,448,155747
111445,8728,0,0,user_pics/8728/2_jpg_fc4d70de22.jpg,258,258,46997
5928,180,0,0,user_pics/180/01_y.b.zebra.bmp,582,443,774418
92198,5829,0,0,user_pics/5829/dsc063_7a4caaf924.jpg,480,360,126029
169172,12930,0,0,user_pics/12930/4fa57f_1e7bd6e24f.jpg,350,193,128853
64236,6299,0,0,user_pics/6299/6299____file_01_img033.jpg,160,120,4522
19383,0,0,0,user_pics/anonymous/01_07Tigri16012007.jpg,591,443,405068
40192,4372,0,1,user_pics/4372/01__and__No.1496__and__No.1512__and__No.1497__and__No.1497___and__No.1502__and__No.1488__and__No.1511___and__No.1502__and__No.1495__and__No.1493__and__No.1491__and__No.1513_.JPG,450,476,24238
81220,5829,0,0,user_pics/5829/dsc050_2c443c5b1c.jpg,480,320,89284
95384,8621,0,0,user_pics/8621/tank2._458abd5534.jpg,432,324,154504
59197,3868,0,0,user_pics/3868/3868____file_9999_07_flowerhorn.jpg,285,228,20355
37943,4163,0,0,user_pics/4163/03_tank_012.jpg,544,408,122474
50079,4323,0,0,user_pics/4323/01_fish_tank.jpg,258,258,22587
175993,10942,0,0,user_pics/10942/011_jp_ecd3a65fce.jpg,600,450,54770
19179,0,0,1,user_pics/anonymous/01_my_boy.jpg,100,76,2409
177427,11324,0,0,user_pics/11324/5e4037_67551339db.jpg,450,533,43510
105623,8621,0,0,user_pics/8621/obliqu_ea8d871528.jpg,548,374,173222
98931,8958,0,0,user_pics/8958/exp_2__4a1e239f00.jpg,600,294,76269
18213,1707,0,0,user_pics/1707/19_Picture_008.jpg,549,412,59381
171941,13092,0,0,user_pics/13092/tank2__452ef5d3ea.jpg,480,319,43941
64291,6411,0,0,user_pics/6411/6411____file_01_old_tank.jpg,170,136,5372
60992,1579,1,0,user_pics/1579/01_FISH_103.jpg,500,375,43080
16801,0,0,1,user_pics/anonymous/01_nicegirl.gif,300,406,57414
25310,2192,0,0,user_pics/2192/02_babysev15.jpg,493,479,301936
76096,6092,0,0,user_pics/6092/tank11_80245a9dbe.jpg,593,447,82479
4057,0,0,0,user_pics/anonymous/albums/other/Image003.jpg,320,240,47642
19270,0,0,0,user_pics/anonymous/01_IMG_0341_dup_1605659903.jpg,450,338,100315
1474,0,0,0,user_pics/anonymous/albums/album22/Photo0002.jpg,320,240,11126
152800,10794,0,0,user_pics/10794/redjak_bda9f2b676.jpg,600,281,112374
94693,5829,0,0,user_pics/5829/dsc067_790477e563.jpg,480,320,84170
120560,10059,0,0,user_pics/10059/photo0_2f940fec5c.jpg,240,240,13360
7572,0,0,0,user_pics/anonymous/01_12-01-06_2103.jpg,320,240,14130
60942,4818,0,0,user_pics/4818/01_sd.gif,200,149,49869
73044,7058,0,0,user_pics/7058/7058____file_01_group_shot_2.jpg,504,378,245667
49565,4990,0,0,user_pics/4990/03_b.bmp,160,120,57654
13431,0,0,1,user_pics/anonymous/03_19.jpg,600,342,20592
37555,0,0,1,user_pics/anonymous/01_Copy_of_friends.JPG,447,360,67310
65851,5723,0,0,user_pics/5723/5723____file_01_fish3.jpg,600,450,46415
75348,5669,0,0,user_pics/5669/perryb_5ba5326bc9.jpg,398,600,204103
4878,0,0,0,user_pics/anonymous/01_91244800_311476888_0.jpg,250,250,17474
29254,753,0,0,user_pics/753/01_DCP_2205.JPG,559,536,124707
21669,1071,0,0,user_pics/1071/01_!cid__kfdWOrXm5k_.jpg,360,480,31120
5280,84,0,0,user_pics/84/01_3.jpg,250,250,16446
89572,5829,0,0,user_pics/5829/dsc060_79d51c9aee.jpg,480,320,88010
178677,13490,0,1,user_pics/13490/6742dd_e2218a096a.jpg,450,338,73984
11594,0,0,0,user_pics/anonymous/01_fish12.jpg,450,321,157213
133905,9805,0,0,user_pics/9805/a_eure_79e3f49d97.jpg,454,322,128166
73380,6994,0,0,user_pics/6994/6994____file_01_2373327497_3a57b7f9be.jpg,500,263,160940
2987,0,0,0,user_pics/anonymous/albums/tanganyika/horei91.jpg,405,225,28061
166392,10217,0,0,user_pics/10217/photo0_f1db2bdc75.jpg,320,240,29242
16797,0,0,1,user_pics/anonymous/01_smDancingTayo.jpg,200,255,16594
170480,12475,0,0,user_pics/12475/hongi__f6b230e7b9.jpg,400,300,157034
86575,8210,0,0,user_pics/8210/fish3._d961765fc3.jpg,500,375,64434
3435,0,0,0,user_pics/anonymous/albums/malawi/Young_male_Exasperatus.jpg,320,240,7078
96705,993,0,0,user_pics/993/5d213b_01ff32d3d1.jpg,150,113,13546
62515,1579,1,0,user_pics/1579/1579____file_01_today_068.jpg,500,375,45365
46547,4304,0,0,user_pics/4304/01_pike_cichlid.jpg,447,227,23628
169077,12937,0,0,user_pics/12937/driod__59e5c364a3.jpg,500,380,68719
73593,5829,0,0,user_pics/5829/5829____file_01_auratusm.jpg,480,360,86122
23845,2192,0,0,user_pics/2192/01_uaru65.jpg,588,480,306193
12927,0,0,0,user_pics/anonymous/01_sk_tank2.JPG,568,426,65562
79339,7546,0,0,user_pics/7546/f640_2_6e194df118.jpg,200,150,4797
10977,653,0,0,user_pics/653/02_Img_14061.jpg,584,442,86369
61827,4304,0,0,user_pics/4304/01_000_0588.JPG,572,315,38046
10038,0,0,0,user_pics/anonymous/01_Fish_Pics_004.jpg,450,338,50871
109988,9528,0,0,user_pics/9528/obfry2_4d22ce2665.jpg,512,384,34384
20556,1061,0,0,user_pics/1061/01_HPIM1484.JPG,320,238,56837
99724,5829,0,0,user_pics/5829/dsc071_4e824c5680.jpg,480,320,103256
53067,5484,0,0,user_pics/5484/01_P1000921.JPG,512,355,49230
16795,1516,0,0,user_pics/1516/01_i-see-you.jpg,250,184,7779
83366,7717,0,0,user_pics/7717/100_15_eb4ac5e663.jpg,300,99,12640
13147,837,0,0,user_pics/837/01_Allie_3.jpg,320,240,9130
40223,4372,0,1,user_pics/4372/02__and__No.1500__and__No.1500__and__No.1488___and__No.1513__and__No.1501_.bmp,391,301,354030
24142,2498,0,0,user_pics/2498/01_Image045..jpg,320,240,5670
2997,0,0,0,user_pics/anonymous/albums/malawi/Aulonocara_red_flush.jpg,297,181,10057
21867,2192,0,0,user_pics/2192/01_jagp1.jpg,320,181,50901
165890,12672,0,0,user_pics/12672/img_20_498597e53a.jpg,456,331,10233
60736,1579,1,0,user_pics/1579/01_sunfish_062.jpg,500,375,60884
172186,12130,0,0,user_pics/12130/cichli_fd44373fb1.jpg,400,290,14874
50626,5222,0,1,user_pics/5222/01_4606_0.jpg,68,45,4738
101021,9120,0,0,user_pics/9120/1123_1_ad075e746f.jpg,428,161,30656
67670,6626,0,0,user_pics/6626/6626____file_01_venusmorph.jpg,167,127,18403
74697,5603,0,0,user_pics/5603/5603____file_01_hpim2543_2.jpg,575,382,94690
175067,13299,0,0,user_pics/13299/136078_4263f44940.jpg,408,230,17453
161808,9669,0,0,user_pics/9669/fish_f_c8ec470dd7.jpg,200,250,30596
26009,2503,0,0,user_pics/2503/01_z6fish_029.jpg,431,264,89587
11654,26,0,1,user_pics/26/02_DSC00051(1)x7.jpg,504,378,124786
62603,1579,1,0,user_pics/1579/1579____file_01_today_035.jpg,500,376,58685
165286,11203,0,0,user_pics/11203/elepha_ecdd32fbee.jpg,200,287,14146
110531,8728,0,0,user_pics/8728/angel._828544e8cc.jpg,258,258,30262
79787,5829,0,0,user_pics/5829/dsc049_8808a7852a.jpg,480,320,88649
180987,11502,0,0,user_pics/11502/201307_737c0c5ecf.jpg,320,221,11832
95355,8728,0,0,user_pics/8728/55g_di_d890954d4d.jpg,406,406,66770
2476,0,0,0,user_pics/anonymous/albums/american/American.jpg,443,420,80512
109251,9592,0,0,user_pics/9592/tank_8_89a334a761.jpg,480,360,38649
71375,5603,0,0,user_pics/5603/5603____file_01_hpim1264.jpg,478,319,86002
55380,5703,0,0,user_pics/5703/17_2.jpg,320,240,36866
99032,6149,0,0,user_pics/6149/red_sl_91e16e8e66.jpg,567,378,67248
16443,1419,0,1,user_pics/1419/01_Oddbal89.jpg,428,217,10885
100868,8672,0,0,user_pics/8672/1107ba_e6990e37c6.jpg,340,264,30225
169085,12937,0,0,user_pics/12937/driod__9cf2487abb.jpg,512,384,42891
74975,5702,0,0,user_pics/5702/5702____file_01_img_0144.jpg,600,450,28611
28218,2415,0,1,user_pics/2415/01_wantedposter.jpg,292,353,26602
95692,8728,0,0,user_pics/8728/gt_but_9e3213d0a5.jpg,406,406,66948
136749,8887,0,0,user_pics/8887/kenyi__46070a9834.jpg,320,240,9137
147892,11191,0,0,user_pics/11191/img-20_2e840b0571.jpg,480,360,140728
102645,9049,0,0,user_pics/9049/new_pi_01b4e514d9.jpg,200,200,6723
65859,5311,0,0,user_pics/5311/5311____file_01_lbf_yellow_perch.jpg,399,186,9955
15053,615,0,0,user_pics/615/01_IM000968.JPG,512,384,92864
8307,0,0,0,user_pics/anonymous/01_Web_IMG_1773.jpg,600,450,72465
13020,0,0,0,user_pics/anonymous/01_met-zebra.jpg,396,297,16654
179576,13268,0,0,user_pics/13268/momdad_d4a34a7e7c.jpg,400,400,147248
191208,15679,0,0,user_pics/15679/057b2d26-d9ad-4b5e-85b5-39f2ebec5ad2_cichlid-melanochromis-auratus-male.jpg,209,112,12439
39483,4320,0,0,user_pics/4320/01_rdtank.jpg,170,82,3660
61566,1579,1,0,user_pics/1579/01_Pleco_8.jpg,500,375,79959
90944,5603,0,0,user_pics/5603/pict00_49c79c1ee9.jpg,437,291,48870
19805,1949,0,0,user_pics/1949/1949____file_9999_02_005.JPG,500,411,117281
132155,9548,0,0,user_pics/9548/cop_20_1d64bf0d44.jpg,319,239,83060
101435,8621,0,0,user_pics/8621/calico_a3e0b23e41.jpg,358,210,75401
1252,0,0,0,user_pics/anonymous/albums/album22/Cnv0001.jpg,200,180,13340
98863,8851,0,1,user_pics/8851/xo_flo_68e488b23d.jpg,360,480,34017
120427,10059,0,1,user_pics/10059/photo0_ee38501ca6.jpg,480,480,63136
24143,2498,0,1,user_pics/2498/01_Female_red_emp.jpg,320,240,4476
190574,15466,0,0,user_pics/15466/0dcacd5d-5351-4866-8d6f-bfaf32c09347_264705ba-46fc-4b05-888a-c77cd55e5063.jpeg,424,424,26328
3287,0,0,0,user_pics/anonymous/albums/malawi/Aul_jacobfreibergi_otter_is.jpg,500,560,79556
466,0,0,0,user_pics/anonymous/albums/Sand-Tanks/malawi_nature_oficial.jpg,600,450,52538
3413,0,0,0,user_pics/anonymous/albums/malawi/cop_trawawasae.jpg,500,328,99113
170727,12573,0,0,user_pics/12573/questi_a3667e0c3b.jpg,80,80,19254
60980,3584,0,0,user_pics/3584/48_010.JPG,450,338,55817
78782,1840,0,0,user_pics/1840/s73084_ba4bc9ca27.jpg,461,346,61302
306,0,0,0,user_pics/anonymous/albums/tankgallery/29GallonTank8Resize.jpg,504,291,88804
16265,1077,0,1,user_pics/1077/01_blend_full003.jpg,352,288,38484
136582,8830,0,0,user_pics/8830/photo0_a5090d085e.jpg,320,240,29102
10285,595,0,1,user_pics/595/01_Picture_031.bmp,352,288,304182
33665,1579,1,0,user_pics/1579/1579____file_9999_21_FISH_003.jpg,500,375,46296
154115,11832,0,0,user_pics/11832/redemp_5ac3f3357d.jpg,552,477,30465
74460,6238,0,0,user_pics/6238/6238____file_01_tn-2-.jpg,150,113,3606
76946,6888,0,0,user_pics/6888/jobosb_339ce9cc50.jpg,500,375,562554
164540,12270,0,0,user_pics/12270/fish_f_642b7dc0a6.jpg,500,584,51315
169692,8447,0,0,user_pics/8447/be_saf_7e9ddaa7f1.jpg,512,384,69858
112751,9445,0,0,user_pics/9445/pictur_6ae540c54e.jpg,320,240,14615
146309,9874,0,0,user_pics/9874/images_7ef8238dfb.jpg,162,160,5321
428,0,0,0,user_pics/anonymous/albums/tankgallery/250lrockybackground1.jpg,600,400,131311
59314,3868,0,0,user_pics/3868/08_flowerhorn.jpg,285,228,20355
77998,3584,0,0,user_pics/3584/3e908f_ee02f62429.jpg,430,323,49369
7482,329,0,0,user_pics/329/01_interruptus_m_1.jpg,536,334,70731
191065,15608,0,0,user_pics/15608/7843b8f4-eb33-4f46-bbc9-041ea9a09e89_8ecd996391cfddd53f1e96e327affdad_1024.jpg,375,300,37651
10938,0,0,0,user_pics/anonymous/01_my_aulonocara3.jpg,320,240,5022
49521,4581,0,0,user_pics/4581/01_Bandeira3.jpeg,350,270,47181
22630,0,0,0,user_pics/anonymous/01_bruiser.jpg,600,450,36829
25388,2503,0,0,user_pics/2503/01_t5fish_026.jpg,500,375,162811
37931,4163,0,0,user_pics/4163/02_tank_010.jpg,544,408,100688
10102,0,0,0,user_pics/anonymous/01_Sunshine_Peacock.jpg,486,365,82940
177158,8720,0,0,user_pics/8720/phpthu_2c672bf133.jpg,500,500,88450
2649,0,0,0,user_pics/anonymous/albums/american/dyonisis.jpg,320,240,8944
171865,3584,0,0,user_pics/3584/4a6391_eed885cc87.jpg,450,338,60899
97482,8887,0,0,user_pics/8887/juvies_b1bc31ab30.jpg,315,210,16516
47416,4982,0,0,user_pics/4982/01_DSCF1182.JPG,383,360,36048
157336,11203,0,0,user_pics/12171/confus_28159e324b.jpg,573,591,32339
99239,8728,0,0,user_pics/8728/red2.j_4ca5fcb91d.jpg,406,406,67880
132376,10812,0,0,user_pics/10812/img004_809608f391.jpg,320,240,28096
22169,2234,0,0,user_pics/2234/01_rs7.jpg,540,406,143353
11572,693,0,1,user_pics/693/01_05_21_23.JPEG,320,240,10645
3871,0,0,0,user_pics/anonymous/albums/african/Jewels2.jpg,400,244,44183
114953,3584,0,0,user_pics/3584/hb_bri_3e69f1052f.jpg,200,185,12905
102695,8887,0,0,user_pics/8887/malawi_6c389fc89d.jpg,480,384,19113
20554,1649,0,0,user_pics/1649/01_baby_yellows.bmp,400,300,360054
112722,9733,0,0,user_pics/9733/gallar_8e8a820730.jpg,314,218,44250
190796,15535,1,1,user_pics/15535/82ff6822-391c-40b5-b048-72ae49d6b291_images_36_.jpg,224,225,6370
2218,0,0,0,user_pics/anonymous/albums/user_gallery/BengaYellow.jpg,320,200,19147
42318,123,0,0,user_pics/123/01_Dad_vs_Son_Close.jpg,561,423,75647
5266,0,0,0,user_pics/anonymous/01_Piccyture(197).jpg,160,120,3499
95907,2306,0,0,user_pics/2306/284964_e5e11b472b.jpg,304,304,38667
170284,12676,0,0,user_pics/12676/img_20_1ed379f448.jpg,384,384,56438
109238,9528,0,0,user_pics/9528/a.jpg_63a6246bf6.jpg,600,450,42359
147190,9874,0,0,user_pics/9874/jmjmjm_399691dd5a.jpg,213,160,102454
66500,6620,0,0,user_pics/6620/6620____file_02_0802082155b.jpg,450,338,61019
101053,9124,0,0,user_pics/9124/al.jpg_5659622c50.jpg,160,120,3767
173773,11344,0,0,user_pics/11344/split__015465ff76.jpg,450,300,53841
85511,7800,0,0,user_pics/7800/tank.j_c34270a26e.jpg,99,148,3099
68122,6092,0,0,user_pics/6092/6092____file_01_08-06-08_0009.jpg,320,240,10223
8511,438,0,0,user_pics/438/02_convict10.jpg,504,600,71923
3210,0,0,0,user_pics/anonymous/albums/malawi/Ps_Gold.jpg,500,271,78378
94844,5829,0,0,user_pics/5829/dsc067_20be96cc61.jpg,480,320,74542
131758,10498,0,0,user_pics/10498/oscar__835df54ee0.jpg,480,323,166119
152484,4615,0,0,user_pics/4615/1eagle_bc43bd57a1.jpg,257,257,32445
11885,0,0,0,user_pics/anonymous/01_Photo_#30.jpg,320,240,10552
62606,1579,1,0,user_pics/1579/1579____file_01_new_042.jpg,500,376,69759
8100,26,0,1,user_pics/26/01_jelly_donut5_lg.jpg,500,444,71027
29626,3062,0,0,user_pics/3062/01_S6300013.JPG,384,288,72551
174222,7776,1,0,user_pics/7776/n_jpg_3a6a50be67.jpg,150,113,4070
61008,3584,0,0,user_pics/3584/27_027.JPG,450,338,50446
150950,10784,0,0,user_pics/10784/yellow_bc64e17fb2.jpg,240,320,41022
148810,11763,0,0,user_pics/11763/ttrene_30b6057c8d.jpg,400,300,15525
147976,11721,0,0,user_pics/11721/picsay_92cc0f5e1c.jpg,427,320,46295
178895,13004,0,0,user_pics/13004/ws_cat_9b8a802f89.jpg,269,128,6101
3865,0,0,0,user_pics/anonymous/albums/african/Sterling2.jpg,360,235,51894
48779,4581,0,0,user_pics/4581/01_thiruana_054.JPG,400,300,19920
60997,3584,0,0,user_pics/3584/60_007.JPG,450,338,47548
15522,1280,0,0,user_pics/1280/01_Momma_fish.jpg,360,239,117128
15724,0,0,0,user_pics/anonymous/01_IM000930.JPG,480,480,121211
31054,2099,0,0,user_pics/2099/01_carpinte00.jpg,400,265,36262
60919,1579,1,0,user_pics/1579/01_FISH_128.jpg,500,375,45270
183404,11502,0,0,user_pics/11502/139077_1c263fe324.jpg,249,305,67691
3666,0,0,0,user_pics/anonymous/albums/malawi/Kenyi_brooding_tank_5_05_054x7.jpg,504,470,142530
1330,0,0,0,user_pics/anonymous/albums/album22/Fish2.jpg,200,134,5403
175069,13299,0,0,user_pics/13299/136078_2a47eb2c37.jpg,408,230,18655
101268,8553,0,0,user_pics/8553/th_ani_892f672dbe.jpg,160,160,3701
82087,1702,0,0,user_pics/1702/dscn07_f5479e1d4e.jpg,570,427,56358
10928,0,0,0,user_pics/anonymous/01_Image011.jpg,352,288,90691
100719,5829,0,0,user_pics/5829/dsc073_1394ef5c42.jpg,480,320,120140
25175,1224,0,0,user_pics/1224/01_March_31_baby_similis_with_shell.JPG,519,408,58463
3474,0,0,0,user_pics/anonymous/albums/malawi/aul_stuartgranti_maulana_001.jpg,500,204,100133
109989,9528,0,0,user_pics/9528/obfry1_fc71b0aae2.jpg,512,384,38535
164109,11479,0,0,user_pics/11479/100gal_11233cddd8.jpg,450,338,159066
132829,10433,0,0,user_pics/10433/8_jpg_f57c5fbc9c.jpg,533,400,99008
2334,0,0,0,user_pics/anonymous/albums/Jack-Dempsey/01_cichlid_JACK_DEMPSEY_adult.jpg,200,151,47492
89552,5829,0,0,user_pics/5829/dsc060_a4ca9ada80.jpg,480,320,85377
50714,1835,0,0,user_pics/1835/01_Gjd_28-1-.jpg,324,243,30662
160265,11584,0,0,user_pics/11584/scream_493981b177.jpg,292,350,33096
170005,12944,0,0,user_pics/12944/ole_jp_3beabd2a78.jpg,360,480,18298
156687,11324,0,0,user_pics/11324/sigma__3488a4d0af.jpg,400,399,36867
95017,8728,0,0,user_pics/8728/rtc.jp_17a3da7f96.jpg,406,406,58338
75735,5829,0,0,user_pics/5829/dsc043_8bde1587ce.jpg,480,360,85605
175063,13299,0,0,user_pics/13299/136078_30e832a0a7.jpg,408,230,21992
82072,1840,0,0,user_pics/1840/s73089_b310995048.jpg,538,404,63686
88890,7992,0,0,user_pics/7992/23-12-_e1a3b9cfe6.jpg,240,320,24333
186001,13436,0,0,user_pics/13436/screen_5fedd90e8e.jpg,466,438,315599
427,0,0,0,user_pics/anonymous/albums/tankgallery/250lcichlidmodulsny.jpg,600,294,109082
145035,4615,0,0,user_pics/4615/2010_p_e0e6db7be4.jpg,160,124,5732
39488,3925,0,0,user_pics/3925/01_first.jpg,400,212,148200
186000,13436,0,0,user_pics/13436/screen_63cd43e0bf.jpg,475,475,517664
61413,3584,0,0,user_pics/3584/43_012.JPG,450,338,72116
74556,5829,0,0,user_pics/5829/5829____file_01_dsc03842.jpg,480,360,104425
144292,4615,0,0,user_pics/4615/th_phi_c833774bd3.jpg,160,116,8626
143174,11405,0,1,user_pics/11405/arawan_9365a33e1a.jpg,259,194,14631
148649,11339,0,0,user_pics/11339/man_qu_2456cafdd5.jpg,286,359,10984
48340,0,0,0,user_pics/anonymous/01_03-01-08_1725.jpg,320,240,9937
119414,10020,0,0,user_pics/10020/img000_6d651426db.jpg,320,240,32039
7928,0,0,0,user_pics/anonymous/01_Fish_Tank.jpg,450,299,40920
92199,5829,0,0,user_pics/5829/dsc062_bedc77c0f4.jpg,480,360,90396
14502,1058,0,1,user_pics/1058/02_bolenmbuna.gif,435,190,41589
171680,12873,0,0,user_pics/12873/e241d7_605e0e8022.jpg,450,368,86008
96122,8728,0,0,user_pics/8728/2.jpg_94bac580ac.jpg,406,406,60722
1226,0,0,0,user_pics/anonymous/albums/album22/AL.jpg,496,241,20725
113583,8728,0,0,user_pics/8728/yawn_j_e07b98021c.jpg,258,258,42453
65514,6238,0,0,user_pics/6238/6238____file_01_pic6.jpg,150,113,2360
165227,12672,0,0,user_pics/12672/img_20_2ef7db012d.jpg,493,265,10766
96723,8887,0,0,user_pics/8887/ob_mar_7960eb1e3b.jpg,160,120,7842
94057,8721,1,0,user_pics/8721/pm2_00_b5c1506055.jpg,500,375,55451
3175,0,0,0,user_pics/anonymous/albums/malawi/Electra.jpg,500,341,79541
178313,8447,0,0,user_pics/8447/bluedo_d0e22b3cbf.jpg,403,303,60670
2837,0,0,0,user_pics/anonymous/albums/album18/aquarium_005.jpg,544,408,43177
76507,7511,0,0,user_pics/7511/fish_1_281554b0b4.jpg,594,303,101884
20416,2015,0,0,user_pics/2015/01_Fish_pics_020.jpg,450,340,47314
102367,6149,0,0,user_pics/6149/male_s_8dfa8afb7d.jpg,567,378,230623
171121,12552,0,0,user_pics/12552/family_7a8f0bf2be.jpg,403,403,23191
40612,123,0,0,user_pics/123/01_Trout.jpg,463,348,48518
16882,1304,0,1,user_pics/1304/01_238.jpg,396,218,40545
135561,7776,1,1,user_pics/7776/jeff_j_1429dd8be7.jpg,160,120,5079
846,0,0,0,user_pics/anonymous/albums/tankgallery2/tankmarch.jpg,500,353,59592
24309,2114,0,0,user_pics/2114/01_new_ob_purple.jpg,600,450,60325
7936,0,0,1,user_pics/anonymous/02_oscar.JPG,434,368,75519
22902,2089,0,0,user_pics/2089/04_DSC00357.JPG,448,298,18317
106070,8887,0,0,user_pics/8887/bluecr_277f84f4ba.jpg,480,384,20498
51002,0,0,1,user_pics/anonymous/01_B.jpg,133,75,2479
189270,14331,0,0,user_pics/14331/2015-0_e7cd29249b.jpg,453,317,12556
124430,6149,0,0,user_pics/6149/texas__f62ffc83a5.jpg,567,378,239998
76205,7488,0,0,user_pics/7488/014.jp_881ca269ce.jpg,176,152,29873
2122,0,0,0,user_pics/anonymous/albums/user_gallery/75_gal_set_up_049x7.jpg,504,378,192577
51145,3474,0,0,user_pics/3474/01_c_134.jpg-test-.jpg,560,420,79560
72379,3221,0,0,user_pics/3221/3221____file_01_fishyyyyyyy.jpg,600,450,27408
180986,11502,0,0,user_pics/11502/redbac_a18d59c5b4.jpg,270,186,7144
5696,0,0,0,user_pics/anonymous/01_borlyeii.jpg,432,324,39006
95835,5829,0,0,user_pics/5829/dsc068_937470cb9c.jpg,480,320,76639
79976,7574,0,0,user_pics/7574/img_31_d8bce05e68.jpg,550,343,92275
80251,7574,0,0,user_pics/7574/img_33_9697f51675.jpg,478,359,136843
168457,11479,0,0,user_pics/11479/2b32d5_50dff65982.jpg,450,338,181287
66497,6620,0,0,user_pics/6620/6620____file_03_0802082155.jpg,450,338,25823
41474,4368,0,0,user_pics/4368/01_Project4.png,500,375,1441978
100533,8918,0,0,user_pics/8918/sumo_l_455dab794f.jpg,400,245,32416
161254,12130,0,1,user_pics/12130/melano_91dc068882.jpg,550,413,49558
171223,12944,0,0,user_pics/12944/ldr_jp_64f7e1fc96.jpg,500,402,26847
168598,11324,0,0,user_pics/11324/2012-0_a24bf4ad4c.jpg,569,414,48202
48689,4581,0,0,user_pics/4581/01_thiruana_020.JPG,400,300,16514
83915,7149,0,0,user_pics/7149/img003_b96ed5fea7.jpg,240,320,14099
181956,13604,0,1,user_pics/13604/8dd300_1eddbd4846.jpg,150,150,2715
62562,4827,0,1,user_pics/4827/4827____file_01_images.jpg,116,87,1819
147895,11191,0,0,user_pics/11191/img-20_76080e4843.jpg,480,360,84350
82865,5829,0,0,user_pics/5829/dsc052_99747ce9dd.jpg,480,320,113357
105598,8447,0,0,user_pics/8447/mov051_4ae4f54f0e.jpg,320,240,26006
61909,2027,0,0,user_pics/2027/2027____file_01_025.JPG,450,600,65518
104013,9210,0,0,user_pics/9210/pawika_a06560f13c.jpg,427,575,68006
55253,3868,0,0,user_pics/3868/02_ece09bdb86d1.jpg,304,228,13962
154529,11892,0,0,user_pics/11892/2012-0_af65462716.jpg,408,301,20668
121911,2423,0,0,user_pics/2423/pictur_475ff49c58.jpg,480,320,349741
134747,10803,0,0,user_pics/10803/thing__f4a5861b9b.jpg,300,400,31279
16399,1467,0,0,user_pics/1467/02_ob_peacock_5cb3d7fbbf9a95a908f5636d71e440f4.jpg,576,432,79463
21989,1579,1,0,user_pics/1579/01_for_adam.jpg,545,371,60485
1674,0,0,0,user_pics/anonymous/albums/album22/male_or_female_round_fins.jpg,326,246,24893
40233,4372,0,1,user_pics/4372/03__and__No.1500__and__No.1500__and__No.1488___and__No.1513__and__No.1501_.bmp,546,323,529774
88974,8394,0,0,user_pics/8394/290120_e8a9df7686.jpg,320,240,27455
113581,8728,0,0,user_pics/8728/jd_pai_8e865635dd.jpg,258,258,33804
84466,2929,0,0,user_pics/2929/fish02_1e105b1325.jpg,448,336,46562
20926,2063,0,0,user_pics/2063/02_the_tank.jpg,550,375,145783
53055,5484,0,0,user_pics/5484/01_P1000874.JPG,446,276,38561
95354,8728,0,0,user_pics/8728/pair1._2848f18fef.jpg,406,406,71440
20703,2014,0,0,user_pics/2014/02_Family_160.jpg,468,329,47308
15265,1077,0,0,user_pics/1077/01_Fishy013.jpg,352,288,29564
88928,8330,0,0,user_pics/8330/pictur_363e36d01e.jpg,416,320,70176
183377,13514,0,0,user_pics/13514/warnin_1ca3aa046a.jpg,225,225,15115
171657,12944,0,0,user_pics/12944/xrm_jp_0f4c80693b.jpg,240,320,9772
94511,8728,0,0,user_pics/8728/pike1._1c1994c869.jpg,406,406,58721
16564,1353,0,0,user_pics/1353/01_28-11-06_1854.jpg,320,240,8551
112287,8728,0,0,user_pics/8728/fwergw_666309775d.jpg,258,258,48558
3411,0,0,0,user_pics/anonymous/albums/malawi/Cop_borleye_Liuli.jpg,500,233,92923
28185,2192,0,0,user_pics/2192/01_geo75.jpg,590,479,338040
97301,4323,0,0,user_pics/4323/just_m_e5a1274c8c.jpg,194,258,9203
60989,1579,1,0,user_pics/1579/01_FISH_087.jpg,500,375,50482
15916,1061,0,0,user_pics/1061/02_HPIM0943.JPG,320,238,68612
38465,3600,0,0,user_pics/3600/02_photo.jpg,120,160,4876
150652,10217,0,0,user_pics/10217/rememb_77e60a4e3b.jpg,300,363,18825
100564,5829,0,0,user_pics/5829/dsc073_95cbc62330.jpg,480,320,104881
168400,12873,0,0,user_pics/12873/gamesb_c384fa4156.jpg,420,420,51767
167926,11203,0,0,user_pics/11203/124553_be9e2b09b0.jpg,600,485,42296
153554,11832,0,0,user_pics/11832/rdtpho_031ce3b45e.jpg,517,338,26202
7338,139,0,0,user_pics/139/01_similisjongen.JPG,406,336,34755
8472,0,0,0,user_pics/anonymous/01_my_fish.jpg,430,323,12464
3160,0,0,0,user_pics/anonymous/albums/malawi/Cnv0016.jpg,499,314,35260
28295,2956,0,0,user_pics/2956/10_firemouth.jpg,170,127,4135
2223,0,0,0,user_pics/anonymous/albums/album05/Barbs_GT_fighting_3.jpg,360,304,108391
109111,9528,0,0,user_pics/9528/afish5_1d6c517f2c.jpg,600,450,63712
102130,6149,0,0,user_pics/6149/bifas3_e5b20b8829.jpg,567,378,169956
5933,180,0,0,user_pics/180/01_jack_dempsey.bmp,586,480,844854
56319,5768,0,0,user_pics/5768/01_l_857474d997171b4089d0706860e38731-4-.jpg,600,447,28543
4112,0,0,0,user_pics/anonymous/albums/other/ed_002.jpg,597,318,45995
181444,12475,0,0,user_pics/12475/0610f2_cbebe2db97.jpg,450,338,113121
137274,10493,0,0,user_pics/10493/electr_e98193c2ce.jpg,600,400,35885
19809,1433,0,0,user_pics/1433/01_lou131.jpg,469,319,39124
8873,438,0,0,user_pics/438/01_convict14.jpg,578,600,50069
174193,12873,0,0,user_pics/12873/ebf09e_5fb1dd4c4f.jpg,150,74,3279
62584,6228,0,0,user_pics/6228/6228____file_01_0526081451.jpg,160,120,6330
128678,10386,0,0,user_pics/10386/photo__385a22b992.jpg,116,134,26408
100721,6149,0,0,user_pics/6149/syns2._c1d579ef27.jpg,567,378,169638
129493,10603,0,0,user_pics/10603/img_00_57d0858de8.jpg,485,364,55088
8554,438,0,0,user_pics/438/02_venustrus4.jpg,600,492,57206
28905,2963,0,0,user_pics/2963/01_Tank02.jpg,455,270,61382
171591,13087,0,0,user_pics/13087/135180_1463682a8c.jpg,540,405,152082
98927,6149,0,0,user_pics/6149/pleco._13d00b72f6.jpg,567,378,191162
74249,3584,0,0,user_pics/3584/3584____file_01_this-is-my-beloved-son.jpg,376,500,47280
62030,3130,0,0,user_pics/3130/3130____file_01_120.bmp,503,342,517158
74347,4354,0,0,user_pics/4354/4354____file_01_blackey.jpg,160,120,4986
83331,1840,0,0,user_pics/1840/s73094_506042e64f.jpg,538,404,78182
1480,0,0,0,user_pics/anonymous/albums/album22/Photo0017.jpg,320,240,59707
171641,11513,0,0,user_pics/11513/3eb3m2_cbb75cf9b7.jpg,600,337,29803
190790,15530,1,1,user_pics/15530/728b2913-7158-420c-a160-4620775efb74_images_4_.jpg,294,171,6597
18242,1483,0,0,user_pics/1483/05_Picture_134.jpg,548,480,90859
99135,7294,0,0,user_pics/7294/p-1348_03727a49a6.jpg,311,315,15728
153659,11513,0,0,user_pics/11513/015_jp_3f268d8fc5.jpg,512,384,58020
40138,4294,0,0,user_pics/4294/01_CF.JPG,600,364,55999
112657,9445,0,0,user_pics/9445/pictur_792b7e324d.jpg,320,240,15545
175618,13254,0,1,user_pics/13254/201302_e1a9763166.jpg,360,480,176000
79288,7729,0,0,user_pics/7729/untitl_1526f31c70.jpg,405,318,23634
21339,2089,0,0,user_pics/2089/01_017.JPG,448,298,57719
96800,8553,0,0,user_pics/8553/camera_00c5857584.jpg,150,113,4394
176799,13159,0,0,user_pics/13159/midas2_dd14e6083e.jpg,336,412,23033
163636,11479,0,0,user_pics/11479/julie__1615251cd7.jpg,450,338,31618
103335,9297,0,0,user_pics/9297/ocf.jp_afe4fc0f27.jpg,488,307,36402
164908,11513,0,0,user_pics/11513/1e0cc1_bd467861a6.jpg,450,270,60916
33698,0,0,0,user_pics/anonymous/0____file_9999_37_Picture_003.jpg,160,120,9268
11113,0,0,0,user_pics/anonymous/01_my_fish_017.jpg,519,486,46206
6003,132,0,0,user_pics/132/01_altolamprologus_compressecips.JPG,512,341,139731
153192,11955,0,1,user_pics/11955/l_vp20_e7603d3945.jpg,600,450,120988
82252,1840,0,0,user_pics/1840/s73090_9470e466c7.jpg,492,369,47732
56126,5768,0,0,user_pics/5768/01_l_bb8fb32c02b7e43d10de3b31182f56e5-1-.jpg,600,449,59229
85613,7371,0,0,user_pics/7371/dscf20_297f66989b.jpg,600,450,52880
1535,0,0,0,user_pics/anonymous/albums/album22/Red_Devil.jpg,326,246,19727
5595,154,0,0,user_pics/154/01_male_kennyi.JPG,576,432,76425
2671,0,0,0,user_pics/anonymous/albums/american/RedDevil_02_15_05.jpg,600,365,217736
130175,9445,0,1,user_pics/9445/020_jp_efa140ba11.jpg,320,240,21408
4,0,0,0,user_pics/anonymous/albums/tankgallery/Camera_Picture_3.jpg,600,400,53193
184218,12903,0,0,user_pics/12903/dsc_03_ce3bfd4a66.jpg,319,213,38264
173491,13202,0,0,user_pics/13202/smoke__2888e4596b.jpg,221,166,9835
21970,2192,0,0,user_pics/2192/01_jd12.jpg,319,213,57008
177884,11203,0,1,user_pics/11203/119544_cf82fd51a2.jpg,600,600,38376
47532,4982,0,0,user_pics/4982/02_DSCF1246.JPG,508,360,57685
13596,895,0,1,user_pics/895/01_091150.jpg,360,270,13659
54035,3332,0,0,user_pics/3332/01_ithaa_restaurants.jpg,500,313,50081
56705,5809,0,0,user_pics/5809/01_ngara_male.jpg,516,387,54292
42201,4550,0,0,user_pics/4550/01_111807162235.jpg,320,240,38095
175558,12552,0,0,user_pics/12552/new_pi_0eab53d2ba.jpg,554,329,547510
112096,9742,0,0,user_pics/9742/ww016__fbeac07419.jpg,514,419,45369
78699,7574,0,0,user_pics/7574/img_22_b0a90fb522.jpg,576,316,110814
2264,0,0,0,user_pics/anonymous/albums/Oscars-South-American/Babs_Wet_Pets_12_2_03_oscar_4x6.jpg,299,235,64548
96816,5829,0,0,user_pics/5829/dsc069_06c04b05ca.jpg,480,320,73493
125247,8203,0,0,user_pics/8203/images_2185922e86.jpg,283,178,7841
4252,0,0,0,user_pics/anonymous/albums/tankgallery/55gal_001.jpg,593,305,53578
167465,12808,0,0,user_pics/12808/sp_a01_ec4488b9f5.jpg,600,450,72556
3473,0,0,0,user_pics/anonymous/albums/malawi/aul_stuartgranti_001.jpg,500,242,96567
123108,10248,0,0,user_pics/10248/ab1_jp_1c3d442e42.jpg,529,389,135473
132657,10812,0,0,user_pics/10812/img004_c032815edd.jpg,480,352,46838
32384,2192,0,0,user_pics/2192/01_sev233.jpg,547,480,251990
20445,1176,0,0,user_pics/1176/14_tank.JPG,430,323,32951
167225,12755,0,0,user_pics/12755/bigtan_46c5575947.jpg,218,131,9058
96896,5829,0,0,user_pics/5829/dsc069_b178dcd8cc.jpg,480,360,76769
171879,4615,0,0,user_pics/4615/125_g__ea51c20467.jpg,269,450,15568
3058,0,0,0,user_pics/anonymous/albums/malawi/Picture_23.jpg,320,240,57392
113158,2953,0,0,user_pics/2953/lava_r_347bbfd8c1.jpg,150,113,5062
103261,8728,0,0,user_pics/8728/df.jpg_c6c0aa9948.jpg,258,258,28764
183958,982,0,0,user_pics/982/chk_th_af8797cb9f.jpg,140,80,33654
67548,5603,0,0,user_pics/5603/5603____file_01_hpim1254.jpg,310,206,62295
84321,7981,0,0,user_pics/7981/trollc_97dcba9334.jpg,387,400,45873
148197,1987,0,0,user_pics/1987/tripp__a5a79f8244.jpg,320,240,38391
28221,2192,0,0,user_pics/2192/01_uaru_and_jd2.jpg,541,479,338319
66964,5623,0,0,user_pics/5623/5623____file_01_gt.bmp,320,240,230454
131359,9174,0,0,user_pics/9174/img_54_8917ca5ae8.jpg,475,358,58546
157992,11479,0,1,user_pics/11479/sorry__64514a8120.jpg,266,189,6485
172779,12254,0,0,user_pics/12254/120305_371e07db1d.jpg,265,245,44221
51714,5336,0,0,user_pics/5336/01_100_0225.jpg,227,286,13047
8865,438,0,0,user_pics/438/01_aqua48.jpg,600,359,39073
108044,5674,0,0,user_pics/5674/img_04_36e25cdbdc.jpg,512,384,46602
62808,1579,1,0,user_pics/1579/1579____file_01_today_073.jpg,500,375,37168
13744,0,0,0,user_pics/anonymous/01_apistogramma_juruensis.jpg,299,250,12265
31841,0,0,0,user_pics/anonymous/01_DCP_2275.JPG,425,364,56015
7828,0,0,0,user_pics/anonymous/01_pete19.jpg,430,323,26354
176512,12345,0,0,user_pics/12345/image__c68ac3ebec.jpg,225,225,9601
10220,0,0,0,user_pics/anonymous/01_223.BMP,352,288,304182
88220,7776,1,0,user_pics/7776/28b9c1_3df1977e07.jpg,130,97,26977
1939,0,0,0,user_pics/anonymous/albums/user_gallery/jerry2.jpg,519,208,31730
103268,8728,0,0,user_pics/8728/jhyfrh_5df8aa4998.jpg,258,258,30296
185660,12903,0,0,user_pics/12903/dsc_03_073467de52.jpg,319,213,29478
97450,8919,0,0,user_pics/8919/ayxuog_76e951f991.jpg,128,96,19763
33738,1579,1,0,user_pics/1579/1579____file_9999_15_FISH_007.jpg,500,375,54163
121662,982,0,0,user_pics/982/75fbcf_4d066730c3.jpg,450,349,96974
3414,0,0,0,user_pics/anonymous/albums/malawi/cop_virginalis.jpg,500,224,99183
6075,0,0,0,user_pics/anonymous/01_Peek_a_boo.jpg,526,396,19249
150970,8333,0,1,user_pics/8333/7_jpg_3867b56c53.jpg,44,58,791
151090,3584,0,0,user_pics/3584/374961_dc03a253eb.jpg,320,207,14492
3625,0,0,0,user_pics/anonymous/albums/malawi/aquarium_005.jpg,544,408,43177
41313,1579,1,0,user_pics/1579/02_empress_2.jpg,464,376,49897
98264,8621,0,0,user_pics/8621/lob4.j_441b059fc5.jpg,414,499,209693
55260,3868,0,0,user_pics/3868/01_90b6db7f16fa.jpg,304,228,12854
135092,10929,0,0,user_pics/10929/aw9izg_5dbfaca438.jpg,104,78,1692
69601,4294,0,0,user_pics/4294/4294____file_01_feedfry.jpg,450,600,56416
143177,11405,0,1,user_pics/11405/380gal_4f301660ca.jpg,259,194,9135
81327,5829,0,0,user_pics/5829/dsc051_58e7a8181e.jpg,480,360,77475
168408,11479,0,0,user_pics/11479/me_jpg_df06b309f9.jpg,196,339,25379
107067,5065,0,0,user_pics/5065/l_90d4_fc02195691.jpg,600,480,36789
15124,0,0,0,user_pics/anonymous/01_08_22_06_1356.jpg,160,120,12816
1171,0,0,1,user_pics/anonymous/albums/album22/115_1509_edited_001.jpg,396,297,63757
29494,47,0,0,user_pics/47/01_jake2.jpg,462,391,67070
73281,7200,0,0,user_pics/7200/7200____file_01_frontosa%20burundi.bmp,448,329,442230
26224,2755,0,0,user_pics/2755/03_fish_1.jpg,512,384,52700
35436,3868,0,0,user_pics/3868/01_756a7bb59b3b.jpg,304,228,19900
21591,123,0,0,user_pics/123/01_Scarlet.jpg,249,381,208417
49974,26,0,1,user_pics/26/01_th_patriots.jpg,129,160,5869
30069,0,0,0,user_pics/anonymous/01_161003081_531395612_0.jpg,506,381,45010
35770,1061,0,0,user_pics/1061/01_HPIM2020.JPG,320,238,52398
182595,13802,0,0,user_pics/13802/cam011_a737797b20.jpg,270,152,12364
66604,6642,0,0,user_pics/6642/6642____file_01_fish004.jpg,320,240,21010
190451,23,0,1,user_pics/23/5cdbb6b4-92cf-47f1-8949-1199d772107a_screen_shot_2018-02-25_at_14.52.26.png,402,100,14069
10259,0,0,0,user_pics/anonymous/01_Picture_019.bmp,352,288,304182
168222,10747,0,0,user_pics/10747/983351_9d3759c93f.jpg,450,338,71838
99628,8728,0,0,user_pics/8728/gt_fac_6837ca26a8.jpg,406,406,57976
64292,6411,0,0,user_pics/6411/6411____file_01_tr.jpg,176,144,3210
15773,1329,0,0,user_pics/1329/1329____file_9999_16_tank.jpg,480,360,98092
14575,1061,0,0,user_pics/1061/01_HPIM0513.JPG,320,238,46391
173586,13202,0,0,user_pics/13202/feedin_5b644b44b9.jpg,124,166,3734
105998,9403,0,0,user_pics/9403/my_new_c13149510c.jpg,400,240,35715
26454,2377,0,0,user_pics/2377/02_what_is_it_2.jpg,389,150,18873
755,0,0,0,user_pics/anonymous/albums/tankgallery2/akwa201.jpg,550,320,87346
172803,12873,0,1,user_pics/12873/images_840eb3a731.jpg,256,126,6722
168722,12873,0,0,user_pics/12873/937d7b_6d03dd2f60.jpg,450,300,69190
173774,11344,0,0,user_pics/11344/f1_mas_f3d4832fd3.jpg,450,300,37888
40511,123,0,0,user_pics/123/01_African_Main_Middle_Close.jpg,464,350,77169
12940,0,0,0,user_pics/anonymous/05_fish.jpg,170,130,10364
13257,0,0,0,user_pics/anonymous/01_CAQPERCB.jpg,120,160,7148
112372,8728,0,0,user_pics/8728/2_20s__dbd16f3193.jpg,258,258,32551
172660,13514,0,0,user_pics/12280/thca2y_542179fe3f.jpg,300,300,15053
9264,0,0,0,user_pics/anonymous/01_P1010063000.jpg,425,319,32689
184467,11502,0,0,user_pics/11502/201312_e15d6e7781.jpg,320,320,21633
54103,5598,0,1,user_pics/5598/01_57657374131.jpg,499,299,60120
85282,8106,0,1,user_pics/8106/fry_in_85ee555dd9.jpg,600,379,151917
61390,1579,1,0,user_pics/1579/01_Zoo_Trip_004.jpg,500,375,79626
108616,7518,0,0,user_pics/7518/178100_eb46e76073.jpg,100,99,8467
165560,12672,0,0,user_pics/12672/img_20_1f2ea4447b.jpg,503,257,12303
109983,9445,0,0,user_pics/9445/pictur_06bae55553.jpg,320,240,15665
52029,5336,0,0,user_pics/5336/01_100_0519.jpg,491,430,49358
2988,0,0,0,user_pics/anonymous/albums/Blue-Dolphins/75_gal_set_up_040x7.jpg,504,451,208921
21842,0,0,1,user_pics/anonymous/02_Copy_of_IMGA0271.jpg,490,368,62527
60454,1579,1,0,user_pics/1579/01_YL2A.jpg,500,341,47762
49825,4207,0,1,user_pics/4207/01_100_1493.JPG,400,300,19680
61885,1579,1,0,user_pics/1579/1579____file_01_New_094.jpg,500,281,35049
154092,11892,0,0,user_pics/11892/2012-0_a26061eb95.jpg,493,322,13714
2623,0,0,0,user_pics/anonymous/albums/american/they_grow_up_so_fast1.jpg,581,280,97516
143655,11422,0,0,user_pics/11422/013_4__4a9cf09c66.jpg,561,390,154961
179104,12475,0,0,user_pics/12475/wdead__a1fb89086b.jpg,275,183,9499
40218,4372,0,1,user_pics/4372/01__and__No.1500__and__No.1500__and__No.1488___and__No.1513__and__No.1501_.bmp,558,364,610118
175932,11093,0,0,user_pics/11093/questi_050ebe0f83.jpg,304,320,9019
83568,1840,0,0,user_pics/1840/s73094_c726c03c50.jpg,525,394,60042
170144,7776,1,0,user_pics/7776/vd_jpg_6cc39cc30b.jpg,300,225,13325
88166,5829,0,0,user_pics/5829/dsc056_f6914dc5d6.jpg,480,320,65480
111184,9445,0,0,user_pics/9445/pictur_d8a57a097a.jpg,320,240,16139
102368,6149,0,0,user_pics/6149/bifas._e58464a509.jpg,567,378,177224
24471,2192,0,0,user_pics/2192/01_fishpleco.jpg,593,479,281355
79294,7729,0,0,user_pics/7729/untitl_9657e85491.jpg,405,318,30809
178461,12873,0,0,user_pics/12873/ab5c6a_18dd8a5e8c.jpg,130,97,16198
179316,13531,0,0,user_pics/13531/snapsh_3ca6497d6d.jpg,494,371,243557
125950,9933,0,0,user_pics/9933/101957_667d706f30.jpg,200,170,16548
27926,1922,0,0,user_pics/1922/01_blueboy1.jpg,480,384,240030
17776,1629,0,0,user_pics/1629/1629____file_9999_17_tank.jpg,96,72,3583
109794,9445,0,0,user_pics/9445/pictur_37b3149681.jpg,320,240,19154
12369,0,0,1,user_pics/anonymous/01_2157_item.jpg,360,296,14036
187890,1840,0,0,user_pics/1840/2014-1_419decf1a3.jpg,426,575,635146
139401,10395,0,0,user_pics/10395/196412_929277b499.jpg,180,135,11416
73558,6849,0,0,user_pics/6849/6849____file_01_83f8_1.jpg,400,363,26598
3252,0,0,0,user_pics/anonymous/albums/malawi/Copadichromis_Borleyi_Kada6.jpg,500,375,76698
107503,993,0,0,user_pics/993/435c1f_d691d70bf1.jpg,150,113,14834
61119,3584,0,1,user_pics/3584/37_009.JPG,450,338,42757
3883,0,0,0,user_pics/anonymous/albums/african/darkblue3.jpg,400,213,18208
22631,0,0,0,user_pics/anonymous/01_chalk_full.jpg,600,450,32873
55554,4864,0,0,user_pics/4864/01_judilochromis_marlieri.jpg,300,225,9026
75533,7414,0,0,user_pics/7414/4.jpg_319ec5dd0c.jpg,265,225,54241
103651,982,0,0,user_pics/982/dsc026_8c61bec804.jpg,556,423,157154
60424,3868,0,0,user_pics/3868/02_my_110.jpg,304,228,13685
153518,11479,0,0,user_pics/11479/bigbas_177c732430.jpg,238,320,10647
134681,9174,0,0,user_pics/9174/img_63_59062e58d0.jpg,534,400,45447
143070,10802,0,1,user_pics/10802/liftin_8f984dec03.jpg,452,411,109548
113627,9182,0,0,user_pics/9182/sabres_e58ed8cf9e.jpg,320,240,74531
180926,11502,0,0,user_pics/11502/201307_edc21a868b.jpg,320,188,8348
119557,7776,1,1,user_pics/7776/images_9158b27435.jpg,133,127,5251
171159,11584,0,0,user_pics/11584/167870_ee0424d7a7.jpg,431,337,47718
111570,8746,0,0,user_pics/8746/small__14b5960dc5.jpg,443,420,55501
85612,7371,0,0,user_pics/7371/dscf20_00ff3e1025.jpg,600,450,38263
96724,8887,0,0,user_pics/8887/obstra_3942b62e9a.jpg,160,120,6818
35001,3467,0,0,user_pics/3467/01_rr711.jpg,399,280,48337
1477,0,0,0,user_pics/anonymous/albums/album22/Photo0007.jpg,320,240,9609
63117,5203,0,0,user_pics/5203/5203____file_01_tangerine_peacock.jpg,406,406,42277
33152,3463,0,0,user_pics/3463/01_red01.jpg,369,267,30339
164952,8887,0,0,user_pics/8887/mpanga_7d3cd4f3df.jpg,320,240,17734
54549,5563,0,0,user_pics/5563/01_Image7.jpg,480,360,99595
3591,0,0,0,user_pics/anonymous/albums/malawi/copborley.jpg,500,210,119958
177808,12475,0,0,user_pics/12475/water-_695e60da30.jpg,200,235,25755
16585,778,0,0,user_pics/778/06_Tank.jpg,450,338,81094
5154,0,0,0,user_pics/anonymous/01_elongatuscichlidSAT_005.jpg,541,524,82111
10863,615,0,0,user_pics/615/01_IM000713.JPG,560,432,87936
22584,2192,0,0,user_pics/2192/01_angels6.jpg,492,480,153027
141100,3584,0,1,user_pics/3584/142716_528e28401a.jpg,90,90,3900
153566,11513,0,0,user_pics/11513/054_jp_4b8cbfdcc3.jpg,320,240,30176
124654,10368,0,0,user_pics/10368/phil_w_9b775f5d43.jpg,419,398,501534
111070,9445,0,0,user_pics/9445/pictur_422b33eb14.jpg,320,240,18904
39479,4320,0,0,user_pics/4320/01_reddevil1.jpg,170,152,6621
20861,1876,0,0,user_pics/1876/01_Neolamprologus_tretocephalus_1.jpg,516,330,19465
37403,753,0,0,user_pics/753/01_IMG_0708.JPG,320,212,30669
1072,0,0,0,user_pics/anonymous/albums/album22/000_0831.jpg,464,351,33717
5048,0,0,0,user_pics/anonymous/01_Pic(23).jpg,352,288,19483
29133,0,0,0,user_pics/anonymous/01_05-18-07_1145.jpg,320,240,29674
8883,438,0,0,user_pics/438/01_pleco6.jpg,600,440,53124
42517,4588,0,0,user_pics/4588/01_new_background_004__Custom_.jpg,500,375,37365
2743,0,0,0,user_pics/anonymous/albums/american/DSC00103_s.jpg,500,375,51293
2411,0,0,0,user_pics/anonymous/albums/american/Babs_Wet_Pets_11_29_03_Jack_D_convict.jpg,432,288,115309
25939,0,0,1,user_pics/anonymous/01_fwf_cichlids_oscar_lg.jpg,500,333,51607
171673,12873,0,0,user_pics/12873/ebf09e_9553c7a01a.jpg,150,74,3279
731,0,0,0,user_pics/anonymous/albums/tankgallery2/IMG_0144.jpg,600,450,50921
65780,5311,0,0,user_pics/5311/5311____file_01_superredscorpion.jpg,320,306,47950
143069,10802,0,1,user_pics/10802/filter_07f3d76fa8.jpg,475,356,75092
180396,13146,0,0,user_pics/13146/nervou_156c4e0d91.jpg,189,267,5282
46801,1579,1,0,user_pics/1579/01_Demasoni_2.jpg,419,336,34693
43446,1368,0,0,user_pics/1368/01_SN850347.JPG,583,339,321888
67822,4304,0,0,user_pics/4304/4304____file_01_img_1344.jpg,480,472,184187
1785,0,0,0,user_pics/anonymous/albums/user_gallery/J_D.jpg,320,240,22759
119489,10059,0,0,user_pics/10059/photo0_1a3cf37520.jpg,320,240,18561
86246,7518,0,0,user_pics/7518/1_6113_9b6eaae2ce.jpg,600,450,35764
4714,0,0,0,user_pics/anonymous/01_Black_Calvus_1.JPG,527,336,25513
32948,753,0,0,user_pics/753/02_DCP_2273.JPG,379,291,43153
32989,1058,0,1,user_pics/1058/02_AmazonAquarium_43a.jpg,463,346,231688
164768,12477,0,0,user_pics/12477/happy__a79e41bd44.jpg,300,291,44910
93689,6447,0,0,user_pics/6447/3me3p9_239b175703.jpg,300,225,8821
90343,2480,0,0,user_pics/2480/hgj.jp_11383b76e7.jpg,150,100,13285
21386,511,0,0,user_pics/511/01_74e4c9fc24.jpg,430,323,62367
14510,1061,0,0,user_pics/1061/01_HPIM0044.JPG,318,239,85800
108221,8672,0,0,user_pics/8672/diego._cada751c72.jpg,600,450,143069
20569,1649,0,0,user_pics/1649/01_no_clue.bmp,400,300,360054
174229,7776,1,0,user_pics/7776/cichli_7200d89770.jpg,600,600,51303
1991,0,0,0,user_pics/anonymous/albums/user_gallery/P1010005_001.jpg,400,300,69923
41647,4520,0,0,user_pics/4520/02_frankiethefish.jpg,600,450,63914
101308,9178,0,0,user_pics/9178/ebjd2a_ebcce76c1f.jpg,320,232,17822
17827,1034,0,0,user_pics/1034/01_Photo0009.jpg,448,336,31248
94966,8805,0,1,user_pics/8805/360920_da952ec9d6.jpg,500,375,177744
86768,7776,1,0,user_pics/7776/4663hd_35b30d368e.jpg,459,600,24646
94483,6725,0,0,user_pics/6725/fish.j_c05406de02.jpg,330,248,31926
64718,6288,0,0,user_pics/6288/6288____file_01_peacocks002b.jpg,465,413,142003
152680,11832,0,0,user_pics/11832/msgr_j_b2d0710e36.jpg,554,453,32798
89231,5829,0,0,user_pics/5829/dsc060_3fbcc7d705.jpg,480,320,93430
187094,12972,0,0,user_pics/12972/cm1408_9e3c928c48.jpg,480,270,65916
17306,1061,0,1,user_pics/1061/02_HPIM0104.JPG,320,238,65242
11358,0,0,1,user_pics/anonymous/04_my_fish.jpg,320,240,29898
47758,1368,0,0,user_pics/1368/01_SN850892.JPG,482,403,291267
30371,3169,0,1,user_pics/3169/01_page35d.jpg,220,159,55666
73985,5913,0,0,user_pics/5913/5913____file_01_12-02-08_2305.jpg,288,400,53923
167975,12801,0,0,user_pics/12801/gbr_w__9f8eca4715.jpg,448,336,84731
8084,26,0,1,user_pics/26/26____file_9999_04_12.jpg,500,375,103496
21302,2114,0,0,user_pics/2114/01_kenyi_clear.jpg,600,450,52301
69598,6853,0,0,user_pics/6853/6853____file_01_92f6186c4bfedb695ade136ab1896136.jpg,450,338,66578
50744,615,0,0,user_pics/615/01_100_0973.jpg,461,346,33859
37925,4163,0,0,user_pics/4163/01_tank_009.jpg,416,312,89602
59149,3868,0,0,user_pics/3868/01_new_55.jpg,285,228,28483
519,0,0,0,user_pics/anonymous/albums/Sand-Tanks/tang1.jpg,600,450,82097
168291,11324,0,0,user_pics/11324/_faceb_d1038b2998.jpg,492,307,69307
8538,375,0,0,user_pics/375/01_tn3.jpg,160,120,3930
168214,11584,0,0,user_pics/11584/44d719_4382c80854.jpg,450,338,92684
54545,5563,0,0,user_pics/5563/01_Image13.jpg,480,360,98122
55269,3868,0,0,user_pics/3868/04_e27386dd1e1b.jpg,304,228,17610
1554,0,0,0,user_pics/anonymous/albums/album22/Yellow_Top_Peacock_copy.jpg,572,252,61904
13140,837,0,0,user_pics/837/01_Albino_Tigar_Oscar.jpg,320,240,10420
99250,5829,0,0,user_pics/5829/dsc072_05c3475df3.jpg,480,360,94968
15887,0,0,1,user_pics/anonymous/05_fish3.jpg,296,224,28128
31161,0,0,1,user_pics/anonymous/01_06-22-07_0141.jpg,320,240,54633
73506,7191,0,0,user_pics/7191/7191____file_01_l_193e78b8ba5b4a6c88cece11cd318312.jpg,363,481,27549
41478,4368,0,0,user_pics/4368/01_Project35.png,500,375,1538127
82265,5829,0,0,user_pics/5829/crop.j_66f3263b9d.jpg,270,355,30228
166157,8887,0,0,user_pics/8887/newpea_e7bb30c62e.jpg,320,240,25463
14498,0,0,0,user_pics/anonymous/01_fred_new.jpg,227,151,14110
85848,5829,0,0,user_pics/5829/dsc054_0138e46fdd.jpg,480,320,78849
59852,5300,0,0,user_pics/5300/02_100_2143.JPG,571,382,74235
106301,7776,1,0,user_pics/7776/stewy._8480ecd8f7.jpg,150,113,19135
2120,0,0,0,user_pics/anonymous/albums/user_gallery/Midas_juveniles_Feb_05_009x7.jpg,504,396,159448
66820,6658,0,0,user_pics/6658/6658____file_01_aug10_0006.jpg,160,120,5826
15915,1061,0,1,user_pics/1061/01_HPIM0943.JPG,320,238,68612
13259,857,0,0,user_pics/857/02_060725_2330~01.jpg,120,160,8146
178967,12557,0,0,user_pics/12557/2013-0_664d801384.jpg,464,192,16674
66126,6504,0,0,user_pics/6504/6504____file_01_bild4546.jpg,587,474,130675
9261,238,0,0,user_pics/238/01_100_0196-2.jpg,500,333,13640
7530,0,0,0,user_pics/anonymous/01_04-01-06_2151.jpg,160,120,4494
23915,2470,0,0,user_pics/2470/02_ABCD0002.JPG,240,320,22898
144274,7776,1,0,user_pics/7776/o4dh0s_9da2b87f3e.jpg,540,405,77804
16204,1377,0,1,user_pics/1377/02_a87b33c0bd.jpg,150,113,4401
98922,6149,0,0,user_pics/6149/red_te_717f0a56e6.jpg,567,378,156019
5518,0,0,0,user_pics/anonymous/01_Green_Terror.jpg,450,338,35958
69155,5913,0,0,user_pics/5913/5913____file_01_09-27-08_1649__1_.jpg,400,528,64659
65680,5913,0,0,user_pics/5913/5913____file_01_07-19-08_2301.jpg,400,528,54516
111397,9445,0,0,user_pics/9445/pictur_e566d7d2f6.jpg,320,240,19704
94425,8031,0,0,user_pics/8031/dsc_38_eccce9de30.jpg,448,300,40679
189551,14946,0,0,user_pics/14946/fry_pn_365b532ac1.jpg,270,480,177477
11665,0,0,0,user_pics/anonymous/01_Picture(4).jpg,160,120,2247
144390,3584,0,1,user_pics/3584/happy__c57fe1aa6e.jpg,160,160,4577
41444,4368,0,0,user_pics/4368/01_Project24.png,500,375,1522956
9234,0,0,0,user_pics/anonymous/01_gt.JPG,450,338,78056
166008,11513,0,0,user_pics/11513/5ld5g2_e871ff7bec.jpg,337,450,23752
66394,6615,0,0,user_pics/6615/6615____file_01_disc.jpg,360,480,33697
4955,84,0,0,user_pics/84/01_93412199_319336027_0.jpg,250,250,13860
113861,9780,0,0,user_pics/9780/electr_fb5285f954.jpg,360,480,18139
131435,10668,0,0,user_pics/10668/fwcich_dc1ab25706.jpg,500,311,88463
111060,9445,0,0,user_pics/9445/pictur_80269caef4.jpg,320,240,16873
132945,6241,0,0,user_pics/6241/images_4d23519ee8.jpg,225,224,4585
60607,5492,0,1,user_pics/5492/01_offthehook.jpg,507,354,201553
8515,438,0,0,user_pics/438/01_venustrus4.jpg,600,492,57206
78863,7574,0,0,user_pics/7574/img_24_319a0e3d22.jpg,513,386,110970
2335,0,0,0,user_pics/anonymous/albums/Jack-Dempsey/01_cichlid_JACK_DEMPSEY_pair.jpg,200,151,43829
16266,1077,0,0,user_pics/1077/01_photo004_397b825920aff041acbaf038e6aa506d.jpg,176,144,11373
39149,1579,1,0,user_pics/1579/01_NLS_004.jpg,558,446,63678
64335,6411,0,0,user_pics/6411/6411____file_01_gettin_it_set_up.jpg,170,136,4287
19807,1433,0,0,user_pics/1433/01_j4.jpg,512,384,60554
11606,0,0,0,user_pics/anonymous/01_fish1.bmp,320,240,230454
26210,0,0,1,user_pics/anonymous/01_avatar198955_2.gif,114,150,4158
38101,4160,0,0,user_pics/4160/44_fish.jpg,600,353,241153
103266,8728,0,0,"user_pics/8728/vhjmf,_091d2f7e5a.jpg",258,258,36428
17959,1681,0,0,user_pics/1681/01_bluefish.jpg,600,450,113472
42203,4550,0,0,user_pics/4550/01_111807162430.jpg,320,240,36211
1215,0,0,0,user_pics/anonymous/albums/album22/6964406914_235_1.jpg,239,196,13092
35063,26,0,0,user_pics/26/01_dolphins__8_16_07_014x7c.jpg,504,378,199650
49060,2756,0,0,user_pics/2756/01_J.E_Babies_5.jpg,600,450,100453
3679,0,0,0,user_pics/anonymous/albums/malawi/DSC00297_s.jpg,500,375,49411
122808,10004,0,0,user_pics/10004/photo-_01d1f8d3eb.jpg,400,300,59876
35768,1061,0,0,user_pics/1061/01_HPIM1997.JPG,320,238,54967
66143,6504,0,0,user_pics/6504/6504____file_02_bild4310.jpg,478,587,278006
25914,2721,0,0,user_pics/2721/05_Tank_1.jpg,600,449,47083
99725,5829,0,0,user_pics/5829/dsc071_30f3d1b5cb.jpg,480,320,95784
143682,11187,0,0,user_pics/11187/061201_fe871d2ed9.jpg,320,240,29460
145505,1502,0,0,user_pics/1502/p11101_1b02492aec.jpg,600,450,310174
156324,23,0,1,user_pics/23/logo_j_df15f25dde.jpg,400,120,6860
15774,1329,0,0,user_pics/1329/01_fhorn.jpg,480,360,108667
2864,0,0,0,user_pics/anonymous/albums/frontosa/frontosa_mouthfull_2001.jpg,377,337,68808
95684,8728,0,0,user_pics/8728/vieja._a37b179afe.jpg,406,406,57821
97325,8553,0,0,user_pics/8553/wow.jp_86afae8e8b.jpg,500,375,51462
120550,10059,0,0,user_pics/10059/photo0_9c113f125e.jpg,240,240,13855
74425,7253,0,0,user_pics/7253/7253____file_01_1201g31433na3m43l78bhf5dd877334751023.jpg,300,225,10750
96669,8890,0,0,user_pics/8890/tttt.j_3c3f66dbcd.jpg,143,119,3863
99726,5829,0,0,user_pics/5829/dsc069_c1fd1a2dea.jpg,480,320,80169
1992,0,0,0,user_pics/anonymous/albums/user_gallery/BIGDADDY1_001.jpg,463,372,164722
24854,0,0,1,user_pics/anonymous/01_moori.jpg,150,113,4822
6670,0,0,1,user_pics/anonymous/01_good2.JPG,576,432,77111
120542,10059,0,0,user_pics/10059/photo0_668dacede2.jpg,479,480,37762
181771,11502,0,0,user_pics/11502/201308_f691c1fabf.jpg,320,320,17400
185116,12903,0,0,user_pics/12903/dsc_03_0cc71816d9.jpg,319,213,12653
81555,1368,0,0,user_pics/1368/00bad7_e3d30fc85f.jpg,130,97,52301
58733,2626,0,0,user_pics/2626/01_DSC01071.jpg,360,202,37458
131348,7776,1,0,user_pics/7776/8966fb_12dcae60a7.jpg,450,600,25620
130487,9669,0,0,user_pics/9669/dscf06_9f76043431.jpg,428,320,97484
151360,11479,0,0,user_pics/11479/catfis_9a45efbb7c.jpg,320,240,24331
50596,5224,0,0,user_pics/5224/01_snowflake.JPG,500,375,49928
628,0,0,0,user_pics/anonymous/albums/tankgallery2/tang1.jpg,600,450,82097
13871,0,0,0,user_pics/anonymous/01_fish~shop~172.jpg,400,300,38516
88246,5829,0,0,user_pics/5829/dsc057_67d08dac8c.jpg,480,320,78050
137273,10493,0,0,user_pics/10493/dragon_e42f154449.jpg,600,400,38720
67882,5829,0,0,user_pics/5829/5829____file_01_dsc01607.jpg,320,240,49598
526,0,0,0,user_pics/anonymous/albums/Sand-Tanks/discustank.jpg,500,400,55696
191102,15603,0,0,user_pics/15603/9604530b-8049-429f-a3a0-876927a404c7_58aca4ff-e8e6-4f58-b446-6e2f709bdb0b.jpeg,400,300,47188
17038,1266,0,0,user_pics/1266/01_DSC05651.JPG,600,450,188843
62838,1579,1,0,user_pics/1579/1579____file_01_natives_012.jpg,500,375,53556
25905,2695,0,0,user_pics/2695/01_Cichlasoma_nicaraguense.jpg,600,398,178032
3282,0,0,0,user_pics/anonymous/albums/malawi/O_lithobates_Male.jpg,500,330,79298
20849,2063,0,0,user_pics/2063/01_the_tank_637bd09c1fcf276a040122c30037d5cd.jpg,500,375,114622
61899,1579,1,0,user_pics/1579/1579____file_01_New_132.jpg,500,375,54387
11574,0,0,0,user_pics/anonymous/01_Picture(52).jpg,160,120,3168
161321,12313,0,0,user_pics/12313/thumbn_0f992e5df9.jpg,310,310,19638
3209,0,0,0,user_pics/anonymous/albums/malawi/Protomelas_Fenestratus_Taiw.jpg,500,535,79237
148026,11726,0,0,user_pics/11726/abc_jp_4c9a6bc5f7.jpg,259,194,10176
44113,1368,0,0,user_pics/1368/01_SN850406.JPG,493,405,326289
165232,12672,0,0,user_pics/12672/img_20_3d6060dee2.jpg,550,389,29501
181736,13802,0,0,user_pics/13801/cam002_9726ce0219.jpg,464,307,43185
25270,2628,0,0,user_pics/2628/01_7563P1010212.jpg,600,480,37654
97481,8887,0,0,user_pics/8887/redjac_f6776ec3aa.jpg,315,210,10609
168261,11513,0,1,user_pics/11513/rivul3_1224950e82.jpg,468,274,16727
61844,1579,1,0,user_pics/1579/1579____file_01_New_079.jpg,500,376,57905
35769,1061,0,0,user_pics/1061/01_HPIM2019.JPG,320,238,47348
89573,5829,0,0,user_pics/5829/dsc060_960fd17fd4.jpg,480,320,88959
110763,8728,0,0,user_pics/8728/5.jpg_7af2d9d521.jpg,258,258,40722
64026,1579,1,0,user_pics/1579/1579____file_01_chailosi1.jpg,500,375,84009
41242,4485,0,0,user_pics/4485/01_Tank.gif,400,533,136084
8871,438,0,0,user_pics/438/01_convict12.jpg,600,452,35701
53660,5563,0,0,user_pics/5563/01_5GAL_fry_tank.jpg,504,321,137435
106513,9019,0,0,user_pics/9019/africa_4beccfbe58.jpg,533,421,46303
120739,5674,0,0,user_pics/5674/img_30_8628c641fb.jpg,388,360,68691
3409,0,0,0,user_pics/anonymous/albums/malawi/B_rhoadesii.jpg,500,270,100694
20395,0,0,0,user_pics/anonymous/01_front.bmp,263,178,141030
10580,0,0,0,user_pics/anonymous/01_picture040.jpg,240,320,12032
55557,26,0,0,user_pics/26/02_Brichardi_tank_07_009x7.jpg,504,378,161423
184791,8210,0,0,user_pics/8210/photo__058652a2ab.jpg,414,314,72861
29404,2986,0,0,user_pics/2986/01_copadichromis2_IMG_2924.JPG,576,510,98801
13829,0,0,0,user_pics/anonymous/01_fish~shop~431.jpg,332,309,13164
25827,0,0,0,user_pics/anonymous/02_new5.jpg,260,195,101933
12006,0,0,0,user_pics/anonymous/01_PICT0139.JPG,394,250,51184
144498,10794,0,0,user_pics/10794/jakesw_7a737a83ac.jpg,343,333,33725
71002,3584,0,0,user_pics/3584/3584____file_01_61-61017~alabama-crimson-tide-logo-fathead-posters.jpg,400,340,38142
11866,0,0,1,user_pics/anonymous/03_Photo_#29.jpg,320,240,13100
8857,438,0,0,user_pics/438/01_aqua34.jpg,452,600,44828
143114,11400,0,0,user_pics/11400/218_jp_eafa8def85.jpg,579,480,153480
62582,6228,0,0,user_pics/6228/6228____file_01_0429081158a.jpg,160,120,5521
151717,11832,0,0,user_pics/11832/gsr_jp_de629a2376.jpg,569,474,38267
133883,10696,0,0,user_pics/10696/l8klpm_f3dc5f7d61.jpg,560,420,46479
168054,12755,0,0,user_pics/12755/holdin_9716892aa5.jpg,218,131,5130
76586,7525,0,1,user_pics/7525/224757_02a0d74586.jpg,240,180,28673
99632,8728,0,1,user_pics/8728/supa_u_e8a6d10cd7.jpg,406,406,40748
168055,12755,0,0,user_pics/12755/bigtan_f2b182346f.jpg,218,131,8876
185967,14316,0,0,user_pics/14316/fish_0_975c31fef5.jpg,324,243,28772
61416,3584,0,0,user_pics/3584/68_003.JPG,450,300,57183
120426,10059,0,1,user_pics/10059/photo0_4c3a9505ea.jpg,480,480,63136
10766,0,0,0,user_pics/anonymous/01_Picture_2.jpg,320,240,71078
22920,2314,0,1,user_pics/2314/01_30-12-06_1046.jpg,320,240,34859
105133,9400,0,0,user_pics/9400/img_12_7d298dc909.jpg,490,368,41062
47926,5014,0,0,user_pics/5014/01_Convict.tiff,337,251,343048
5398,132,0,0,user_pics/132/01_Psuedotropheus_Crabro4.JPG,512,341,134288
4701,0,0,1,user_pics/anonymous/01_85020422_288978344_0.jpg,250,250,11453
13564,0,0,1,user_pics/anonymous/05_fish.bmp,520,388,605334
61637,5623,0,0,user_pics/5623/24_untitled.bmp,320,240,230454
98251,5065,0,0,user_pics/5065/l_4128_0f8a2df2a7.jpg,600,450,68727
164541,12557,0,0,user_pics/12557/pictur_fa3352f106.jpg,480,480,238911
77382,7488,0,0,user_pics/7488/img_04_41f464b03c.jpg,448,283,31475
174725,13274,0,0,user_pics/13274/201302_da3d5bdffb.jpg,452,322,31675
97228,8728,0,0,user_pics/8728/my_45__6d1c8acb05.jpg,406,406,57557
26455,2377,0,0,user_pics/2377/01_what_is_it.jpg,283,75,5337
75417,2766,0,0,user_pics/2766/bg_mal_f1d80cca59.jpg,300,225,7074
128986,9445,0,0,user_pics/9445/023_jp_905c77c963.jpg,320,240,36502
124432,6149,0,0,user_pics/6149/red_te_db4c52130f.jpg,567,378,203402
3463,0,0,0,user_pics/anonymous/albums/malawi/L_caerul_IMG.jpg,550,412,201241
573,0,0,0,user_pics/anonymous/albums/tankgallery2/Updated_Julia_75_Gallon.jpg,587,416,68750
36881,2690,0,0,user_pics/2690/01_ff1.jpg,476,324,20725
726,0,0,0,user_pics/anonymous/albums/tankgallery2/DSC00056.gif,576,384,157759
164505,8887,0,0,user_pics/8887/neo_he_3095fd0498.jpg,320,240,40761
2280,0,0,0,user_pics/anonymous/albums/Oscars-South-American/01_cichlid_OSCAR_red_juvenile.jpg,200,151,37403
181739,13802,0,0,user_pics/13801/cam002_bae03e4e94.jpg,303,265,20796
186698,1840,0,0,user_pics/1840/2014-0_0bfc967b6c.jpg,565,433,542323
61411,3584,0,0,user_pics/3584/45_006.JPG,450,338,51552
35205,3821,0,0,user_pics/3821/04_New_Tank.JPG,300,400,50338
139248,10794,0,0,user_pics/10794/eureka_f0f84551ea.jpg,500,260,47367
94093,8721,1,0,user_pics/8721/pm3_06_91b0ab41bc.jpg,500,375,47782
4150,0,0,1,user_pics/anonymous/albums/other/AustrailianRainbow.jpg,320,240,9008
145114,3584,0,1,user_pics/3584/happy__fbc38f525a.jpg,490,457,14663
157023,982,0,0,user_pics/982/happy__1e9aab03ff.jpg,270,187,151898
169732,10794,0,0,user_pics/10794/cyp01__4394f58c2d.jpg,600,380,111804
12144,0,0,0,user_pics/anonymous/16_Picture_003.jpg,160,120,9268
37552,1579,1,0,user_pics/1579/1579____file_9999_14_FISH_018.jpg,500,375,46316
172598,13070,0,0,user_pics/13070/photo0_bd71aa97a1.jpg,320,240,14751
82036,1840,0,0,user_pics/1840/s73089_d2d750323a.jpg,369,492,52704
21869,2192,0,0,user_pics/2192/01_severum3.jpg,319,214,66796
147566,4615,0,0,user_pics/4615/nu_pic_23b58f2c7b.jpg,448,336,182183
60403,4827,0,0,user_pics/4827/01_zombienob.jpg,320,240,75687
86733,650,0,0,user_pics/650/tank.j_10c73d83b5.jpg,258,258,37696
3250,0,0,0,user_pics/anonymous/albums/malawi/Copadichromis_Borleyi_Kada4.jpg,500,375,76246
31477,3280,0,0,user_pics/3280/01_Fish_Tank_086.jpg,160,120,6342
5233,68,0,0,user_pics/68/01_melanochromis_auratus.jpg,512,341,123081
1982,0,0,0,user_pics/anonymous/albums/user_gallery/Elec_blue.jpg,593,476,57215
184730,13385,0,0,user_pics/13385/redter_16555c36d1.jpg,600,400,138578
93911,8721,1,0,user_pics/8721/a13.jp_2a35b5dbdf.jpg,500,375,49613
17015,1061,0,0,user_pics/1061/01_HPIM1096.JPG,320,238,61371
83330,7294,0,0,user_pics/7294/gentam_022fb2cf2c.jpg,162,275,3962
84238,8018,0,1,user_pics/8018/pseudo_683510ab19.jpg,360,281,19916
181794,13802,0,0,user_pics/13802/cam004_0e6a97a93d.jpg,303,218,20895
145812,11005,0,0,user_pics/11005/img003_151319db9e.jpg,480,360,35153
76033,5603,0,0,user_pics/5603/hpim31_a95cd5ad5f.jpg,576,432,58666
169362,11324,0,0,user_pics/11324/biketo_c964763d6b.jpg,291,119,19308
19271,0,0,0,user_pics/anonymous/01_IMG_0341_dup_735896894.jpg,450,338,100315
2960,0,0,0,user_pics/anonymous/albums/Neolamprologus_brichardi/cichlids.jpg,597,448,78738
53857,5563,0,0,user_pics/5563/01_Image20.jpg,320,240,39832
107055,5065,0,0,user_pics/5065/l_bb1b_342fd1cf5a.jpg,600,480,42533
80807,6447,0,0,user_pics/6447/3m23oc_db93be29bd.jpg,239,189,26804
3196,0,0,1,user_pics/anonymous/albums/malawi/29GallonJuvieTank1Resize.jpg,504,352,100653
168057,12755,0,0,user_pics/12755/blue_h_01f4ef531f.jpg,218,131,5196
72382,6480,0,0,user_pics/6480/6480____file_01_hpim0799.jpg,570,428,59479
4846,0,0,0,user_pics/anonymous/01_90442006_308584333_0.jpg,250,250,14794
185927,14331,0,0,user_pics/14304/201404_0d9fa1a9e4.jpg,326,245,71537
165989,12426,0,0,user_pics/12426/new_st_d96205d2c0.jpg,408,244,24738
111584,8746,0,0,user_pics/8746/pheno__becac64632.jpg,481,247,31016
74900,1840,0,0,user_pics/1840/1840____file_01_s7307853.jpg,352,322,45160
105174,9404,0,1,user_pics/9404/in_my__8f9e3ed679.jpg,275,175,144954
2333,0,0,0,user_pics/anonymous/albums/Jack-Dempsey/01_cichlid_jackdempsey.jpg,200,150,45949
4924,0,0,0,user_pics/anonymous/01_FISH.jpg,450,338,56290
157690,12211,0,0,user_pics/12211/loco_j_e03b01c483.jpg,411,238,10999
18970,1826,0,0,user_pics/1826/02_Big_Red_(resized).jpg,270,168,20119
7219,26,0,0,user_pics/26/01_125_gal_fish_2_Dec_9_05_034xx7.jpg,448,504,158457
13113,0,0,0,user_pics/anonymous/01_DSCN1500.jpg,600,450,85729
121820,7610,0,0,user_pics/7610/p17071_f2ca32881e.jpg,320,240,24689
8396,432,0,0,user_pics/432/01_Fish_#2.jpg,286,379,30806
26209,2751,0,0,user_pics/2751/01_HPIM0032.JPG,451,336,26988
164995,12376,0,0,user_pics/12376/julido_bb7c48c1fd.jpg,448,249,41555
105130,9400,0,0,user_pics/9400/img_12_d4bf4f1317.jpg,490,368,44535
113585,8728,0,0,user_pics/8728/last_n_df4962ebe7.jpg,258,258,39876
60959,1579,1,0,user_pics/1579/01_FISH_039_dup_351553163.jpg,500,375,39451
15808,1061,0,0,user_pics/1061/01_HPIM0843.JPG,320,238,61021
110429,3130,0,0,user_pics/3130/tank_k_da2debb2b1.jpg,335,198,21995
12286,0,0,1,user_pics/anonymous/01_redcichlid.jpg,160,120,7602
19166,1061,0,0,user_pics/1061/01_hpim1353_4d19ecfd0dfca21e3f6fd0dea80df997.jpg,320,238,51610
21338,2089,0,0,user_pics/2089/01_DSC00344.JPG,448,298,59012
94099,8721,1,0,user_pics/8721/pm3_27_1bcdc41836.jpg,500,375,61824
94274,8751,0,0,user_pics/8751/algae._6f65a823fb.jpg,500,375,74938
73510,7191,0,0,user_pics/7191/7191____file_01_l_00f8df459e5245539564286f7dc6de05.jpg,600,400,54233
2189,0,0,0,user_pics/anonymous/albums/user_gallery/IM000027.jpg,497,327,100402
166147,8887,0,0,user_pics/8887/neo_he_3c2087989c.jpg,320,240,36690
65285,6506,0,0,user_pics/6506/6506____file_01_ebayzebrapic.jpg,414,311,26329
84841,7599,0,0,user_pics/7599/pic.jp_fd54880736.jpg,300,178,4677
90946,5603,0,0,user_pics/5603/pict00_82d8bcd227.jpg,486,324,56799
175352,12944,0,1,user_pics/12944/w_jpg_d6b9ca1267.jpg,398,588,38704
183052,4718,0,0,user_pics/4718/201310_8a7400c398.jpg,347,408,20048
190439,23,0,1,user_pics/23/945e1bc1-b1ad-47b7-9707-91bff0ce5a3f_screen_shot_2018-02-25_at_14.52.26.png,402,100,14069
8495,0,0,0,user_pics/anonymous/01_acara7.jpg,453,600,60948
53853,5563,0,0,user_pics/5563/01_Image54.jpg,445,186,48696
168714,12903,0,0,user_pics/12903/_kgrhq_a3e323f2b3.jpg,300,199,10438
2745,0,0,0,user_pics/anonymous/albums/american/DSC00299_s.jpg,500,375,54182
61501,1579,1,0,user_pics/1579/08_fish_042.jpg,500,375,56744
3547,0,0,0,user_pics/anonymous/albums/malawi/Picture_029.jpg,449,269,48046
173776,11344,0,0,user_pics/11344/saulos_76280e0c28.jpg,450,300,38435
7308,320,0,0,user_pics/320/01_hybrid.jpg,500,305,37545
95163,8812,0,0,user_pics/8812/img000_c19f67b255.jpg,320,240,18049
61396,1579,1,0,user_pics/1579/01_Zoo_Trip_018.jpg,500,375,43645
241,0,0,0,user_pics/anonymous/albums/tankgallery/outside2.jpg,500,400,39448
46519,4304,0,0,user_pics/4304/01_lace3.jpg,350,297,34322
159453,11479,0,0,user_pics/11479/tiger__da650a5e5a.jpg,500,375,28665
95398,5829,0,0,user_pics/5829/dsc068_b2c52909b0.jpg,480,320,93267
84070,5829,0,0,user_pics/5829/dsc053_52678745a9.jpg,480,320,95722
70751,2626,0,0,user_pics/2626/2626____file_01_dsc02318.jpg,360,202,41131
186003,13436,0,0,user_pics/13436/screen_1f08022a1d.jpg,480,456,361004
70267,5896,0,0,user_pics/5896/5896____file_01_1015082001.jpg,320,240,32498
149615,8830,0,0,user_pics/8830/photo0_a3910a739a.jpg,320,240,9693
3501,0,0,0,user_pics/anonymous/albums/malawi/linni.jpg,600,231,160464
37966,1579,1,0,user_pics/1579/1579____file_9999_08_FISH_053.jpg,500,375,32872
10101,0,0,0,user_pics/anonymous/01_Narga2.jpg,486,365,152940
35809,3871,0,0,"user_pics/3871/01_Red_Devil,_Jaguar.jpg",304,228,13849
98926,6149,0,0,user_pics/6149/red_te_09dec8b307.jpg,567,378,136591
49282,12176,0,0,user_pics/4641/01_Driftwood-LG.gif,600,327,122986
43214,4616,0,0,user_pics/4616/4616____file_9999_02_Image018.jpg,320,240,25879
17035,0,0,1,user_pics/anonymous/01_DSC05649.JPG,600,450,171534
137023,11089,0,0,user_pics/11089/fish_0_e714c7d517.jpg,160,101,21326
165225,11203,0,0,user_pics/11203/chat_w_8944176a7c.jpg,385,292,11353
118284,9482,0,0,user_pics/9482/downsi_d2d055189c.jpg,512,384,38148
169862,10784,0,0,user_pics/10784/secure_59fdb955fb.jpg,240,320,51230
100292,8728,0,0,user_pics/8728/baby_g_6cb9a5e672.jpg,406,406,49301
79588,7546,0,0,user_pics/7546/photo0_1cb488c2c1.jpg,240,320,16000
86734,650,0,0,user_pics/650/tank.j_66e6fe75bc.jpg,258,258,37696
152581,3584,0,0,user_pics/3584/120657_4b85a35294.jpg,300,300,11189
173772,11344,0,0,user_pics/11344/albino_146f06623a.jpg,450,300,28686
4499,0,0,0,user_pics/anonymous/albums/tankgallery/1_G.jpg,400,147,15272
181752,13802,0,0,user_pics/13801/cam002_53a479048c.jpg,328,383,43155
10758,0,0,0,user_pics/anonymous/01_Rusty2006-04-17.JPG,320,190,21331
147664,3584,0,1,user_pics/3584/stop_h_1c5fa43ea9.jpg,512,512,10668
101015,1987,0,0,user_pics/1987/new-or_0c58892185.jpg,259,300,14605
3178,0,0,0,user_pics/anonymous/albums/malawi/Phenochilus.jpg,500,294,78215
98161,3584,0,0,user_pics/3584/61-610_2f5e70a0c8.jpg,400,340,38142
127804,10527,1,0,user_pics/10527/adopte_0c5b35f495.jpg,377,377,18408
67166,6243,0,0,user_pics/6243/6243____file_01_dsc03049.jpg,498,374,49506
131563,10498,0,0,user_pics/10498/3k53m7_0f00ff2471.jpg,300,225,4790
80485,7806,0,0,user_pics/7806/pictur_b8094a7514.jpg,448,336,89450
76202,7488,0,0,user_pics/7488/007.jp_3fe03fac24.jpg,448,299,31890
109387,9528,0,0,user_pics/9528/abc.jp_fd3b51d169.jpg,512,384,42535
4682,50,0,1,user_pics/50/01_guapote.jpg,314,190,11143
90871,8529,0,0,user_pics/8529/img_02_6bfd6dff4c.jpg,324,178,17733
69510,6974,0,0,user_pics/6974/6974____file_01_setup.bmp,250,188,141430
4907,0,0,0,user_pics/anonymous/01_IM000148.JPG,318,287,43212
2364,0,0,0,user_pics/anonymous/albums/american/Dempsey_JUV.jpg,600,400,45213
166747,12755,0,0,user_pics/12755/double_cec4c85862.jpg,226,134,5365
66972,3130,0,0,user_pics/3130/3130____file_02_121.bmp,541,466,756838
155788,10784,0,0,user_pics/10784/photo-_a1b5739d7b.jpg,320,480,253724
174720,11584,0,0,user_pics/11584/644230_3e933cd038.jpg,400,300,63914
141463,11299,0,0,user_pics/11299/img003_9d9d84f4c9.jpg,528,400,66414
157409,11479,0,0,user_pics/11479/conv_j_7730af5471.jpg,320,240,13207
166947,12539,0,0,user_pics/12539/img_28_3616a36024.jpg,520,327,54463
44099,2077,0,0,user_pics/2077/01_bigjim2.jpg,513,355,51312
63479,5083,0,0,user_pics/5083/5083____file_01_dsc03270.jpg,600,400,17615
66492,6620,0,0,user_pics/6620/6620____file_01_0802082155.jpg,450,338,25823
161181,8887,0,0,user_pics/8887/electr_c985ebf1d1.jpg,320,240,19814
170281,11877,0,0,user_pics/11877/31cfd8_1579eac475.jpg,400,600,23584
31868,0,0,0,user_pics/anonymous/01_wot_tha.jpg,280,282,22456
27850,0,0,0,user_pics/anonymous/01_th_johannif.jpg,160,120,4329
91896,5829,0,0,user_pics/5829/dsc062_e55ca5be68.jpg,480,320,86616
35946,3942,0,0,user_pics/3942/01_63b7605cee.jpg,430,323,37023
54547,5563,0,0,user_pics/5563/01_Image10.jpg,480,360,95525
172001,12944,0,0,user_pics/12944/rt_jpg_f765fd456b.jpg,403,403,21316
185968,14316,0,0,user_pics/14316/fish_3_f23c26e9e1.jpg,324,243,27985
22820,2089,0,0,user_pics/2089/01_DSC00358.JPG,448,298,48659
3490,0,0,0,user_pics/anonymous/albums/malawi/Pl_phenochilus_lupingu_001.jpg,500,328,96891
153564,11984,0,0,user_pics/11984/kenyi-_b0e92cb611.jpg,500,376,15941
5782,0,0,0,user_pics/anonymous/01_JackDemCJ.jpg,296,224,19672
40609,123,0,0,user_pics/123/01_Brichardi_vs._Julidochromis.jpg,487,348,46929
168720,12873,0,0,user_pics/12873/images_502ed5e2de.jpg,256,126,6722
29058,2986,0,0,user_pics/2986/01_Copadichromis_chrysonotus_IMG_2802.JPG,548,463,69834
116,0,0,0,user_pics/anonymous/albums/tankgallery/30G118041.jpg,316,500,235747
171317,2114,0,0,user_pics/2114/striga_07443a1238.jpg,450,368,86070
495,0,0,0,user_pics/anonymous/albums/Sand-Tanks/akwa201.jpg,550,320,87346
3195,0,0,0,user_pics/anonymous/albums/malawi/29GallonJuvieTank5Resize.jpg,504,304,83564
3263,0,0,0,user_pics/anonymous/albums/malawi/Taeniolethrinops_furcicauda.jpg,400,153,66707
15809,1061,0,0,user_pics/1061/01_HPIM0874.JPG,320,238,52896
32749,3476,0,0,user_pics/3476/01_retouched_saulosi,360,270,1256858
3599,0,0,0,user_pics/anonymous/albums/malawi/Tholahoved.jpg,500,333,124786
66513,5674,0,0,user_pics/5674/5674____file_01_2008_0801fish0086.jpg,450,338,51227
150952,10784,0,0,user_pics/10784/sulfer_469d3c0e6a.jpg,240,320,52257
62396,5588,0,0,user_pics/5588/5588____file_01_fish.jpg,300,225,4947
116742,5784,0,0,user_pics/5784/im_bac_4babcc60f9.jpg,130,97,27987
28300,2956,0,0,user_pics/2956/01_jack1_8eb92cd6818705efe545fe5c6fc0539d.jpg,170,127,5083
15148,1190,0,0,user_pics/1190/02_8.jpg,495,408,36299
8522,438,0,1,user_pics/438/01_acara1.jpg,452,600,39098
102364,6149,0,0,user_pics/6149/female_d2b337efd7.jpg,567,378,183367
6672,0,0,0,user_pics/anonymous/01_Top_75_tank_Dec_15_05_007x7c.jpg,504,246,99362
178307,12475,0,0,user_pics/12475/e9cdae_1b509d6e49.jpg,450,338,100142
139351,11203,0,0,user_pics/11203/kaiser_0940959910.jpg,541,345,158666
2475,0,0,0,user_pics/anonymous/albums/american/Zebra.jpg,494,371,60384
110430,3130,0,0,user_pics/3130/male_k_d67eebbdbb.jpg,370,167,26134
171617,13087,0,0,user_pics/13087/135179_1404b159bc.jpg,599,338,53837
135522,10816,0,0,user_pics/10816/false__1e307f647e.jpg,320,240,55612
177118,12873,0,0,user_pics/12873/9645e1_bc83a436e6.jpg,450,338,51928
128864,10592,0,0,user_pics/10592/288_jp_9bf5af6cd0.jpg,400,300,33506
66522,5311,0,0,user_pics/5311/5311____file_01_3565681662454491af9fd297700f8c0c.jpg,450,360,19845
89963,8330,0,0,user_pics/8330/6d183f_6a8cc9b0eb.jpg,450,338,84411
3291,0,0,0,user_pics/anonymous/albums/malawi/cyn_afra_Cobue.jpg,500,274,80838
169075,12937,0,0,user_pics/12937/driod__38dc0153b7.jpg,408,230,36805
122455,9894,0,0,user_pics/9894/questi_9370abb640.jpg,300,303,26658
21862,2192,0,0,user_pics/2192/01_fish_5.jpg,319,213,65015
60884,3584,0,0,user_pics/3584/06_066.JPG,450,338,51661
163103,7776,1,0,user_pics/7776/la_jpg_70fec2b4a1.jpg,180,180,9795
62685,4827,0,0,user_pics/4827/4827____file_01_poppa.jpg,479,511,175987
170021,2114,0,0,user_pics/2114/steato_2edfa44b05.jpg,288,192,23139
3290,0,0,0,user_pics/anonymous/albums/malawi/Cop_Mloto_likoma.jpg,500,265,79116
177119,12873,0,0,user_pics/12873/f31308_6c28ccd1fc.jpg,130,97,11507
93418,4215,0,0,user_pics/4215/wallac_d5d1027760.jpg,314,209,34772
43071,4550,0,0,user_pics/4550/01_112507170953.jpg,320,240,30707
22127,26,0,0,user_pics/26/01_Kenyi__juvies_20_gal_Dec_06_002x7.jpg,362,504,160468
10119,0,0,0,user_pics/anonymous/03_oscar_fb737be38b7a1cd9b95c69eb39ba3e3a.jpg,434,368,75519
104964,8944,0,0,user_pics/8944/dsc038_0fefe84c33.jpg,497,274,83735
94509,8728,0,0,user_pics/8728/id.jpg_5fd50b7416.jpg,406,406,55819
8875,438,0,0,user_pics/438/01_GT1.jpg,600,595,70648
55292,5704,0,1,user_pics/5704/01_ann.jpg,154,109,4739
3678,0,0,0,user_pics/anonymous/albums/malawi/DSC00293_s.jpg,500,375,65205
175248,12944,0,1,user_pics/12944/baha_j_69e1eb5bc4.jpg,398,398,24624
35853,3858,0,0,user_pics/3858/01_untitled6.bmp,320,240,230454
15017,0,0,0,user_pics/anonymous/01_fishtank.JPG,450,300,45453
3188,0,0,0,user_pics/anonymous/albums/malawi/HangingAround.jpg,540,334,81262
15889,0,0,0,user_pics/anonymous/06_fish3.jpg,296,224,28128
147575,11418,0,0,user_pics/11418/017_jp_3c14ee3387.jpg,400,300,31915
11658,26,0,0,user_pics/26/01_Eye_Biter_11_05_003x7c.jpg,504,349,130931
170127,2114,0,0,user_pics/2114/spilon_641a3e533c.jpg,360,342,18997
65039,6486,0,0,user_pics/6486/6486____file_01_downsized_1223071612-1-.jpg,600,450,46529
76098,6092,0,0,user_pics/6092/torped_1e878cae46.jpg,593,447,83817
19171,1061,0,0,user_pics/1061/01_HPIM1373.JPG,320,180,57382
153120,11832,0,0,user_pics/11832/1inred_b8df3be230.jpg,562,383,33711
147405,11418,0,0,user_pics/11418/013_jp_9cc80905f3.jpg,496,368,31551
4921,0,0,1,user_pics/anonymous/02_mario_haa.bmp,513,432,665334
115047,8333,0,0,user_pics/8333/photo0_87017c6992.jpg,400,240,43606
10577,0,0,0,user_pics/anonymous/01_picture037.jpg,240,320,14660
152104,11915,0,0,user_pics/11915/texas__9880ee92d1.jpg,160,87,3777
115085,7776,1,0,user_pics/7776/getatt_7b6179ea60.jpg,600,450,76139
7203,0,0,0,user_pics/anonymous/01_2_3169ae4cd8877b32a249430990466f32.jpg,360,270,24162
183479,11502,0,0,user_pics/11502/201311_368800c6c2.jpg,400,320,18831
83571,1840,0,0,user_pics/1840/s73094_6ce4602147.jpg,538,404,61785
30070,0,0,0,user_pics/anonymous/01_161004122_531399280_0.jpg,506,381,56556
88188,5829,0,0,user_pics/5829/dsc056_610b4b2dad.jpg,480,320,89780
113538,8553,0,1,user_pics/8553/a46aa8_fd9c81cc2f.jpg,450,338,444717
21247,2089,0,0,user_pics/2089/01_DSC00346.JPG,448,298,56101
61408,1579,1,0,user_pics/1579/01_Zoo_Trip_120.jpg,500,375,49245
170114,12647,0,0,user_pics/12654/img229_7c9003e7b0.jpg,480,480,28499
38851,4233,0,0,user_pics/4233/01_Picture_540.jpg,295,439,70312
3212,0,0,0,user_pics/anonymous/albums/malawi/Sciaenochromis_Gracilis.jpg,500,169,79997
61510,3584,0,0,user_pics/3584/07_061.JPG,450,338,44705
2188,0,0,0,user_pics/anonymous/albums/user_gallery/IM000010.jpg,433,325,75275
21395,2114,0,0,user_pics/2114/01_feeding_frenzy_2_edit.jpg,600,450,195549
99326,8728,0,0,user_pics/8728/gt.jpg_44f57edbe4.jpg,406,406,59719
37793,4147,0,0,user_pics/4147/01_fish_for_email.jpg,283,213,21307
32509,2192,0,0,user_pics/2192/02_smalljd13.jpg,479,584,235881
186616,14437,0,0,user_pics/14437/image__64333cda62.jpg,200,150,12866
8500,0,0,0,user_pics/anonymous/01_convict5.jpg,587,600,54181
13743,0,0,0,user_pics/anonymous/01_ap-viejita.jpg,200,150,6437
153882,9669,0,0,user_pics/9669/aquari_5314da78bc.jpg,225,225,35031
3509,0,0,0,user_pics/anonymous/albums/malawi/trewavasthumbiwest.jpg,600,245,123585
20666,1649,0,0,user_pics/1649/01_zrock.bmp,420,315,396954
149349,11763,0,0,user_pics/11763/tiger__f2090a270b.jpg,350,350,29590
116005,6149,0,0,user_pics/6149/red_te_9b2c12854b.jpg,567,378,157002
26727,1579,1,0,user_pics/1579/01_NEW_018.jpg,450,338,33780
87967,8302,0,0,user_pics/8302/052809_17b197e73c.jpg,240,320,25641
94094,8721,1,0,user_pics/8721/pm3_14_d39423b07c.jpg,500,451,80257
153723,11832,0,0,user_pics/11832/rubclo_2913726f60.jpg,430,324,22054
58729,2626,0,0,user_pics/2626/01_DSC01046.jpg,360,202,40866
173386,12552,0,0,user_pics/12552/img_20_bc567d00c0.jpg,230,226,4071
80090,6936,0,0,user_pics/6936/img010_c0ca9fd9e4.jpg,480,384,18985
1016,0,0,0,user_pics/anonymous/albums/tankgallery2/75_gal_tank_July_05_006x7.jpg,504,207,101417
103461,8728,0,0,user_pics/8728/ghxfhs_96dd4886dc.jpg,258,258,34971
3858,0,0,0,user_pics/anonymous/albums/african/Juvies3.jpg,493,260,41119
162689,12308,0,0,user_pics/12308/questi_d5ff63d709.jpg,124,157,4224
73504,7191,0,0,user_pics/7191/7191____file_01_l_9235488539ce45cab8c0b84b5766447c.jpg,600,413,44226
78744,5829,0,0,user_pics/5829/dsc048_d03d486d44.jpg,480,320,88916
20572,1649,0,0,user_pics/1649/01_back_cobwe.bmp,400,300,360054
42204,4550,0,0,user_pics/4550/01_111807162506.jpg,320,240,30949
1243,0,0,0,user_pics/anonymous/albums/album22/Bluegill.jpg,360,236,40193
61453,3584,0,1,user_pics/3584/07_058.JPG,450,338,50670
94692,5829,0,0,user_pics/5829/dsc067_9303673faa.jpg,480,320,84528
98540,9009,0,0,user_pics/9009/mar_09_75cef251e8.jpg,424,318,87418
20571,1649,0,0,user_pics/1649/01_cobwe.bmp,400,300,360054
167551,12755,0,0,user_pics/12755/chailo_b7fbf5b683.jpg,218,131,5550
182383,13802,0,0,user_pics/13802/cam011_c1e28fd40e.jpg,428,224,33406
18212,1707,0,0,user_pics/1707/20_Picture_002.jpg,581,436,73761
187819,14639,0,0,user_pics/14639/image__1386fb404f.jpg,361,340,37373
22050,2014,0,0,user_pics/2014/02_Family_159.jpg,512,264,36596
60428,3868,0,0,user_pics/3868/01_b_ram.jpg,285,228,13017
61483,3584,0,0,user_pics/3584/62_002.JPG,450,338,41433
19819,1597,0,0,user_pics/1597/01_img081.jpg,470,295,15298
3487,0,0,0,user_pics/anonymous/albums/malawi/Mel_lupingu_pearl1_001.jpg,500,206,90170
68123,6092,0,0,user_pics/6092/6092____file_01_08-06-08_0010.jpg,320,240,11220
104588,9369,0,0,user_pics/9369/20gal._fb8c87aece.jpg,512,384,24678
15081,1122,0,0,user_pics/1122/01_balthazar1.jpg,325,212,9174
96970,8767,0,0,user_pics/8767/whodat_649c2022dd.jpg,190,70,1208
79983,7574,0,0,user_pics/7574/img_31_915fbea418.jpg,366,268,48255
29313,2041,0,0,user_pics/2041/01_P1000809.JPG,512,340,40058
90684,5603,0,0,user_pics/5603/pict01_03afe8b6e9.jpg,575,383,88984
51737,5339,0,1,user_pics/5339/01_zebra_pleco.jpg,500,353,32984
6242,0,0,0,user_pics/anonymous/02_DCP_0002.JPG,576,432,76065
76587,7525,0,1,user_pics/7525/3745_2_aa58140205.jpg,400,300,43114
94297,8728,0,0,user_pics/8728/group._abaa373128.jpg,406,406,53016
52993,5484,0,0,user_pics/5484/01_P1000852.JPG,423,233,34095
53708,5521,0,0,user_pics/5521/01_c75c_1.JPG,400,261,22200
93151,7113,0,0,user_pics/7113/cd796a_3e01b7a31c.jpg,116,145,3585
17970,0,0,1,user_pics/anonymous/01_a96c.jpg,480,320,32908
52895,4827,0,1,user_pics/4827/01_baaaaaaad_idea_by_100pxsquare.jpg,100,100,31349
188091,14390,0,0,user_pics/14390/101377_0db90bd440.jpg,418,428,72460
175839,12475,0,0,user_pics/12475/aquato_c563097050.jpg,600,600,20256
465,0,0,0,user_pics/anonymous/albums/Sand-Tanks/malawi_storm_oficial.jpg,600,396,56626
54985,5671,0,0,user_pics/5671/01_th_0ca525b2.jpg,160,120,3498
95312,5829,0,0,user_pics/5829/dsc068_fbbe88b13b.jpg,480,320,79080
38904,4233,0,0,user_pics/4233/03_Picture_462.jpg,567,347,129436
115679,8728,0,0,user_pics/8728/2_jpg_239afea413.jpg,258,258,53255
8943,477,0,0,user_pics/477/01_Daffodil.jpg,450,337,58581
173499,13202,0,0,user_pics/13202/ghost__f32e5e9a74.jpg,221,166,8860
16567,0,0,1,user_pics/anonymous/0____file_9999_02_Image043.jpg,320,240,26428
152802,10794,0,0,user_pics/10794/chai01_f895126325.jpg,575,400,105171
179144,12937,0,0,user_pics/12937/img951_c62e711d4d.jpg,360,480,39831
37488,1579,1,0,user_pics/1579/1579____file_9999_09_FISH_045.jpg,500,375,44978
130633,9482,0,0,user_pics/9482/downsi_0f3d752841.jpg,512,384,32138
22092,0,0,0,user_pics/anonymous/02_Family_291.jpg,456,333,33548
179248,13592,0,0,user_pics/13592/unknow_be042d709a.jpg,480,270,37732
52800,5447,0,0,user_pics/5447/01_99red_030.JPG,320,151,12291
10675,540,0,0,user_pics/540/01_mob_1.jpg,400,181,43905
94595,5829,0,0,user_pics/5829/dsc066_b13866fd5d.jpg,480,320,77209
98257,5065,0,0,user_pics/5065/daves__b762882dcb.jpg,600,450,32067
101207,9176,0,1,user_pics/9176/albino_4abe6b858d.jpg,319,239,40414
36606,26,0,0,user_pics/26/01_Red_Top_Zebras_3__1_07_031x7cc.jpg,504,431,132227
98541,9009,0,0,user_pics/9009/mar_09_796f8abf99.jpg,424,318,72642
55040,5624,0,0,user_pics/5624/02_cichlids_018.jpg,598,600,211405
48651,4294,0,0,user_pics/4294/01_Stimpy_IMG_7041.JPG,600,450,61191
32242,3462,0,0,user_pics/3462/07_Picture_081.jpg,429,267,37214
62053,6181,0,0,user_pics/6181/6181____file_01_tropheus_kacheze_red13-y-.jpg,340,450,45163
6480,0,0,0,user_pics/anonymous/01_pic13.jpg,160,120,6332
177775,12475,0,0,user_pics/12475/91cc2d_6df666cd8f.jpg,450,254,47139
98916,6149,0,0,user_pics/6149/syns4._c22b505851.jpg,567,378,207653
81421,7652,0,0,user_pics/7652/1_5114_f01e88b614.jpg,337,600,26764
93571,5829,0,0,user_pics/5829/dsc064_782c1dedd2.jpg,480,320,91363
39512,4164,0,0,user_pics/4164/01_5_of_them_thinking_food_time.jpg,586,500,66970
94090,8721,1,0,user_pics/8721/pm3_00_7b311e5abf.jpg,500,375,47682
49657,5028,0,0,user_pics/5028/01_BumbleBEE.jpg,300,225,115654
42172,4344,0,0,user_pics/4344/02_pinky.jpg,320,240,14519
39491,3925,0,0,user_pics/3925/01_salt.JPG,400,270,162310
148880,10137,0,0,user_pics/10137/ask-a-_6d88022c1a.jpg,180,180,12173
168693,12898,0,1,user_pics/12898/fa0de9_e3d41ac3c8.jpg,450,338,55110
3157,0,0,0,user_pics/anonymous/albums/malawi/Cnv0008.jpg,499,298,22929
147404,11418,0,0,user_pics/11418/003_jp_06d4604f2a.jpg,324,242,25670
151774,11832,0,0,user_pics/11832/stoni__a742368ab5.jpg,534,383,44190
16415,1419,0,1,user_pics/1419/02_Cichli1171.jpg,508,207,8627
36878,4033,0,0,user_pics/4033/11_5.jpg,432,288,220407
138356,11149,0,0,user_pics/11149/128398_39a67919d1.jpg,512,384,34180
187265,11877,0,0,user_pics/12415/103514_dcdb304d1b.jpg,316,395,19591
3015,0,0,0,user_pics/anonymous/albums/malawi/Protomelas_fenestratus_taiwan_reef.jpg,313,140,9354
3482,0,0,0,user_pics/anonymous/albums/malawi/cop_virginalis1_001.jpg,500,395,102328
159696,9894,0,0,user_pics/9894/d5d41d_537ab5c97e.jpg,450,311,54005
101437,4215,0,0,user_pics/4215/clipar_a979b5ea0c.jpg,100,145,1962
132823,10433,0,0,user_pics/10433/2_jpg_bbc32b3aa4.jpg,533,400,105521
2854,0,0,0,user_pics/anonymous/albums/album21/Tanganyika_2.jpg,545,564,47571
3469,0,0,0,user_pics/anonymous/albums/malawi/dsc00011.jpg,600,450,45360
16508,1061,0,0,user_pics/1061/01_HPIM0321.JPG,320,238,70597
170197,12944,0,0,user_pics/12944/fry1_j_676a11f598.jpg,403,403,16957
16246,0,0,0,user_pics/anonymous/01_DSC00088.jpg,360,270,55926
3472,0,0,0,user_pics/anonymous/albums/malawi/aul_maylandi_001.jpg,500,330,100405
8553,438,0,0,user_pics/438/01_venustrus1.jpg,486,383,37660
146586,11590,0,0,user_pics/11590/cichli_6acce1dcd9.jpg,320,240,25359
36567,3900,0,0,user_pics/3900/03_pic4.jpg,170,120,4643
1329,0,0,0,user_pics/anonymous/albums/album22/Fish1.jpg,200,109,5017
85849,5829,0,0,user_pics/5829/dsc054_fbe47afb56.jpg,480,320,73490
74298,984,0,0,user_pics/984/984____file_01_e3b2839e075b36fb28e610454bea356d.jpg,450,338,34317
57369,5874,0,0,user_pics/5874/01_12305081__1186526385__1__1-9e1def538c64397a336e92a7e4a97b32.__big__-1-.jpg,400,300,11523
35771,1061,0,0,user_pics/1061/01_HPIM2037.JPG,239,247,45691
119493,10059,0,0,user_pics/10059/photo0_c2090b2d78.jpg,320,240,10394
22308,2188,0,0,user_pics/2188/01_cobalt_blue_zebra.jpg,430,323,20038
61446,3584,0,0,user_pics/3584/09_055.JPG,450,338,61918
49308,1579,1,0,user_pics/1579/01_New_004.jpg,450,365,72241
97233,8728,0,0,user_pics/8728/fem_re_a93c2bdaa1.jpg,406,406,53919
80034,6952,0,0,user_pics/6952/my_pon_30d9777889.jpg,448,336,99151
55250,3868,0,0,user_pics/3868/01_2a56cfe18c48.jpg,304,228,16789
32111,3451,0,1,user_pics/3451/01_jack-dempsey.jpg,190,113,9389
76951,6888,0,0,user_pics/6888/jacint_d678e3b1c5.jpg,375,500,564054
98662,9008,0,1,user_pics/9008/elonga_f4f789c09f.jpg,169,127,11579
70749,2626,0,0,user_pics/2626/2626____file_01_dsc02287.jpg,360,202,40484
78610,7686,0,0,user_pics/7686/flora__e9eb106065.jpg,349,525,550254
4726,0,0,0,user_pics/anonymous/01_Picture_016.jpg,352,288,10226
79893,7574,0,0,user_pics/7574/img_30_abc0c1c478.jpg,558,348,163101
16724,0,0,0,user_pics/anonymous/01_bacs_006.jpg,600,321,12927
89201,8290,0,0,user_pics/8290/questi_0ce633ae05.jpg,500,375,79445
16419,1419,0,1,user_pics/1419/01_Cichli1352.jpg,493,308,28659
122809,10004,0,0,user_pics/10004/photo-_e6f8d8360c.jpg,400,300,65343
110530,8728,0,0,user_pics/8728/angel._69c088c852.jpg,258,258,33698
60490,5927,0,0,user_pics/5927/01_edited_pics_042.jpg3.jpg,476,349,72931
73987,5913,0,0,user_pics/5913/5913____file_01_12-02-08_2303.jpg,400,528,65690
3956,0,0,0,user_pics/anonymous/albums/african/Copy_of_Tigre.jpg,569,275,53152
17127,0,0,0,user_pics/anonymous/01_groupfish1.jpg,512,239,23460
64889,6439,0,0,user_pics/6439/6439____file_01_081.jpghelp.jpg,282,212,122908
62498,984,0,0,user_pics/984/984____file_01_rt.jpg,430,323,45115
60984,1579,1,0,user_pics/1579/01_FISH_075.jpg,500,375,60768
49255,4114,0,0,user_pics/4114/02_pike_cichlid.jpg,150,113,4949
102363,6149,0,0,user_pics/6149/male_t_d431c84b59.jpg,567,378,196560
21592,123,0,0,user_pics/123/01_white_diamond_5d7be97bba7f36db1abca897394de886.jpg,406,345,284078
172761,11203,0,0,user_pics/11203/dream__4d5641f3b1.jpg,500,375,88674
190794,15532,1,1,user_pics/15532/b797ee84-3d8c-4612-b911-dcd88636ba5c_download_2_.jpg,264,191,7337
59020,5492,0,0,user_pics/5492/01_jack04-15-08.jpg,450,600,127320
89976,7981,0,0,user_pics/7981/3054b5_328da995c9.jpg,160,120,4553
123318,9642,0,0,user_pics/9642/lwanda_4df998f7bc.jpg,485,181,65756
3023,0,0,0,user_pics/anonymous/albums/malawi/labido_yellow.jpg,550,413,54666
121713,5674,0,0,user_pics/5674/img_35_960d38db8b.jpg,512,450,91699
41645,4520,0,0,user_pics/4520/01_frankiethefish.jpg,600,450,63914
81249,5829,0,0,user_pics/5829/dsc050_6918f08a07.jpg,480,360,92514
10288,595,0,1,user_pics/595/01_Picture_057.bmp,352,288,304182
12022,0,0,0,user_pics/anonymous/01_Carpintis_02.jpg,500,362,55142
24199,2114,0,0,user_pics/2114/01_new_blue_4_edit.jpg,342,270,42202
86408,8204,0,0,user_pics/8204/1njdgc_6e5eb1b218.jpg,150,113,5150
140043,3584,0,1,user_pics/3584/701d5f_b4059411f2.jpg,450,298,101305
67955,2953,0,0,user_pics/2953/2953____file_01_ry1119_99.jpg,250,250,25404
139265,9733,0,0,user_pics/9733/me_20a_cdd175c95d.jpg,192,256,10631
7573,0,0,0,user_pics/anonymous/01_12-01-06_2106.jpg,160,120,4290
13186,26,0,0,user_pics/26/01_dolphin_in_55_2__7_21_06_007x7c.jpg,504,379,184415
61886,1579,1,0,user_pics/1579/1579____file_01_New_096.jpg,500,281,42992
173682,13087,0,0,user_pics/13087/135665_58344db40f.jpg,540,405,153676
127421,4215,0,0,user_pics/4215/dscn54_3dbadc6640.jpg,448,192,53653
38107,1579,1,0,user_pics/1579/1579____file_9999_23_FISH_006.jpg,500,375,55647
110295,3130,0,0,user_pics/3130/peacoc_80eebabc11.jpg,423,292,36492
116102,8728,0,0,user_pics/8728/boy_bo_2fa1d8f1d3.jpg,258,258,31306
147437,11634,0,0,user_pics/11634/111111_b22bc902ed.jpg,458,400,42606
189242,14908,0,1,user_pics/14908/video__38f060cb7b.jpg,1,1,43
4828,0,0,0,user_pics/anonymous/01_FISHY.JPG,450,300,16696
17777,1629,0,0,user_pics/1629/01_348%3A3%3C33%3A%7Ffp367%3Evq%3D32%3B5%3E%3A74%3E265%3EWSNRCG%3D3234%3C8%3C9%3B2774vq0mrj.jpg,96,72,3851
75609,7420,0,0,user_pics/7420/p10102_56a1aa7529.jpg,448,336,33550
100492,9120,0,0,user_pics/9120/phi_06_ae2cf4e549.jpg,347,400,37640
10636,0,0,0,user_pics/anonymous/01_Tathar.JPG,376,562,48399
98928,6149,0,0,user_pics/6149/red_te_20666c1e5b.jpg,567,378,138157
98921,6149,0,0,user_pics/6149/red_te_170d8c4991.jpg,567,378,124169
4044,0,0,0,user_pics/anonymous/albums/other/Synodontis_multipunctatus.jpg,400,290,26252
178187,13500,0,1,user_pics/13500/dead_j_f61dca704d.jpg,450,248,69564
178828,8447,0,0,user_pics/8447/taiwan_923dd0c926.jpg,403,303,58887
129752,10605,0,0,user_pics/10605/img_20_fa2104cdb9.jpg,494,387,23842
78366,7546,0,0,user_pics/7546/pictur_34b416392f.jpg,240,180,27011
4449,0,0,0,user_pics/anonymous/albums/tankgallery/My_Tank_Amazonas_Ia.jpg,500,305,69880
171072,12873,0,0,user_pics/12873/fish_f_32fda912a3.jpg,126,76,28934
188296,13363,0,0,user_pics/13363/tetra__5891355346.jpg,520,316,20439
80713,6447,0,0,user_pics/6447/yellbu_c1c536ec16.jpg,367,245,14481
134946,10816,0,0,user_pics/10816/red_em_af0004c8b8.jpg,320,240,43874
86582,8210,0,0,user_pics/8210/fish23_550ae97bdf.jpg,500,375,101438
171830,12937,0,0,user_pics/12937/img951_01929c31ba.jpg,480,258,27972
103518,9300,0,0,user_pics/9300/pictur_f866b1d9dd.jpg,320,240,25124
3159,0,0,0,user_pics/anonymous/albums/malawi/Cnv0014.jpg,499,328,38503
39486,3925,0,0,user_pics/3925/01_puffer.jpg,400,247,160102
41941,2756,0,0,user_pics/2756/01_G.T_1.jpg,410,410,26945
23598,2454,0,0,user_pics/2454/02_27-03-07_0050.jpg,320,240,48896
52469,5428,0,0,user_pics/5428/04_tank1_dup_1339805583.jpg,320,240,17073
144377,3584,0,1,user_pics/3584/73fcf5_4cd75dce48.jpg,130,97,49432
100299,8728,0,0,user_pics/8728/shes_r_93fd3cb775.jpg,406,406,50313
4445,0,0,0,user_pics/anonymous/albums/tankgallery/My_Tank_Rocky_I.jpg,500,277,94250
174619,5603,0,1,user_pics/5603/p03108_0a0a71997a.jpg,150,100,24061
134918,9174,0,0,user_pics/9174/img_63_ce66ea5435.jpg,560,420,40953
35146,3816,0,0,user_pics/3816/01_IMAGE015.jpg,320,240,22532
52796,4827,0,0,user_pics/4827/01_albino2.jpg,480,526,136530
69799,5913,0,0,user_pics/5913/5913____file_01_10-09-08_2218.jpg,288,400,69022
9728,0,0,0,user_pics/anonymous/01_perfectterror001.jpg,352,288,46367
13901,0,0,0,user_pics/anonymous/01_Fish-tank.jpg,546,600,64141
9321,0,0,0,user_pics/anonymous/01_unknown_19ae1c5ef1e0b01835b51e7ddb640b61.jpg,160,120,7096
60970,3584,0,0,user_pics/3584/03_091.JPG,450,338,53658
125236,8621,0,0,user_pics/8621/copper_3ba98cf8d7.jpg,442,272,105271
143313,9210,0,0,user_pics/9210/fr_jpg_3860f03697.jpg,320,217,34973
181796,13802,0,0,user_pics/13802/cam004_96cd75918d.jpg,430,307,47036
13567,895,0,0,user_pics/895/01_164503.jpg,441,330,19040
49450,5139,0,1,user_pics/5139/01_Sep30_0005.jpg,101,76,1524
61347,3584,0,0,user_pics/3584/38_017.JPG,450,338,55697
180045,2114,0,0,user_pics/2114/birthd_aed87472a0.jpg,534,304,36925
10223,0,0,1,user_pics/anonymous/01_New_Image.BMP,352,288,304182
164585,2439,0,0,user_pics/2439/2012-0_bb7b17df60.jpg,480,480,60974
4147,0,0,0,user_pics/anonymous/albums/other/TheBossLady.jpg,600,450,206109
152296,8210,0,0,user_pics/8210/sany31_f3d08c067d.jpg,592,432,97132
171520,13080,0,0,user_pics/13080/135537_7444671a7c.jpg,320,240,48281
60929,984,0,0,user_pics/984/01_100_7776_edited.jpg,487,397,18130
50594,5224,0,0,user_pics/5224/01_nemo.JPG,500,375,59305
159837,8887,0,0,user_pics/8887/photo0_9d1c3afaba.jpg,320,240,11403
175620,13254,0,1,user_pics/13254/201302_34a3db379f.jpg,293,193,16000
189477,1840,0,1,user_pics/1840/2015-1_c864cfb404.jpg,285,231,112355
76099,6092,0,0,user_pics/6092/killro_49b356d6cf.jpg,593,447,73965
98082,5829,0,0,user_pics/5829/dsc070_6aaa0977e0.jpg,480,320,88871
9554,0,0,0,user_pics/anonymous/01_100_0531.jpg,500,375,51843
26982,2539,0,0,user_pics/2539/02_04-25-07_1516.jpg,320,240,28987
153948,1702,0,0,user_pics/1702/fotofl_50af29ec77.jpg,506,428,127061
49828,5028,0,0,user_pics/5028/01_Blue.JPG,450,338,145906
51739,5339,0,1,user_pics/5339/01_Frontosa.jpg,400,264,58806
71688,5896,0,0,user_pics/5896/5896____file_01_1101082002.jpg,320,240,25180
84467,2929,0,0,user_pics/2929/fish02_df26164581.jpg,448,336,38965
171528,13080,0,0,user_pics/13080/img_20_f8a6b47d78.jpg,320,240,28882
8521,438,0,0,user_pics/438/01_aqua15.jpg,600,452,76447
170126,2114,0,0,user_pics/2114/sp_44__92fdadb2ac.jpg,450,361,144105
29958,2957,0,0,user_pics/2957/01_0604072032.JPG,408,306,23206
49700,1579,1,0,user_pics/1579/01_New_045.jpg,450,371,77498
94175,8740,1,0,user_pics/8740/new_01_c89695fa17.jpg,500,375,65872
108852,5674,0,0,user_pics/5674/img_06_b718148ba3.jpg,530,384,82744
32187,3450,0,1,user_pics/3450/01_Electric_Blue_Jack_Dempsey.JPG,354,212,36656
135178,8744,0,0,user_pics/8744/questi_68bc7c6b8b.jpg,300,303,26658
26388,1509,0,0,user_pics/1509/01_Cichlasoma_dimerus.jpg,368,248,19808
158848,10784,0,0,user_pics/10784/ddd_jp_0f61d376d4.jpg,240,320,44237
41344,4494,0,0,user_pics/4494/02_1366345112_5f845732cd.jpg,500,205,116115
116517,9733,0,0,user_pics/9733/pictur_e2c1537c98.jpg,320,238,47723
175100,12243,0,0,user_pics/12243/images_83fcb00e20.jpg,179,281,4446
96794,8672,0,0,user_pics/8672/sammic_5c7b3806c4.jpg,425,397,54195
21181,2012,0,0,user_pics/2012/01_p_89778.jpg,216,168,6953
12682,0,0,0,user_pics/anonymous/01_Image040.jpg,320,240,25428
4727,0,0,0,user_pics/anonymous/01_Picture_008.jpg,352,288,11818
145280,3584,0,1,user_pics/3584/161114_c50ead8a45.jpg,180,135,5459
1216,0,0,0,user_pics/anonymous/albums/album22/6964470274_235_1.jpg,239,196,11236
93416,1978,0,0,user_pics/1978/mana1._0c98c18fc4.jpg,200,150,8172
21415,2114,0,0,user_pics/2114/01_african_work_feb_26_edit.jpg,600,450,156700
21170,2099,0,0,user_pics/2099/02_firem_100.jpg,400,300,54633
139325,8178,0,0,user_pics/8178/96ceae_55b6ce80e3.jpg,450,338,136701
50627,5222,0,1,user_pics/5222/01_afra_hai_reef.jpg,200,145,12078
21024,2089,0,0,user_pics/2089/01_006.JPG,448,298,26738
24018,2306,0,0,user_pics/2306/02_medium_bow.jpg,600,450,37997
25718,2679,0,0,user_pics/2679/01_4_tanks_#1.jpg,320,240,47211
26073,2558,0,0,user_pics/2558/02_c8c4_1.jpg,400,296,23627
35147,3816,0,0,user_pics/3816/02_IMAGE004.jpg,320,240,22668
157940,12231,0,0,user_pics/12231/88_jpg_4a317392fe.jpg,226,127,7742
71900,7125,0,0,user_pics/7125/7125____file_01_1107080657-1-.jpg,320,240,14582
135298,8744,0,0,user_pics/8744/questi_0666f23615.jpg,300,303,26658
14518,1061,0,0,user_pics/1061/01_HPIM0103.JPG,238,320,90929
125028,9805,0,0,user_pics/9805/taiwan_698335f64f.jpg,490,434,165811
104619,8672,0,0,user_pics/8672/drsues_b19effc2bd.jpg,393,401,53177
66116,6594,0,0,user_pics/6594/6594____file_01_s7300715.jpg,480,360,24357
25915,2721,0,0,user_pics/2721/02_fish_2.jpg,600,450,40081
4858,50,0,1,user_pics/50/02_malawi7.jpg,250,168,10032
38100,4160,0,1,user_pics/4160/06_tank3.jpg,600,450,214918
178457,12873,0,0,user_pics/12873/ebf09e_97a8b6e4fb.jpg,150,74,3279
118961,10020,0,0,user_pics/10020/img000_3b04630ab3.jpg,320,240,26849
127664,10505,0,0,user_pics/10505/dsc006_b77759c895.jpg,360,270,60373
64244,5311,0,0,user_pics/5311/5311____file_01_royalparade.jpg,302,344,22837
138484,10493,0,0,user_pics/10493/ngara__9973c0acc7.jpg,600,400,43852
171020,7239,0,1,user_pics/7239/490665_51fb3ab7af.jpg,600,416,67202
141794,3584,0,1,user_pics/3584/b7dq00_ae4aa7c54f.jpg,338,450,44281
16975,1498,0,0,user_pics/1498/01_convictb.jpg,432,323,31576
10275,595,0,1,user_pics/595/01_Picture_073.bmp,352,288,304182
77575,5154,0,0,user_pics/5154/100_50_670485c679.jpg,566,425,210163
126565,10137,0,0,user_pics/10137/ask-a-_d9890bfcc3.jpg,180,180,12173
20822,2052,0,0,user_pics/2052/01_geo_bras_young_2.bmp,352,288,202818
122339,10128,0,0,user_pics/10128/questi_5fb85d745f.jpg,136,205,83694
105773,8853,0,0,user_pics/8853/pangas_1ae9177d37.jpg,461,328,68690
11608,0,0,0,user_pics/anonymous/01_my_fish.bmp,320,240,230454
51640,4294,0,0,user_pics/4294/01_Ornatus.JPG,600,379,49060
13423,0,0,1,user_pics/anonymous/01_Frontosa%20Tank-2.jpg,550,293,52250
75736,7420,0,0,user_pics/7420/p10200_f5d8046e61.jpg,448,336,47196
189373,14331,0,0,user_pics/14331/2015-1_e69420b1aa.jpg,578,512,22364
19044,1061,0,0,user_pics/1061/01_HPIM1347.JPG,319,212,48473
101220,3584,0,0,user_pics/3584/205413_8abf65e580.jpg,500,384,116326
23443,0,0,0,user_pics/anonymous/04_Cichlid.jpg,450,300,38972
29970,3182,0,1,user_pics/3182/01_c-frontosa-7stripe.jpg,300,237,59137
163381,12525,0,0,user_pics/12525/oscar__c1df38f60e.jpg,403,403,18483
80307,7574,0,0,user_pics/7574/img_34_685213c2e2.jpg,551,344,113321
21866,2192,0,0,user_pics/2192/01_uaru1.jpg,303,240,171221
6958,84,0,0,user_pics/84/01_convicts.JPG,480,360,45520
980,0,0,0,user_pics/anonymous/albums/tankgallery2/Before_1.jpg,320,203,62097
47952,26,0,1,user_pics/26/01_th_6330re2.jpg,85,85,5431
109754,9445,0,1,user_pics/9445/pictur_4a97ddab9f.jpg,320,240,16069
109481,9528,0,0,user_pics/9528/tatt.j_4403c65073.jpg,512,384,24214
37396,753,0,0,user_pics/753/01_IMG_0661.JPG,320,240,23039
150132,10137,0,0,user_pics/10137/img_00_36575d434a.jpg,281,383,45350
111235,8031,0,0,user_pics/8031/p30602_fd5b346cd3.jpg,448,336,30961
112200,9733,0,0,user_pics/9733/pictur_54db2c32d1.jpg,386,305,30523
25753,2192,0,0,user_pics/2192/01_geos40.jpg,534,480,291652
60885,3584,0,0,user_pics/3584/06_071.JPG,450,338,42846
32170,0,0,0,user_pics/anonymous/01_Clown_Cat.jpg,269,330,20004
40158,3846,0,0,user_pics/3846/01_cl.bmp,436,295,385914
58478,3821,1,1,user_pics/3821/01_377978856_l.jpg,360,270,10906
134678,9174,0,0,user_pics/9174/img_63_89acc5f347.jpg,445,334,35019
16598,1061,0,1,user_pics/1061/01_HPIM1085.JPG,320,238,44310
57850,4827,0,0,user_pics/4827/01_Severumgang.jpg,501,480,221573
364,0,0,0,user_pics/anonymous/albums/tankgallery/fish_005.jpg,352,288,17795
48660,1579,1,0,user_pics/1579/02_New_019.jpg,450,373,70661
10262,0,0,0,user_pics/anonymous/01_Picture_017.bmp,352,288,304182
131767,9824,0,0,user_pics/9824/timing_265ea6f971.jpg,400,339,13103
78367,7546,0,0,user_pics/7546/p12100_b1d074c805.jpg,320,240,28947
84037,3584,0,0,user_pics/3584/26427._2008c7f7f3.jpg,496,331,65880
2365,0,0,0,user_pics/anonymous/albums/american/FM_2.jpg,600,400,61094
165054,11203,0,0,user_pics/11203/2012-0_ea15378d1e.jpg,555,368,31087
13798,0,0,0,user_pics/anonymous/01_fish~shop~200.jpg,400,300,29768
98918,6149,0,0,user_pics/6149/texas1_ef10e0bb49.jpg,567,378,138719
145175,11513,0,0,user_pics/11513/images_bf3191ba28.jpg,137,92,3132
19181,0,0,0,user_pics/anonymous/01_tiger_54ba4abfcc1f87aeb644d8231be978df.jpg,500,375,17901
96028,8728,0,0,user_pics/8728/2.jpg_2ad11490e2.jpg,406,406,47108
1944,0,0,0,user_pics/anonymous/albums/user_gallery/Indie_Focus_blue_oj.jpg,500,375,51015
48241,5035,0,0,user_pics/5035/24_Picture_027.jpg,448,299,15542
2213,0,0,0,user_pics/anonymous/albums/user_gallery/Blue_neon_Undu_reef.jpg,400,300,28243
49971,4827,0,0,user_pics/4827/01_frontsandjewl.jpg,525,480,181097
15664,1266,0,0,user_pics/1266/10_3.jpg,400,267,20880
108890,9445,0,0,user_pics/9445/photo3_41f772c746.jpg,320,240,19276
165564,12672,0,0,user_pics/12672/img_20_b3e156670a.jpg,428,339,15140
76965,7294,0,0,user_pics/7294/fronto_afed01ffc8.jpg,500,368,17660
14515,1061,0,0,user_pics/1061/01_HPIM0129.JPG,320,238,78095
106064,8887,0,0,user_pics/8887/cichli_0c15cfc048.jpg,480,384,22508
94652,8728,0,0,user_pics/8728/jag.jp_909d931558.jpg,406,406,58044
65190,4304,0,0,user_pics/4304/4304____file_01_img_0707.jpg,595,314,153518
106560,9474,0,0,user_pics/9474/5img_2_8a4a472b49.jpg,490,368,39417
18732,1606,0,0,user_pics/1606/01_2007-01-14_020.JPG,518,381,88086
167189,13514,0,0,user_pics/12280/storm__25c90d5a7d.jpg,300,189,6326
3481,0,0,0,user_pics/anonymous/albums/malawi/cop_virginalis_001.jpg,500,224,99183
98542,9009,0,0,user_pics/9009/mar_09_cbeab13849.jpg,424,318,126838
31478,3280,0,0,user_pics/3280/01_Fish_Tank_087.jpg,160,120,6842
51742,5339,0,1,user_pics/5339/01_disc100.jpg,555,227,18054
1018,0,0,0,user_pics/anonymous/albums/tankgallery2/Midas_Eye_biter_7_9_05_014x7.jpg,504,378,155642
61014,1579,1,0,user_pics/1579/01_NO_FLASH_022.jpg,500,375,50920
28989,0,0,0,user_pics/anonymous/16_2.jpg,258,258,23591
112272,5702,0,0,user_pics/5702/kurt_s_7583f7b8c9.jpg,243,272,48298
106530,9474,0,0,user_pics/9474/5img_2_cda85988f0.jpg,523,392,38642
77717,7543,0,0,user_pics/7543/pictur_2ee8cc51ee.jpg,320,240,31193
8680,342,0,0,user_pics/342/01_severums.jpg,326,246,28784
99100,5829,0,0,user_pics/5829/dsc071_51de3a6369.jpg,480,320,82078
80316,7574,0,0,user_pics/7574/img_34_f05b18ecc0.jpg,576,333,138844
130176,9445,0,0,user_pics/9445/004_jp_47aabf2221.jpg,320,240,19154
74557,5829,0,0,user_pics/5829/5829____file_01_dsc03849.jpg,480,360,93323
187371,14576,0,1,user_pics/14576/festae_8de863a36c.jpg,354,449,92158
3807,0,0,0,user_pics/anonymous/albums/malawi/maleri.jpg,304,228,18038
94238,8728,0,0,user_pics/8728/pacu.j_164f979473.jpg,406,406,53395
29175,2415,0,0,user_pics/2415/01_T._Iintermedius.jpg,320,240,43381
60965,3584,0,0,user_pics/3584/41_012.JPG,450,338,46938
144496,10794,0,0,user_pics/10794/jakesa_8c79a31c81.jpg,500,345,62128
66819,6658,0,0,user_pics/6658/6658____file_01_aug10_0002.jpg,160,120,5818
179070,13268,0,0,user_pics/13268/diggin_86341b2832.jpg,400,400,158350
176499,13363,0,0,user_pics/13363/dblood_3ef692b39c.jpg,600,362,66763
62688,4827,0,0,user_pics/4827/4827____file_01_rossnrachel3.jpg,553,480,160754
61564,1579,1,0,user_pics/1579/01_Pleco_6.jpg,500,375,40948
151986,11832,0,0,user_pics/11832/ol3_jp_3afc54ecc4.jpg,531,338,30511
40195,4372,0,1,user_pics/4372/01__and__No.1502__and__No.1488__and__No.1511_.bmp,413,271,336094
187980,14331,0,0,user_pics/14331/ess141_f265cbd34a.jpg,250,201,21014
105298,9403,0,0,user_pics/9403/17.jpg_dbc071b7c2.jpg,400,240,37746
6301,0,0,0,user_pics/anonymous/01_90219859973_100_1.jpg,104,104,4497
186901,8830,0,0,user_pics/8830/image__4ba48d6a84.jpg,448,353,45868
174320,13070,0,0,user_pics/13070/juvie0_44d299870f.jpg,320,240,23598
95583,8621,0,0,user_pics/8621/blue_t_6e160b410a.jpg,432,411,37499
19032,1748,0,0,user_pics/1748/04_untitled1.jpg,565,353,51266
26713,2539,0,0,user_pics/2539/01_04-23-07_1416.jpg,160,120,6101
3155,0,0,0,user_pics/anonymous/albums/malawi/Cnv0005.jpg,499,329,35076
47383,4977,0,1,user_pics/4977/01_l_b7a356c903ed46028fd1bb3fbf118127.jpg,600,450,20111
19589,199,0,1,user_pics/199/03_blank.jpg,360,360,2760
4680,50,0,1,user_pics/50/50____file_9999_02_TANK.jpg,400,279,57511
190120,15273,0,0,user_pics/15273/3165eb_ed74cf677b.jpg,130,97,29292
180960,12475,0,0,user_pics/12475/_faceb_148eab2521.jpg,280,297,44529
120430,10059,0,1,user_pics/10059/photo0_8398651401.jpg,480,480,63136
93928,8720,0,0,user_pics/8720/314526_aa6704578d.jpg,500,375,152456
55353,5702,0,0,user_pics/5702/04_IMG_0573-1-.JPG,600,450,28740
7583,341,0,0,user_pics/341/02_cichlid.jpg,450,519,62757
10343,0,0,1,user_pics/anonymous/02_New_Image.BMP,352,288,304182
3277,0,0,0,user_pics/anonymous/albums/malawi/Fos_Rostratus.jpg,500,249,77805
113589,8728,0,0,user_pics/8728/blue_a_f93a998e0f.jpg,258,258,58219
28293,2956,0,0,user_pics/2956/01_5_jewl.jpg,170,127,3446
53068,5484,0,0,user_pics/5484/01_P1000934.JPG,354,208,25828
79661,5421,0,0,user_pics/5421/au.jpg_c068daddb1.jpg,140,60,2557
70837,7066,0,0,user_pics/7066/7066____file_01_andrew_juels_new_fish_tank.jpg,500,330,26963
139526,11212,0,0,user_pics/11212/dubois_31ae5340d6.jpg,500,333,119596
176702,12873,0,0,user_pics/12873/start__58bca90dea.jpg,450,450,34231
125316,10406,0,1,user_pics/10406/assbat_1f46394282.jpg,446,336,67172
46410,3071,0,0,user_pics/3071/03_fish_6.jpg,320,240,7707
35148,3816,0,0,user_pics/3816/03_IMAGE007.jpg,320,240,22972
9666,0,0,0,user_pics/anonymous/08_fish1.jpg,504,377,85754
61404,1579,1,0,user_pics/1579/01_Zoo_Trip_087.jpg,500,375,73399
17228,1577,0,0,user_pics/1577/01_F_RJewel.JPG,400,300,28433
110539,8728,0,0,user_pics/8728/2.jpg_6074734583.jpg,258,258,34305
90502,7294,0,0,user_pics/7294/swallo_514c507b1c.jpg,580,378,26822
76886,7546,0,0,user_pics/7546/p26100_5730168134.jpg,320,240,35461
149170,3584,0,0,user_pics/3584/844869_b9dacbdd5a.jpg,125,125,10457
21563,0,0,0,user_pics/anonymous/01_Tank1.JPG,450,338,53336
17937,1206,0,0,user_pics/1206/01_wow.jpg,250,195,16428
60974,1579,1,0,user_pics/1579/01_FISH_066.jpg,500,375,54967
60879,3584,0,0,user_pics/3584/07_046.JPG,450,338,60806
99373,5311,0,0,user_pics/5311/brees2_9c94949c9b.jpg,512,395,53034
53069,5484,0,0,user_pics/5484/01_P1000941.JPG,563,332,33796
96504,8890,0,1,user_pics/8890/dsfdsf_0bc9985649.jpg,133,71,3191
51858,1579,1,0,user_pics/1579/01_New_031.jpg,450,468,59099
105937,9403,0,0,user_pics/9403/p.jpg_5ed32e782a.jpg,400,240,25761
42352,4550,0,0,user_pics/4550/01_111807162329.jpg,320,240,33891
61949,5229,0,0,user_pics/5229/5229____file_01_hpim4403.jpg,600,447,36062
101267,8887,0,0,user_pics/8887/open1b_e189d2d5bb.jpg,480,384,24845
71752,7125,0,0,user_pics/7125/7125____file_01_1105081215-1-.jpg,320,240,21095
86987,8210,0,0,user_pics/8210/fish16_f6e4918976.jpg,500,375,233406
43964,1579,1,0,user_pics/1579/01_me.jpg,321,400,31265
75289,5829,0,0,user_pics/5829/dsc043_207b4227c6.jpg,480,360,90741
1486,0,0,0,user_pics/anonymous/albums/album22/Photo0038.jpg,320,240,11945
175073,13299,0,0,user_pics/13299/136078_fc36bad52d.jpg,408,230,16534
13010,139,0,0,user_pics/139/01_zieklepto1.JPG,577,480,41548
98970,8851,0,0,user_pics/8851/xo_flo_0689437ad9.jpg,360,480,34017
181088,13604,0,0,user_pics/13604/8dd300_5e501eefe9.jpg,150,150,2715
143175,11405,0,1,user_pics/11405/frog_j_da3b5233c1.jpg,254,199,11302
157290,11479,0,0,user_pics/11479/xena_j_41a0cbd57f.jpg,320,240,14215
26278,2488,0,0,user_pics/2488/01_ghotst_goes_fisty.jpg,576,399,74300
8882,438,0,0,user_pics/438/01_pleco5.jpg,600,357,44817
3424,0,0,0,user_pics/anonymous/albums/malawi/pro_virgatus.jpg,500,259,143805
61229,1579,1,1,user_pics/1579/01_nm6.jpg,500,375,72938
73789,7191,0,0,user_pics/7191/7191____file_01_100_3861.jpg,503,458,63865
179339,12873,0,0,user_pics/12873/ebf09e_111207edc5.jpg,150,74,3279
3169,0,0,0,user_pics/anonymous/albums/malawi/Looking_right_at_you.jpg,387,477,84670
16648,1516,0,0,user_pics/1516/01_ok5.jpg,297,294,16592
165228,12672,0,0,user_pics/12672/img_20_ea70b58225.jpg,544,341,29983
16155,1411,0,1,user_pics/1411/01_Fishies.jpg,120,160,8270
176529,13268,0,0,user_pics/13268/holdin_2edc6a33f6.jpg,569,563,128684
58730,2626,0,0,user_pics/2626/01_DSC01058.jpg,360,202,33053
107499,993,0,0,user_pics/993/cc8a85_49cd4b531d.jpg,150,113,15787
98958,7113,0,0,user_pics/7113/c54a97_ae24296355.jpg,101,145,2745
111081,9445,0,0,user_pics/9445/pictur_0ce5a316aa.jpg,320,240,10932
96034,8728,0,0,user_pics/8728/7.jpg_f1d6e3a650.jpg,406,406,45052
127964,9482,0,0,user_pics/9482/downsi_3d7983d372.jpg,512,384,39998
139207,5311,0,0,user_pics/5311/110403_b95b41e040.jpg,410,548,488746
63141,1579,1,0,user_pics/1579/1579____file_01_new_011.jpg,500,432,36679
179272,13514,0,0,user_pics/13514/lucic__169d7a1a9b.jpg,300,225,11165
170001,8830,0,1,user_pics/8830/picsar_3fbcc8702a.jpg,556,307,256470
135696,10972,0,0,user_pics/10972/dsd_jp_b4389fbae3.jpg,450,338,72601
116507,2439,0,0,user_pics/2439/paula__1ab58806c2.jpg,121,109,2920
102091,2315,0,0,user_pics/2315/saints_1ff6d59585.jpg,125,100,13878
152916,11953,0,1,user_pics/11953/_kgrhq_36251815dc.jpg,592,423,70281
104489,778,0,0,user_pics/778/thth.j_4c44a3b8ad.jpg,450,338,44410
64331,2503,0,0,user_pics/2503/2503____file_01_zfishy_014.jpg,512,384,35095
5005,0,0,1,user_pics/anonymous/01_Cichlids_&_Babies_008.JPE,320,240,15358
123352,9642,0,0,user_pics/9642/sam_17_f6fcb6e014.jpg,481,338,74524
138160,11142,0,0,user_pics/11142/jack_j_b2012aef95.jpg,561,365,171749
119495,10059,0,0,user_pics/10059/photo0_55b26ca5f2.jpg,320,240,24924
171729,11324,0,0,user_pics/11324/135562_01e5568010.jpg,440,453,60519
75038,5829,0,0,user_pics/5829/5829____file_01_dsc04232.jpg,480,360,96888
60958,1579,1,0,user_pics/1579/02_FISH_007.jpg,450,338,70995
135523,10816,0,0,user_pics/10816/bad_bo_ef9bfed3f5.jpg,320,240,41356
2946,0,0,0,user_pics/anonymous/albums/Neolamprologus_brichardi/Neolamprologus_brichardi_daffodil.jpg,444,300,165938
51341,5275,0,0,user_pics/5275/01_tex_the_mex.bmp,320,240,230454
3829,0,0,0,user_pics/anonymous/albums/african/albino1.jpg,206,141,9602
10449,273,0,0,user_pics/273/01_Old_tropheus.jpg,500,346,58418
182603,13802,0,1,user_pics/13802/cam011_8724841a22.jpg,315,208,19824
13795,0,0,1,user_pics/anonymous/02_red_empress.jpg,369,256,19800
107051,5065,0,0,user_pics/5065/l_6b32_f7b4d6793f.jpg,600,480,55197
17580,1629,0,0,user_pics/1629/01_022.jpg,176,144,4684
99324,8728,0,0,user_pics/8728/tilapi_7ce4e695a8.jpg,406,406,49014
10503,615,0,0,user_pics/615/01_IM000381.JPG,544,416,124064
108680,5311,0,0,user_pics/5311/drew3._e578267bd2.jpg,234,352,14308
85521,6915,0,0,user_pics/6915/spike1_81ad803db6.jpg,258,258,29629
5502,0,0,1,user_pics/anonymous/01_photo_1.jpg,454,226,35803
181797,13802,0,0,user_pics/13802/cam005_c75c4aa4ff.jpg,413,275,38379
20565,1061,0,0,user_pics/1061/01_HPIM1469.JPG,320,238,60800
11861,0,0,1,user_pics/anonymous/01_Photo_#26.jpg,320,240,10192
99419,5065,0,0,user_pics/5065/l_5fe5_1f7ca57d1d.jpg,600,480,34404
83918,7149,0,0,user_pics/7149/img003_b046e95321.jpg,240,320,15828
17760,1649,0,0,user_pics/1649/01_tank_1.bmp,400,302,362454
97514,3584,0,0,user_pics/3584/61-610_d86267b6c1.jpg,400,340,38142
96714,993,0,0,user_pics/993/3e7a7c_b036c3727b.jpg,450,338,47520
95016,8728,0,0,user_pics/8728/rtc3.j_b5eaf7e10e.jpg,406,406,74895
129789,9669,0,0,user_pics/9669/dscf06_8f3752564b.jpg,495,365,127507
1043,0,0,0,user_pics/anonymous/albums/album22/000_0038_0001.jpg,485,387,99036
139525,11212,0,0,user_pics/11212/alpha__c937d1cddd.jpg,500,333,115037
51186,3474,0,0,user_pics/3474/01_maplecroft_054.jpg-test-.jpg,552,414,75940
63518,4215,0,0,user_pics/4215/4215____file_01_000000000000000.jpg,400,300,22408
13872,0,0,0,user_pics/anonymous/01_fish~shop~516.jpg,400,330,25237
129550,10602,0,0,user_pics/10602/fishta_36cafd505f.jpg,150,113,3232
188130,14331,0,0,user_pics/14331/screen_e81f8271ef.jpg,480,484,20994
3040,0,0,0,user_pics/anonymous/albums/malawi/venustus.jpg,464,280,18435
8101,26,0,1,user_pics/26/01_21.jpg,500,375,137724
179887,11513,0,0,user_pics/11513/1dd535_c3dc2bf96f.jpg,450,338,62311
6254,0,0,0,user_pics/anonymous/01_Cam013.jpg,320,240,16862
110095,9445,0,0,user_pics/9445/pictur_f0af8fdbc2.jpg,320,240,13040
171658,13071,0,0,user_pics/13071/126_jp_b69baee318.jpg,128,96,10012
96404,5829,0,0,user_pics/5829/dsc069_ac01553106.jpg,480,320,89178
3546,0,0,0,user_pics/anonymous/albums/malawi/Picture_028.jpg,460,320,54153
14511,1061,0,0,user_pics/1061/01_HPIM0111.JPG,320,238,70455
24200,2114,0,0,user_pics/2114/01_new_blue_3_edit.jpg,304,239,36231
67238,6705,0,0,user_pics/6705/6705____file_01_julidochromis.jpg,320,240,24829
61346,3584,0,1,user_pics/3584/56_001.JPG,450,338,47609
20439,1579,1,0,user_pics/1579/01_geophagus_pelligrini_001.jpg,451,344,22453
110096,9445,0,0,user_pics/9445/pictur_430b098352.jpg,320,240,13507
15656,26,0,0,user_pics/26/01_Midas_in_75_gal_Oct_31__06_020x7c.jpg,504,206,92506
125711,9805,0,0,user_pics/9805/a_eure_266b40623d.jpg,454,322,128166
15523,1280,0,0,user_pics/1280/01_Mutt_fish.jpg,360,239,111597
3741,0,0,0,user_pics/anonymous/albums/malawi/Bunch.jpg,504,378,359964
149497,11794,0,0,user_pics/11794/p10308_b09db19c23.jpg,320,240,31786
61635,5623,0,0,user_pics/5623/01_cichlids.bmp,320,240,230454
94596,5829,0,0,user_pics/5829/dsc066_ab70640e71.jpg,480,320,123953
101170,8621,0,0,user_pics/8621/bee1_c_635c7971fa.jpg,432,284,105798
145534,8621,0,0,user_pics/8621/mixtec_2b866a2a10.jpg,558,384,98627
86115,1840,0,0,user_pics/1840/s73096_eab641f0f9.jpg,461,346,50773
104587,9369,0,0,user_pics/9369/agent__faed2d5a05.jpg,512,384,22146
3036,0,0,0,user_pics/anonymous/albums/malawi/Misc_fish.jpg,600,400,58585
49068,5109,0,0,user_pics/5109/02_aquarium2.jpg,600,407,90791
51873,5357,0,1,user_pics/5357/02_Rams-pair.gif,400,259,81085
175065,13299,0,0,user_pics/13299/136078_fc36f9842d.jpg,408,230,26186
36964,4033,0,0,user_pics/4033/05_9.jpg,353,428,152251
18834,0,0,0,user_pics/anonymous/01_you.jpg,589,442,73005
131361,9174,0,0,user_pics/9174/img_54_73b38eb73b.jpg,416,311,50960
169290,11584,0,1,user_pics/11584/loach__8adeda5d01.jpg,600,364,99560
125490,9642,0,0,user_pics/9642/south__6c8ada7944.jpg,446,359,26158
22126,26,0,0,user_pics/26/01_75_29__gal_tanks_3-25-06_008x7.jpg,504,400,167194
78760,5829,0,0,user_pics/5829/dsc048_7a3c65a24e.jpg,480,320,86071
7302,38,0,0,user_pics/38/01_newplecos.gif,600,569,85978
82285,2953,0,0,user_pics/2953/ns2.jp_1e370cb002.jpg,354,201,21125
14516,1061,0,0,user_pics/1061/01_HPIM0191.JPG,320,238,91837
8864,438,0,1,user_pics/438/01_aqua47.jpg,600,452,40318
97231,8728,0,0,user_pics/8728/female_18821ae5b4.jpg,406,406,51900
35529,3871,0,0,user_pics/3871/02_Jaguar_cichlid_1.jpg,304,228,19616
61336,3584,0,0,user_pics/3584/32_018.JPG,450,338,48352
135524,10816,0,0,user_pics/10816/cant_r_6f89c770b3.jpg,320,240,51638
39150,4233,0,0,user_pics/4233/02_Picture_644.jpg,567,426,129270
54874,5563,0,0,user_pics/5563/01_Image21.jpg,576,432,127539
60426,3868,0,0,user_pics/3868/02_ram2.jpg,285,228,23715
3205,0,0,0,user_pics/anonymous/albums/malawi/Placidochromis_Phenochilus1.jpg,498,210,81637
96890,8728,0,0,user_pics/8728/tyudyu_ff15bf8579.jpg,406,406,37939
188537,14390,0,0,user_pics/14390/110467_825da503bd.jpg,249,247,11428
84926,5829,0,0,user_pics/5829/dsc053_cbb7ec8928.jpg,480,320,101522
24470,2192,0,0,user_pics/2192/01_gang1.jpg,496,480,268656
25622,2676,0,0,user_pics/2676/01_Tank_55gLong.jpg,320,240,34297
70639,5829,0,0,user_pics/5829/5829____file_01_dsc01838.jpg,240,320,46279
69506,6974,0,0,user_pics/6974/6974____file_01_rob.bmp,250,188,141430
32793,1093,0,0,user_pics/1093/01_S5000719.JPG,594,308,277933
22621,2180,0,1,user_pics/2180/01_8FGV04CAKE24PMCA3U3OWECA7IUZGPCAID303NCAF7VFISCAHSYV50CAL5VISWCAH7S3BOCAAT8P4XCAMQB092CAQNFMWTCA8QTADFCA4C5B7WCAFXZ78OCAA1PXDECAVWM6H2CAN3SHUJCA84HP0C.jpg,111,81,1490
85357,6915,0,0,user_pics/6915/rework_150c49580c.jpg,125,125,31709
11058,0,0,0,user_pics/anonymous/02_fish2.JPG,450,338,105634
43453,4616,0,0,user_pics/4616/01_Image035.jpg,320,240,17590
38108,1579,1,0,user_pics/1579/1579____file_9999_21_FISH_007.jpg,500,375,54163
75039,5829,0,0,user_pics/5829/5829____file_01_dsc04238.jpg,480,360,72364
32903,1061,0,0,user_pics/1061/01_HPIM1628.JPG,320,238,57386
141141,3584,0,1,user_pics/3584/145342_e42bf05e28.jpg,300,225,4919
6636,180,0,0,user_pics/180/01_ML-YLLW-LAB33.JPG,559,315,14662
167183,11203,0,0,user_pics/11203/img954_91ce6d57c1.jpg,403,403,58820
149210,11696,0,0,user_pics/11696/yelloe_14c0cecb6b.jpg,509,406,255830
34138,1077,0,0,user_pics/1077/02_024.JPG,442,336,21654
56511,5797,0,0,user_pics/5797/01_dfgdfgdfgdfgdfgdfg.jpg,400,306,51097
133180,8830,0,0,user_pics/8830/photo0_22f69f8359.jpg,320,240,23073
8496,0,0,0,user_pics/anonymous/01_acara13.jpg,600,280,49055
10935,0,0,0,user_pics/anonymous/01_doi_albastrei_x.jpg,320,240,22547
16544,1077,0,1,user_pics/1077/03_photo004.jpg,176,144,10080
159679,10696,0,0,user_pics/10696/images_b7f36f314e.jpg,219,230,4794
181573,13795,0,1,user_pics/13795/ripn_j_a40ceb0328.jpg,274,206,11043
78554,7546,0,0,user_pics/7546/photo0_0bf9373eeb.jpg,240,320,13304
134862,9669,0,0,user_pics/9669/chimp__bbf5cfb330.jpg,198,254,9202
168509,12873,0,0,user_pics/12873/0ad961_7b88ad8f88.jpg,450,295,165985
39664,4332,0,0,user_pics/4332/02_midas2.jpg,171,228,8633
113860,9780,0,0,user_pics/9780/electr_b7b4097b43.jpg,360,480,19744
2999,0,0,0,user_pics/anonymous/albums/malawi/Aulonocara_eureka.jpg,340,223,15167
93022,5046,0,0,user_pics/5046/photo0_9effeef941.jpg,320,240,34897
93623,3047,0,0,user_pics/3047/384289_af9589253f.jpg,500,334,103706
66393,6615,0,0,user_pics/6615/6615____file_01_p1011030.jpg,393,333,49878
89639,8445,0,0,user_pics/8445/cychli_207bbde897.jpg,200,134,3261
18370,1637,0,1,user_pics/1637/23_fish.jpg,339,274,42903
14950,594,0,0,user_pics/594/01_587e11c318.jpg,430,325,32040
90796,8210,0,0,user_pics/8210/zaccic_6786d319be.jpg,375,500,56542
187182,2114,0,0,user_pics/2114/bnp_se_53dc6d61c5.jpg,569,591,77915
88221,7776,1,0,user_pics/7776/4fc344_75391e3540.jpg,130,97,22472
148125,11726,0,0,user_pics/11726/cs_fis_a383dcec20.jpg,280,420,38858
177879,7371,0,1,user_pics/7371/angry__2c8fc2f157.jpg,500,500,35068
9908,47,0,0,user_pics/47/01_IM000109.JPG,476,451,94033
4856,50,0,1,user_pics/50/01_malawi_9.jpg,299,211,18346
122901,10272,0,0,user_pics/10272/untitl_4862d5e6ac.jpg,130,91,35726
127793,10527,1,0,user_pics/10527/pea_co_af4fc9c843.jpg,418,192,8509
6386,132,0,0,user_pics/132/01_labeotropheus_fuelleborni_OB1.JPG,512,341,139383
112371,8728,0,0,user_pics/8728/2_10_g_2975ad367a.jpg,258,258,26489
94075,5829,0,0,user_pics/5829/dsc065_b6d26dceb3.jpg,480,320,94287
145818,11005,0,0,user_pics/11005/img004_13a1005849.jpg,480,360,37783
21877,2192,0,0,user_pics/2192/01_tex1.jpg,320,213,66202
119490,10059,0,0,user_pics/10059/photo0_c3c6d35e7f.jpg,320,240,24694
2925,0,0,0,user_pics/anonymous/albums/album10/P4050064.jpg,591,443,92362
89033,5829,0,0,user_pics/5829/dsc059_f9febfeb2b.jpg,480,320,92519
6067,0,0,0,user_pics/anonymous/01_92pie_tank_2.jpg,526,396,16383
3203,0,0,0,user_pics/anonymous/albums/malawi/Lethrinops_longipinnis1.jpg,500,394,78060
13141,837,0,0,user_pics/837/01_Mr_Midas_2.jpg,320,240,6673
38015,4163,0,0,user_pics/4163/46_tank.jpg,384,288,86743
97937,8744,0,0,user_pics/8744/hex_ta_44d5a0c845.jpg,400,400,25083
90453,5829,0,0,user_pics/5829/dsc061_2d113d865c.jpg,480,360,127606
111185,9445,0,0,user_pics/9445/pictur_40bfea4b57.jpg,320,240,14430
94128,8728,0,0,user_pics/8728/when_y_e337187ffb.jpg,406,406,45949
16651,1061,0,1,user_pics/1061/02_HPIM1085.JPG,320,238,44310
93909,8721,1,0,user_pics/8721/a11.jp_c5e6fc5055.jpg,500,375,54222
170199,12944,0,0,user_pics/12944/dad1_j_947938065c.jpg,50,50,740
173459,13087,0,0,user_pics/13087/135826_d0629caa8b.jpg,540,405,171241
132972,7819,0,0,user_pics/7819/001_jp_e90e1f13b3.jpg,544,521,67676
73091,984,0,0,user_pics/984/984____file_01_jjj_061_edited.jpg,492,368,75946
182566,8887,0,0,user_pics/8887/rubesc_87e18d0e54.jpg,388,297,11011
179157,12475,0,0,user_pics/12475/img_20_89b822335c.jpg,352,203,30169
159440,10286,0,0,user_pics/10286/imagej_6acee223bd.jpg,480,360,84832
71788,7118,0,0,user_pics/7118/7118____file_01_new_ocd.jpg,448,408,32128
4848,50,0,1,user_pics/50/01_Malawi_Dive.jpg,350,264,12718
73428,1840,0,0,user_pics/1840/1840____file_01_b679177da7e2100a78781a0853d0ae8c-1-.gif,400,400,266758
142981,10802,0,1,user_pics/10802/sadfac_02be6b60bc.jpg,400,400,16303
71624,7007,0,0,user_pics/7007/7007____file_01_tango.bmp,190,142,81278
1044,0,0,0,user_pics/anonymous/albums/album22/000_0043.jpg,517,368,71504
53851,5563,0,0,user_pics/5563/01_Image49.jpg,320,240,43240
109275,4610,0,0,user_pics/4610/merobg_571bcddbbc.jpg,600,449,53367
4432,0,0,0,user_pics/anonymous/albums/tankgallery/3351a.jpeg,350,263,12229
168171,11513,0,0,user_pics/11513/8e030e_1f18a3c1e0.jpg,450,338,27205
60966,3584,0,0,user_pics/3584/23_024.JPG,450,338,57951
35852,3858,0,0,user_pics/3858/01_untitled5.bmp,320,240,230454
50632,5222,0,1,user_pics/5222/01_aulono58.jpg,553,275,65391
179010,13004,0,1,user_pics/13004/dragon_595d3a00f2.jpg,600,450,99232
166626,11203,0,0,user_pics/11203/benny-_dbdc8d1b74.jpg,600,600,59340
38843,0,0,0,user_pics/anonymous/02_Picture_491.jpg,538,404,35556
21870,2192,0,0,user_pics/2192/01_severum5.jpg,319,213,53761
109244,9592,0,0,user_pics/9592/tank_8_94234fac4d.jpg,480,360,38649
24106,2114,0,0,user_pics/2114/01_kenyis_mating.jpg,600,450,61056
90337,1368,0,0,user_pics/1368/web-sa_f57c31484b.jpg,440,567,60359
110621,9445,0,0,user_pics/9445/pictur_69ca78bffd.jpg,320,240,16244
44192,3130,0,0,user_pics/3130/01_markswallpaperwebsite.jpg,500,375,220437
40423,0,0,0,user_pics/anonymous/01_DSC00009.JPG,320,240,16853
23017,2306,0,0,user_pics/2306/01_x1pN1mp8dKYgTE8P7gpD_L7X1qDTnZBhn_QXtHB5soHuajeVIboG2Akaa3QJqE9UgYJUBJV-oURp2QSXwYhVwu8SUMdJVOOOq94UamgOP-WHcgdu1SKNJKxyw.jpg,600,450,25577
118906,3584,0,0,user_pics/3584/3kf3m0_8fe3189ef5.jpg,300,199,6277
13495,874,0,1,user_pics/874/01_GiantCatfish-WWF.jpg,380,253,32504
50592,5224,0,0,user_pics/5224/01_big_red.JPG,500,375,58419
3045,0,0,0,user_pics/anonymous/albums/malawi/Camera_Picture_4.jpg,600,400,49377
166385,10217,0,0,user_pics/10217/photo0_1850c51757.jpg,320,240,25605
112373,8728,0,0,user_pics/8728/bed_ro_b3c681b041.jpg,258,258,30686
53730,4114,0,0,user_pics/4114/01_jaguar.jpg,150,113,3142
160745,12236,0,0,user_pics/12236/133539_d2e9d2d7b4.jpg,512,384,39371
61402,1579,1,0,user_pics/1579/01_Zoo_Trip_069.jpg,500,375,46063
10659,0,0,0,user_pics/anonymous/10_Picture_002.jpg,320,240,11413
116099,8728,0,0,user_pics/8728/sold_j_8d758571dc.jpg,258,258,42820
131360,9174,0,0,user_pics/9174/img_54_9a08c1909c.jpg,428,320,50567
61898,1579,1,0,user_pics/1579/1579____file_01_New_127.jpg,500,375,46709
110353,9445,0,0,user_pics/9445/pictur_d4f05f3884.jpg,320,240,21542
188281,13302,0,0,user_pics/13302/2015-0_2bbe642af6.jpg,222,136,32447
75196,23,1,1,user_pics/23/23____file_02_logo.jpg,400,120,28114
109985,9445,0,0,user_pics/9445/pictur_51ae55e96a.jpg,320,240,14062
1356,0,0,0,user_pics/anonymous/albums/album22/IM000062.jpg,480,368,88704
45523,3071,0,0,user_pics/3071/01_fish_b.jpg,320,240,16071
42592,4597,0,0,user_pics/4597/01_08-13-07_1549.jpg,160,120,11552
32835,1061,0,0,user_pics/1061/01_HPIM1811.JPG,320,238,47704
175201,12873,0,0,user_pics/12873/024d71_fe2bc4391d.jpg,130,97,33542
58587,26,0,1,user_pics/26/01_The_Girls_Sept_12_07_002x7cc.jpg,423,504,174041
82073,1840,0,0,user_pics/1840/s73090_d39640385f.jpg,538,404,62957
33085,3555,0,1,user_pics/3555/01_tiniest_fish.jpg,445,357,18240
164587,2439,0,0,user_pics/2439/2012-0_35aa6f4c0a.jpg,480,480,58497
87,0,0,0,user_pics/anonymous/albums/tankgallery/fishtank_005.jpg,512,384,100922
135519,10816,0,0,user_pics/10816/cichli_669b47e14c.jpg,320,240,39517
151876,11187,0,0,user_pics/11187/120401_76281033b1.jpg,320,240,31764
730,0,0,0,user_pics/anonymous/albums/tankgallery2/IMG_0140.jpg,600,450,37980
96805,8887,0,0,user_pics/8887/juvies_ef0f3d52e5.jpg,315,210,16612
152114,10784,0,0,user_pics/10784/copy_2_08d0512218.jpg,320,480,314614
94813,8728,0,0,user_pics/8728/lapia._a5fa668820.jpg,406,406,68437
43709,0,0,0,user_pics/anonymous/01_!!!!.jpg,448,163,18538
102508,993,0,0,user_pics/993/5d213b_1d2785b89c.jpg,150,113,13546
85313,5829,0,0,user_pics/5829/dsc054_7545698e20.jpg,480,320,94518
121530,9403,0,0,user_pics/9403/dsc019_e0e67b303c.jpg,428,320,68271
4045,0,0,0,user_pics/anonymous/albums/other/Synodontis_multipunctatus2.jpg,400,241,21926
98503,8947,0,0,user_pics/8947/p10103_86dccbe554.jpg,406,450,94236
127705,10527,1,0,user_pics/10527/good3__74eaac36d8.jpg,290,205,10359
2810,0,0,0,user_pics/anonymous/albums/american/29772381_ae1990da9c_o.jpg,380,293,16385
110755,8728,0,0,user_pics/8728/8.jpg_b8c26440b1.jpg,258,258,31914
58866,5901,0,0,user_pics/5901/01_Aulonocarastuartgrantimaulana1.jpg,150,112,10885
164055,12477,0,0,user_pics/12477/intern_bebeac8c1c.jpg,347,346,64620
22629,0,0,0,user_pics/anonymous/01_medium_bow.jpg,600,450,37997
22593,1693,0,0,user_pics/1693/01_BIG_BAD_BOY.jpg,430,323,65240
131723,10386,0,0,user_pics/10386/hoplar_b62725b47d.jpg,300,199,91171
4111,0,0,0,user_pics/anonymous/albums/other/ed_001.jpg,589,405,54701
87805,7518,0,0,user_pics/7518/1_5368_3917ce55c5.jpg,600,450,51423
5397,126,0,1,user_pics/126/01_Image_90.JPG,160,120,16322
94092,8721,1,0,user_pics/8721/pm3_04_a11ed238fb.jpg,500,421,42244
3676,0,0,0,user_pics/anonymous/albums/malawi/DSC00230_s.jpg,500,375,45381
148919,3584,0,0,user_pics/3584/010-2__35a8b35eea.jpg,511,530,44556
159017,11479,0,0,user_pics/11479/qustio_3d460be949.jpg,194,259,4474
109247,9592,0,0,user_pics/9592/tank4._25a2824f2f.jpg,360,480,36677
174196,12873,0,0,user_pics/12873/2c0e3d_51ca658411.jpg,450,338,39895
125721,9805,0,0,user_pics/9805/nyerer_9724dbddb6.jpg,331,206,18259
6252,0,0,1,user_pics/anonymous/01_aquarium5.jpg,448,336,41968
156841,11479,0,0,user_pics/11479/ob_jpg_c208571b37.jpg,180,135,6541
109954,9445,0,0,user_pics/9445/pictur_7b713531d4.jpg,320,240,17226
2412,0,0,0,user_pics/anonymous/albums/american/Babs_Wet_Pets_12_03_Fem_GT_ReSiz.jpg,432,324,99841
1522,0,0,0,user_pics/anonymous/albums/album22/Pike1.jpg,310,116,10713
83368,7717,0,0,user_pics/7717/100_16_ee9c758eee.jpg,183,111,9044
42866,1579,1,0,user_pics/1579/02_NEW_046.jpg,544,512,66621
89993,5829,0,0,user_pics/5829/dsc060_b3cbd29207.jpg,480,320,76064
79914,7574,0,0,user_pics/7574/img_30_021a8544d9.jpg,538,336,99550
15658,26,0,1,user_pics/26/01_Midas_in_75_gal_Oct_31__06_005x7c.jpg,504,292,109548
6737,0,0,1,user_pics/anonymous/01_fish_tank_007_(WinCE).jpg,240,180,21534
4457,0,0,0,user_pics/anonymous/albums/tankgallery/10gallontankone.jpg,360,223,49393
3019,0,0,0,user_pics/anonymous/albums/malawi/Protomelas_fenestratus_taiwan_reef2.jpg,258,130,8197
6673,0,0,0,user_pics/anonymous/01_Bottom_75_tank_Dec_15_05_023x7.jpg,504,378,161038
100694,5829,0,0,user_pics/5829/dsc073_f372569971.jpg,480,320,95723
12013,0,0,0,user_pics/anonymous/02_carpintis.jpg,567,409,112799
94125,8733,0,0,user_pics/8733/n11039_c7c9b5592d.jpg,600,450,35646
25972,2656,0,1,user_pics/2656/01_first,430,323,58625
70637,5829,0,0,user_pics/5829/5829____file_01_mauratus.jpg,320,240,54089
95397,5829,0,0,user_pics/5829/dsc068_412c0a3775.jpg,480,320,73993
60857,1579,1,0,user_pics/1579/01_FISH_010.jpg,450,338,43920
13027,0,0,0,user_pics/anonymous/01_Cichlid_4.jpg,320,240,8669
141460,11299,0,1,user_pics/11299/img003_6d9bd0620c.jpg,528,400,55048
177197,2114,0,0,user_pics/2114/512b92_91973b6623.jpg,426,321,12829
1654,0,0,0,user_pics/anonymous/albums/album22/jack_demp.jpg,400,369,41965
179322,13531,0,0,user_pics/13531/snapsh_b7fe646c3e.jpg,494,371,268415
177316,13447,0,0,user_pics/13447/image__7e97b6adf5.jpg,320,240,37017
147572,11418,0,0,user_pics/11418/010_jp_bb614c4f38.jpg,324,242,21058
164906,11479,0,0,user_pics/11479/worms__14a9861fb5.jpg,280,180,10690
92532,7113,0,0,user_pics/7113/97e587_468fb41bbb.jpg,135,101,2278
17949,0,0,0,user_pics/anonymous/01_00602.jpg,600,450,111176
16442,1419,0,1,user_pics/1419/01_Cichli1377.jpg,481,281,23544
61759,2690,0,0,user_pics/2690/01_900storefront-1-.jpg,488,140,18173
97592,8230,0,0,user_pics/8230/oct05__3d295529a2.jpg,320,240,7302
8377,0,0,0,user_pics/anonymous/01_fishy_875444bcf39de249c63494971651f72c.jpg,360,240,14086
99329,8728,0,0,user_pics/8728/tire_t_e653c3e6c3.jpg,406,406,57986
65159,5623,0,0,user_pics/5623/5623____file_01_dempsey.bmp,320,240,230454
66488,6620,0,0,user_pics/6620/6620____file_01_0802082125b.jpg,450,338,44059
96817,5829,0,0,user_pics/5829/dsc069_bb62eff7c1.jpg,480,320,90790
72170,4843,0,0,user_pics/4843/4843____file_01_054.jpg,428,320,31822
66514,5674,0,0,user_pics/5674/5674____file_01_2008_0801fish0143.jpg,450,338,49398
14865,1122,0,1,user_pics/1122/1122____file_9999_04_prue1.jpg,492,244,17092
31169,3336,0,0,user_pics/3336/01_06-22-07_0136.jpg,320,240,52410
8807,0,0,0,user_pics/anonymous/01_Demi.bmp,444,342,455598
101032,8728,0,1,user_pics/8728/red_te_4ef8366ec4.jpg,353,200,69514
160845,12236,0,0,user_pics/12236/133557_e3bbbe60b3.jpg,512,384,42718
190426,23,0,1,user_pics/23/9894d48d-5f64-448a-beaa-35fc4d4f318c_screen_shot_2018-02-18_at_13.27.41.png,560,332,86997
38993,4233,0,0,user_pics/4233/01_Picture_634.jpg,389,329,50305
74461,6238,0,0,user_pics/6238/6238____file_01_tn-1-__2_.jpg,150,113,2819
172446,11513,0,0,user_pics/11513/2012-1_716e08f46d.jpg,192,256,10693
120556,10059,0,0,user_pics/10059/photo0_d5f02d53fe.jpg,240,240,16184
103486,6149,0,0,user_pics/6149/texas1_d835ec2675.jpg,567,378,217984
47132,1987,0,0,user_pics/1987/02_reds.jpg,320,240,11015
131358,9174,0,0,user_pics/9174/img_54_a370901e96.jpg,497,381,57902
6321,0,0,0,user_pics/anonymous/01_RG_champso_1.jpg,567,339,306828
188095,14331,0,0,user_pics/14331/th-1_j_589c49cbb1.jpg,411,528,12007
11604,0,0,0,user_pics/anonymous/01_Picture(3).jpg,160,120,2521
4709,0,0,0,user_pics/anonymous/01_85030929_289016638_0.jpg,250,250,13790
68004,5896,0,0,user_pics/5896/5896____file_01_0904081931.jpg,320,240,27865
15266,1077,0,1,user_pics/1077/01_Fishy018.jpg,352,288,38202
17787,1649,0,0,user_pics/1649/02_tank_4.bmp,400,302,362454
22601,874,0,0,user_pics/874/05_fish_031.jpg,450,338,45163
188408,8178,0,0,user_pics/8178/5_2_jp_8b5f52c1c6.jpg,358,268,72721
41063,4476,0,0,user_pics/4476/01_african_cichlid_show_aquarium.jpg,430,322,29734
101358,8744,0,0,user_pics/8744/nikon__4cde75f904.jpg,450,311,31273
53849,5563,0,0,user_pics/5563/01_dfgsevrverv.jpg,320,240,21936
165330,11203,0,0,user_pics/11203/fyi_jp_a51bcec20f.jpg,475,349,24261
106516,9474,0,0,user_pics/9474/5img_2_32f09661ab.jpg,490,368,38188
16416,1419,0,1,user_pics/1419/02_Cichli1584.jpg,421,142,11192
9734,0,0,0,user_pics/anonymous/01_greenterror001.jpg,352,288,53992
145379,3584,0,1,user_pics/3584/1473_1_f7a55f6cc2.jpg,500,500,20270
159377,11773,0,1,user_pics/11773/sf305f_7d6491d99a.jpg,256,256,17141
36025,2114,0,0,user_pics/2114/01_elongatus_smile.jpg,565,457,154280
26072,2558,0,0,user_pics/2558/02_c8ee_1.jpg,400,296,20435
666,0,0,0,user_pics/anonymous/albums/tankgallery2/MyAquarium002_vi.jpg,600,450,39865
108776,9364,0,0,user_pics/9364/orange_cad3801abc.jpg,512,384,27334
141113,11203,0,0,user_pics/11203/fish_0_1bf6247f21.jpg,378,222,101042
91972,7371,0,0,user_pics/7371/cichli_0bab993cb8.jpg,448,259,34727
70746,2626,0,0,user_pics/2626/2626____file_01_dsc01317.jpg,360,202,31203
170929,12801,0,0,user_pics/12801/fry6_1_f92c268b26.jpg,560,480,133413
3406,0,0,0,user_pics/anonymous/albums/malawi/aul_stuartgranti_maulana.jpg,500,204,100133
11659,26,0,1,user_pics/26/06_DSC00054(1)x4.jpg,432,324,102873
154835,11892,0,0,user_pics/11892/2012-0_1cf068815a.jpg,408,309,9346
37557,4114,0,0,user_pics/4114/01_orange_pike_cichlid.jpg,150,113,2591
86825,1840,0,0,user_pics/1840/dfe017_d7f5394f4a.jpg,400,321,41141
21336,2114,0,0,user_pics/2114/01_pinks_7.jpg,600,450,50474
40531,4332,0,0,user_pics/4332/01_widemouth.jpg,171,228,13148
109455,9528,0,0,user_pics/9528/german_3fba0c5137.jpg,512,384,39083
112625,9445,0,1,user_pics/9445/pictur_90f729a341.jpg,320,240,16542
8872,438,0,0,user_pics/438/01_convict13.jpg,600,452,37402
186818,11502,0,0,user_pics/11502/201408_8225306c53.jpg,320,320,11262
60868,1579,1,0,user_pics/1579/01_FISH_041.jpg,500,375,46946
117564,9979,0,0,user_pics/9979/fishh__a3ac0eacf0.jpg,600,450,38207
141522,3584,0,1,user_pics/3584/angel__8cdbde0c0a.jpg,391,417,61709
71751,7125,0,0,user_pics/7125/7125____file_01_1105081212-1-.jpg,320,240,22235
175677,13045,0,1,user_pics/13045/image__36c48bdf5c.jpg,593,575,101761
108012,8672,0,0,user_pics/8672/shanti_8d7c574b1e.jpg,597,358,30708
6063,180,0,0,user_pics/180/01_black_face_lab.bmp,573,386,663974
48513,4581,0,0,user_pics/4581/01_thiruana_043.JPG,400,300,20946
18372,1637,0,0,user_pics/1637/04_oscar.jpg,480,360,64141
4450,0,0,0,user_pics/anonymous/albums/tankgallery/My_Tank_mudbank.jpg,500,223,81604
62836,1579,1,0,user_pics/1579/1579____file_01_natives_009.jpg,500,375,34316
180299,10871,0,0,user_pics/10871/images_85654f03a7.jpg,225,225,4246
172316,12937,0,0,user_pics/12937/sad_sm_40273f8a74.jpg,400,400,18708
108324,3584,0,0,user_pics/3584/nor.gi_615fca80f9.jpg,80,60,1893
43112,4624,0,0,user_pics/4624/01_mhpjpkojhoplklpojo.bmp,320,240,230454
5477,0,0,0,user_pics/anonymous/01_Cap0014.BMP,320,240,230454
53855,5563,0,0,user_pics/5563/01_Image38.jpg,320,240,33416
187128,14331,0,0,user_pics/14331/intern_201e3e6da1.jpg,537,599,67780
169492,11479,0,0,user_pics/11479/mike_j_ea382fc667.jpg,450,338,192726
62611,1579,1,0,user_pics/1579/1579____file_01_today039.jpg,500,375,42052
70748,2626,0,0,user_pics/2626/2626____file_01_dsc02305.jpg,360,202,34020
31843,0,0,0,user_pics/anonymous/01_DCP_2285.JPG,376,282,39491
151776,11832,0,0,user_pics/11832/srr4_j_1645fa95f7.jpg,598,416,34159
184650,12972,0,0,user_pics/12972/139110_f4bfcb3e87.jpg,380,380,54090
104585,9369,0,0,user_pics/9369/whites_1a5e5cbabc.jpg,512,384,28557
103680,8717,0,0,user_pics/8717/123.jp_ad33cb6092.jpg,147,196,2093
109242,9592,0,0,user_pics/9592/tank_1_1bdbe75118.jpg,360,480,45532
17046,1516,0,0,user_pics/1516/01_phil.jpg,550,275,21105
79196,7546,0,0,user_pics/7546/photo0_53d6980c36.jpg,240,320,7141
101861,7867,0,0,user_pics/7867/cimg13_eb5db24cf8.jpg,360,270,53895
183037,13802,0,0,user_pics/13802/cam002_55bbac314f.jpg,480,290,59059
136408,11052,0,0,user_pics/11052/dsc018_6530681455.jpg,320,240,14113
179573,7776,1,0,user_pics/7776/mm_day_8cf71e6275.jpg,360,480,23759
123358,9654,0,0,user_pics/9654/fronto_3d6c6d5ceb.jpg,213,160,7718
56553,2192,0,0,user_pics/2192/01_jds156.jpg,553,479,280841
103458,8728,0,0,user_pics/8728/ukfdkg_d40c5ef060.jpg,258,258,30769
13118,830,0,0,user_pics/830/02_100_0434.jpg,500,375,84822
41942,4543,0,0,user_pics/4543/01_bluey1.jpg,360,183,30699
133869,7574,0,0,user_pics/7574/images_97ae2cab11.jpg,183,275,6458
179940,13268,0,0,user_pics/13268/fry_pa_6c1a61a9fc.jpg,400,400,146422
26654,1077,0,0,user_pics/1077/01_009.JPG,442,336,31899
173843,12552,0,0,user_pics/12552/lil_jd_eafb10f113.jpg,375,320,361014
100296,8728,0,0,user_pics/8728/mayan__901fc1f2a0.jpg,406,406,45048
26220,2415,0,0,user_pics/2415/01_Key5.jpg,320,240,50523
52985,5484,0,0,user_pics/5484/01_P1000815.JPG,551,409,65215
112202,9733,0,0,user_pics/9733/polit__e66a581ed7.jpg,314,235,40412
83340,7717,0,1,user_pics/7717/fish.g_e337955eec.jpg,1,1,43
178312,8447,0,0,user_pics/8447/azureu_e85d8e5df4.jpg,403,303,56608
135526,10802,0,1,user_pics/10802/3n53m6_cd40896ed6.jpg,300,225,4838
169609,11203,0,0,user_pics/11203/confus_e43d50109f.jpg,300,300,11213
186084,13997,0,0,user_pics/13997/bryce__0758359867.jpg,296,526,20673
120431,10059,0,1,user_pics/10059/photo0_a7fd39cfff.jpg,480,480,63136
61341,3584,0,0,user_pics/3584/28_021.JPG,450,338,50898
95574,8210,0,0,user_pics/8210/blackc_fd0f4d393a.jpg,258,258,39361
109793,9445,0,0,user_pics/9445/pictur_12cd43971e.jpg,320,240,15080
13444,114,0,0,user_pics/114/01_DSCN0939.JPG,600,335,67590
20387,1683,0,1,user_pics/1683/12_3.jpg,125,125,5547
5479,0,0,0,user_pics/anonymous/01_Cap0012.BMP,320,240,230454
73512,7191,0,0,user_pics/7191/7191____file_01_l_da757fef65ad48a38696226e5b49e8de.jpg,600,400,37362
84069,7981,0,0,user_pics/7981/m_e2e4_e956c04d95.jpg,170,217,17406
178357,12475,0,0,user_pics/12475/9e3d56_075ef7f770.jpg,450,529,74714
1137,0,0,0,user_pics/anonymous/albums/album22/111_1111_2.jpg,578,275,54885
2869,0,0,0,user_pics/anonymous/albums/frontosa/jklgh.jpg,600,398,226393
78996,7546,0,0,user_pics/7546/photo0_5f49f69c5d.jpg,240,320,15594
528,0,0,0,user_pics/anonymous/albums/Sand-Tanks/originaltank.jpg,500,400,57137
14508,1061,0,0,user_pics/1061/01_HPIM0536.JPG,320,238,84087
90454,5829,0,0,user_pics/5829/dsc061_93f9b657b3.jpg,480,360,92672
13672,862,0,0,user_pics/862/07_1.jpg,600,524,67235
125118,9520,0,0,user_pics/9520/keema__e809fcd399.jpg,360,480,518454
163972,11513,0,0,user_pics/11513/273_jp_037d617cb4.jpg,400,240,42883
159839,8887,0,0,user_pics/8887/neo_9__c14e148209.jpg,320,240,22681
60917,1579,1,0,user_pics/1579/01_FISH_113.jpg,500,375,40782
3020,0,0,0,user_pics/anonymous/albums/malawi/Sciaenochromis_ahli.jpg,300,176,12016
96885,8728,0,0,user_pics/8728/dryusr_2ef7ca6385.jpg,406,406,68861
96218,8728,0,0,user_pics/8728/fgbasr_fa5d6ae844.jpg,406,406,53856
110525,8728,0,0,user_pics/8728/angel._7f64fa7cf1.jpg,258,258,33232
27617,2713,0,0,user_pics/2713/01_flavus.bmp,430,323,417370
153849,3584,0,0,user_pics/3584/370408_f9661b287d.jpg,180,162,12713
143739,11420,0,0,user_pics/11420/overcr_5c395c7d86.jpg,451,338,61168
1336,0,0,0,user_pics/anonymous/albums/album22/Group_Pic2.jpg,320,240,56938
168500,12801,0,0,user_pics/12801/eb_not_c50708ba42.jpg,566,480,152373
141499,10079,0,0,user_pics/10079/spotti_4784cbb137.jpg,450,301,85679
100531,6149,0,0,user_pics/6149/male_s_f528007141.jpg,567,378,221588
171392,13080,0,0,user_pics/13080/img_20_73c3c4168d.jpg,320,240,25716
117542,9931,0,0,user_pics/9931/man_qu_4ea8b4998d.jpg,286,359,10984
4629,0,0,0,user_pics/anonymous/01_Oscars.jpg,526,332,33177
181847,11502,0,0,user_pics/11502/201302_ab43f2e423.jpg,522,423,36200
240,0,0,0,user_pics/anonymous/albums/tankgallery/Pups_n_Fish.jpg,256,432,140530
164016,11513,0,0,user_pics/11513/268_jp_79935d1ac5.jpg,400,240,40987
4043,0,0,0,user_pics/anonymous/albums/african/Kenyi.jpg,320,240,10261
76584,7524,0,0,user_pics/7524/290897_ccff4be837.jpg,240,180,24405
17973,0,0,1,user_pics/anonymous/01_pic4.bmp,400,300,360054
185654,12903,0,0,user_pics/12903/dsc_03_0b2c3fce8a.jpg,319,213,31630
8806,0,0,0,user_pics/anonymous/01_einey.bmp,434,315,410814
3280,0,0,0,user_pics/anonymous/albums/malawi/Nim_Venustus.jpg,500,228,79581
79896,7574,0,0,user_pics/7574/img_30_90e6778d66.jpg,463,289,108676
55674,4097,0,0,user_pics/4097/4097____file_01_578572494_318f50e68a.jpg,418,500,74337
148710,8210,0,0,user_pics/8210/zacspi_a32f40eda0.jpg,544,400,96436
14506,1061,0,0,user_pics/1061/01_HPIM0319.JPG,320,238,74408
45773,4215,0,0,user_pics/4215/01_L215x.jpg,448,284,59913
17033,0,0,1,user_pics/anonymous/01_DSC05648.JPG,600,450,182933
164347,2439,0,0,user_pics/2439/2012-0_23133d267b.jpg,480,480,60434
87592,6447,0,0,user_pics/6447/keegen_35f3bee43d.jpg,125,125,34781
60867,1579,1,0,user_pics/1579/01_FISH_040.jpg,450,338,33244
37216,4074,0,0,user_pics/4074/05_johanni.jpg,170,127,23506
88978,8394,0,0,user_pics/8394/290120_323424c57c.jpg,320,240,32034
14924,623,0,0,user_pics/623/01_aulon2.jpg,172,120,6635
66517,5674,0,0,user_pics/5674/5674____file_01_2008_0801fish0153.jpg,450,338,43365
111878,9733,0,0,user_pics/9733/pictur_0a7b9478eb.jpg,235,314,34693
50265,4859,0,0,user_pics/4859/01_ww0040_radar.gif,525,459,118203
78683,3177,0,0,user_pics/3177/umbrif_2862a557dc.jpg,160,120,57654
182605,13802,0,0,user_pics/13802/cam011_dbd93a3c84.jpg,315,208,19824
97862,8621,0,0,user_pics/8621/t_reef_a3eb4afccc.jpg,432,263,36381
20867,2052,0,0,user_pics/2052/02_geo_bras_young_2.bmp,352,288,202818
68482,1516,0,0,user_pics/1516/1516____file_01_99999.jpg,418,240,22572
122718,10248,0,0,user_pics/10248/29_jpg_72fefc6f4d.jpg,497,386,113033
263,0,0,0,user_pics/anonymous/albums/tankgallery/CIMG0012.jpg,320,240,10196
94464,8751,0,0,user_pics/8751/tank6._43d4a29452.jpg,500,375,76772
26008,2503,0,0,user_pics/2503/01_z6fish_014.jpg,500,375,147468
124924,1734,0,0,user_pics/1734/toadfi_b85d4a2344.jpg,584,439,22497
10890,0,0,0,user_pics/anonymous/01_100_0085.JPG,450,337,55723
174319,13070,0,0,user_pics/13070/bricha_7089a960e2.jpg,320,240,23449
64678,6439,0,0,user_pics/6439/6439____file_01_100_0161.jpgcfc.jpg,282,212,126896
3038,0,0,0,user_pics/anonymous/albums/malawi/Misc_fish_2.jpg,600,400,42295
36917,4039,0,0,user_pics/4039/04_Aquarium.JPG,599,203,45037
143046,8887,0,0,user_pics/8887/rubyma_c76be6be2e.jpg,320,240,10243
53854,5563,0,0,user_pics/5563/01_rr.jpg,320,240,62506
127297,10488,0,0,user_pics/10488/firemo_d240b8b2d1.jpg,488,457,43678
50948,0,0,1,user_pics/anonymous/01_100_0807.JPG,450,338,47205
164408,11890,0,0,user_pics/11890/fish-q_88fed2b93d.jpg,187,192,12892
54104,5598,0,0,user_pics/5598/01_ãÍãÏ.jpg,515,472,59936
44272,2415,0,0,user_pics/2415/01_1468353018_b17d4abb3b.jpg,500,375,204957
16527,0,0,1,user_pics/anonymous/01_uxam.png,477,322,30755
86310,7518,0,0,user_pics/7518/1_2442_a1807633f5.jpg,600,450,34011
61499,1579,1,0,user_pics/1579/07_fish_025.jpg,500,375,38691
60157,5930,0,1,user_pics/5930/01_my_kinogawa_front..JPG,323,246,17028
165025,10286,0,0,user_pics/10286/2_jpg_397751f162.jpg,258,258,23765
142108,982,0,0,user_pics/982/c50767_bc9a6f91d4.jpg,450,389,108195
103788,9293,0,0,user_pics/9293/saulos_174d212e81.jpg,355,279,22826
17974,0,0,1,user_pics/anonymous/02_pic4.bmp,400,300,360054
169972,10784,0,0,user_pics/10784/albino_95d83c345f.jpg,240,320,31174
88243,5829,0,0,user_pics/5829/dsc057_46abb0c519.jpg,480,320,89764
25944,2114,0,0,user_pics/2114/01_hap_mom_crop.jpg,383,420,142105
148087,8210,0,0,user_pics/8210/zacspi_e5ae757600.jpg,544,400,92684
4749,0,0,0,user_pics/anonymous/01_Picture_025.jpg,352,288,12960
116007,6149,0,0,user_pics/6149/red_te_88bd21bf5f.jpg,567,378,183247
2409,0,0,0,user_pics/anonymous/albums/american/Babs_Wet_Pets_11_29_03_Jack_Dempsey1_001.jpg,397,298,78867
11027,0,0,0,user_pics/anonymous/01_Ob_peacock.bmp,321,241,232378
159618,10784,0,0,user_pics/10784/hai_re_d1b3048b53.jpg,240,320,33431
62061,1579,1,0,user_pics/1579/1579____file_01_new_033.jpg,500,375,51578
80298,7574,0,0,user_pics/7574/img_34_80f06b1688.jpg,554,346,102513
16393,0,0,0,user_pics/anonymous/01_IMGA8094.JPG,576,432,98683
87194,8251,0,0,user_pics/8251/rockit_9f682209db.jpg,170,172,5618
65838,5723,0,0,user_pics/5723/5723____file_01_big_bass.bmp,320,240,230454
12637,775,0,1,user_pics/775/01_fiiiiiiiiiiiiiiiiiiish.jpg,520,480,41986
79019,5829,0,0,user_pics/5829/dsc049_f3bde19863.jpg,480,360,80895
52516,5386,0,0,user_pics/5386/02_picaso_fish.jpg,512,384,38730
5968,0,0,0,user_pics/anonymous/01_Big_Guy.jpg,526,396,25672
60861,1579,1,0,user_pics/1579/01_FISH_014.jpg,450,338,42524
174197,12873,0,0,user_pics/12873/235c51_1acd56aa1f.jpg,450,338,40328
73629,5300,0,0,user_pics/5300/5300____file_01_100_1230.jpg,403,269,44504
34258,2268,0,0,user_pics/2268/01_pic073007_4.jpg,320,240,21259
7346,132,0,0,user_pics/132/01_Maylandia_Greshakie_M.JPG,512,341,141264
115088,7776,1,0,user_pics/7776/getatt_51db0bfda6.jpg,600,450,77222
21880,2192,0,0,user_pics/2192/02_fish12.jpg,320,213,67157
5251,0,0,0,user_pics/anonymous/01_IM000234.JPG,351,337,67230
170362,12873,0,0,user_pics/12873/c20073_ac13f85431.jpg,450,361,144209
8518,438,0,0,user_pics/438/01_bluehap.jpg,521,600,65188
96551,8853,0,0,user_pics/8853/08-9-2_47379f7265.jpg,480,384,49352
7486,0,0,1,user_pics/anonymous/01_452e164907.jpg,430,323,41396
95361,8728,0,0,user_pics/8728/convic_d528fa9cab.jpg,406,406,72645
4146,0,0,0,user_pics/anonymous/albums/other/Hugo_N_theBossLady.jpg,600,450,220810
134312,10908,0,0,user_pics/10908/2_png_b85b43e653.jpg,425,425,722554
45918,4847,0,0,user_pics/4847/01_PIC_0016.jpg,320,240,87134
60856,1579,1,0,user_pics/1579/02_FISH_009.jpg,450,338,51403
37831,1579,1,0,user_pics/1579/1579____file_9999_04_FISH_067.jpg,500,375,46553
10344,0,0,1,user_pics/anonymous/05_Picture_022.jpg,352,288,19044
187055,3497,0,0,user_pics/3497/blue_r_3a39c42415.jpg,450,338,62478
190086,15273,0,0,user_pics/15273/ad9ff9_02fb0f4a43.jpg,450,285,65978
181351,13712,0,0,user_pics/13712/2013-0_1bf00977cb.jpg,408,349,25103
96566,8744,0,0,user_pics/8744/hex_ta_4da1437399.jpg,400,400,25083
81491,7806,0,0,user_pics/7806/pictur_1fd269d48a.jpg,448,336,90219
109796,9445,0,0,user_pics/9445/pictur_f4426cbb14.jpg,320,240,17255
107653,9507,0,0,user_pics/9507/02-01-_53e2575ae4.jpg,320,240,28752
156795,10784,0,0,user_pics/10784/tn_jpg_9af7f6762a.jpg,240,320,8522
166066,12566,0,0,user_pics/12566/jack_d_7917d13946.jpg,600,448,51952
168510,12873,0,0,user_pics/12873/51cabf_cafa3eca0b.jpg,450,287,152177
149287,11780,0,0,user_pics/11780/cichli_eb3789d420.jpg,480,358,74661
179315,13531,0,0,user_pics/13531/snapsh_80971ab78d.jpg,494,371,235542
84694,7800,0,0,user_pics/7800/grape__d6f5ec5258.jpg,173,200,6255
83412,6915,0,0,user_pics/6915/pleco._00c94ca121.jpg,258,258,53947
108133,8210,0,0,user_pics/8210/fishfa_242d0ed344.jpg,258,258,32045
86580,8210,0,0,user_pics/8210/fish14_69e00d831d.jpg,500,375,55876
3404,0,0,0,user_pics/anonymous/albums/malawi/A_christy.jpg,500,190,92401
144616,10802,0,1,user_pics/10802/220678_f8bc5e82ad.jpg,600,450,112650
94084,5829,0,0,user_pics/5829/dsc065_4d02344c97.jpg,480,320,102189
94567,4215,0,0,user_pics/4215/m_m_ds_690d0a6f35.jpg,500,375,21937
37747,1579,1,0,user_pics/1579/1579____file_9999_19_FISH_007.jpg,500,375,54163
24851,0,0,0,user_pics/anonymous/01_red_ruby_yellow_nyassa_ahli.jpg,150,113,4852
134999,10971,0,1,user_pics/10971/3a92ef_6fda8363e0.jpg,130,97,24178
107685,3053,0,0,user_pics/3053/df456a_3c4ea834df.jpg,450,300,132411
94174,8740,1,0,user_pics/8740/new_01_960ebe0d30.jpg,500,375,32328
41473,4368,0,0,user_pics/4368/01_Project3.png,500,375,1374339
81221,5829,0,0,user_pics/5829/dsc050_32eb6a5c55.jpg,480,320,84501
174500,12254,0,0,user_pics/12254/photo7_b8b605bcd8.jpg,320,240,26174
169625,12873,0,0,user_pics/12873/834301_3c813118e5.jpg,450,338,59326
123634,10128,0,0,user_pics/10128/questi_4a5b3a469a.jpg,136,205,83694
70909,5896,0,0,user_pics/5896/5896____file_01_1020081920.jpg,320,240,31611
162642,7518,0,0,user_pics/7518/img_59_6e9efcc44b.jpg,448,299,80278
80306,7574,0,0,user_pics/7574/img_34_9fffbe5282.jpg,501,376,87840
184811,13385,0,0,user_pics/13385/gt-020_8bd9324f85.jpg,500,375,220002
61938,1579,1,0,user_pics/1579/1579____file_01_auratus.jpg,500,375,59605
139660,10794,0,0,user_pics/10794/photo0_317759435f.jpg,524,256,44634
165565,12672,0,1,user_pics/12672/img_20_ed78a955b9.jpg,550,389,29501
117697,9833,0,0,user_pics/9833/254_jp_8f6b51c1e5.jpg,240,320,15831
8874,438,0,0,user_pics/438/01_convict15.jpg,600,533,46861
162325,12477,0,0,user_pics/12477/5if5nf_078beb5593.jpg,600,450,26723
171098,13514,0,0,user_pics/12280/112512_0d452cf5e3.jpg,320,238,17384
107495,993,0,0,user_pics/993/0bfaec_83daf31a2f.jpg,150,113,16076
27286,1071,0,0,user_pics/1071/01_cichlid2.jpg,200,150,8618
61493,1579,1,0,user_pics/1579/02_fish_010.jpg,500,375,66692
79885,5829,0,0,user_pics/5829/dsc049_5a76b6fdb7.jpg,480,320,70401
96804,8887,0,0,user_pics/8887/kenyi__3cf33280c4.jpg,315,210,17621
179321,13531,0,0,user_pics/13531/snapsh_910c795f6c.jpg,494,371,252334
4148,0,0,0,user_pics/anonymous/albums/other/Creamcicle_Molly_tank.jpg,600,450,189766
23729,2192,0,0,user_pics/2192/01_uarus36.jpg,480,483,142801
49416,1579,1,0,user_pics/1579/01_New_008.jpg,450,338,54048
103861,8728,0,0,user_pics/8728/ghfdmj_8168cc7eb6.jpg,258,258,24423
99389,9065,0,0,user_pics/9065/alunoc_314ac6d369.jpg,600,401,103899
143234,11299,0,0,user_pics/11299/img005_40985f90b0.jpg,528,400,61368
6793,271,0,0,user_pics/271/01_NEW1.jpg,432,457,203595
184825,14169,0,0,user_pics/14169/ry_3d4_855d59334e.jpg,550,400,23079
70850,7065,0,0,user_pics/7065/7065____file_01_unknown_tank_1.jpg,448,335,33056
3492,0,0,0,user_pics/anonymous/albums/malawi/rhamphochromis_ferow_yello_001.jpg,500,305,91185
111150,23,1,1,user_pics/23/100000_997695f794.jpg,480,480,10148
61849,1579,1,0,user_pics/1579/1579____file_01_New_106.jpg,500,376,47773
65471,6238,0,0,user_pics/6238/6238____file_01_pic17.jpg,150,113,3023
43852,2077,0,0,user_pics/2077/03_100_0300.jpg,295,545,71303
10349,0,0,0,user_pics/anonymous/02_dfr.BMP,352,288,304182
139242,10794,0,0,user_pics/10794/lwanda_6ef2202e3e.jpg,500,241,58114
3775,0,0,0,user_pics/anonymous/albums/malawi/virginalis3.jpg,550,234,135137
32634,2957,0,0,user_pics/2957/01_convict3.jpg,500,375,42088
89815,7113,0,0,user_pics/7113/434bd1_ae00259a43.jpg,145,98,4328
157968,7776,1,0,user_pics/7776/bday_j_65f9bf88cf.jpg,300,225,10843
5475,0,0,1,user_pics/anonymous/01_Cap0015.BMP,320,240,97867
120561,10059,0,0,user_pics/10059/photo0_c5b9f43941.jpg,320,160,14209
5071,0,0,0,user_pics/anonymous/01_Convict.JPG,450,338,115808
29844,2041,0,0,user_pics/2041/01_P1000810.JPG,512,340,49955
172807,12873,0,0,user_pics/12873/ebf09e_334c6be455.jpg,150,74,3279
93359,5829,0,0,user_pics/5829/dsc065_097e55b7ff.jpg,480,320,89330
61431,1579,1,0,user_pics/1579/01_Zoo_Trip_064.jpg,500,375,76865
111879,9733,0,0,user_pics/9733/pictur_8476d3c5e7.jpg,448,331,84841
2572,0,0,0,user_pics/anonymous/albums/american/Midas_tank_Nov_04_026x7.jpg,504,378,151211
171229,12169,0,0,user_pics/12169/418647_b3691fff34.jpg,600,122,30930
148020,11479,0,0,user_pics/11479/questi_7f466d0b68.jpg,140,140,39266
2397,0,0,0,user_pics/anonymous/albums/american/P1010045.jpg,500,307,201730
75787,5829,0,0,user_pics/5829/dsc043_cf8150b7b5.jpg,480,360,99034
94091,8721,1,0,user_pics/8721/pm3_01_6cd652ea39.jpg,500,375,46176
177514,2432,0,1,user_pics/2432/fronto_befb951326.jpg,403,403,61507
83004,1840,0,0,user_pics/1840/s73092_73f3d5ea4a.jpg,538,404,56194
141457,11299,0,0,user_pics/11299/img003_0265899a72.jpg,528,400,56529
13112,0,0,0,user_pics/anonymous/01_DSCN1419.jpg,550,413,85034
134920,9174,0,0,user_pics/9174/img_63_ae5c7ca9a2.jpg,560,420,48601
171391,13080,0,0,user_pics/13080/img_20_1b400ea6c0.jpg,320,240,34775
37160,2114,0,0,user_pics/2114/01_ob_smile.jpg,579,479,153196
101000,6149,0,0,user_pics/6149/male_s_6a97ab1a26.jpg,567,378,201148
6991,0,0,0,user_pics/anonymous/01_cichlid.jpg,450,519,62757
117931,9942,0,0,user_pics/9942/100_66_d57c89e9f4.jpg,500,512,455298
16402,1467,0,0,user_pics/1467/01_army.jpg,576,432,86658
96709,993,0,0,user_pics/993/0bfaec_0e0f221c0d.jpg,150,113,16076
154995,11479,0,0,user_pics/11479/questi_ee4e2ed35d.jpg,201,251,151658
160663,11584,0,0,user_pics/11584/39986__dae6a8bd91.jpg,370,370,50623
143570,11420,0,0,user_pics/11420/clg_no_e2b92cf654.jpg,597,381,109263
153993,11832,0,0,user_pics/11832/frnt_j_30286908ce.jpg,499,356,24475
120105,1987,0,0,user_pics/1987/gulf-o_075871e7a1.jpg,600,393,72080
174354,12987,0,0,user_pics/12987/bbukau_c22739773d.jpg,568,426,45941
122807,10004,0,0,user_pics/10004/photo-_b5468f1dff.jpg,400,300,45998
49451,5139,0,1,user_pics/5139/01_Sep30_0010.jpg,101,76,1698
1315,0,0,0,user_pics/anonymous/albums/album22/DSCF0140.jpg,573,291,135903
131244,10505,0,0,user_pics/10505/j_and__7e598c8cd2.jpg,360,270,39405
3500,0,0,0,user_pics/anonymous/albums/malawi/gisseli.jpg,600,245,152562
167148,12755,0,0,user_pics/12755/fluval_a7af948fba.jpg,225,225,7137
78188,7574,0,0,user_pics/7574/img_21_d29fea7fdc.jpg,454,318,94297
141948,11203,0,0,user_pics/11203/ob_zeb_7042af4ecc.jpg,591,435,217732
5476,0,0,0,user_pics/anonymous/02_Cap0015.BMP,320,240,230454
15648,26,0,1,user_pics/26/01_75_gal_tank_Dec_05_014x7c.jpg,504,232,111642
138983,5311,0,0,user_pics/5311/untitl_ca13c821d9.jpg,334,442,443822
125521,3584,0,0,user_pics/3584/58423__567a05bc25.jpg,466,450,51255
39480,4320,0,1,user_pics/4320/01_female_red.jpg,170,127,5148
74234,6149,0,0,user_pics/6149/6149____file_01_carpinte11.jpg,567,378,217531
78609,7686,0,0,user_pics/7686/jack_j_4cfdb621f8.jpg,500,333,19168
107580,5702,0,0,user_pics/5702/6b1ab6_6feddbb5a1.jpg,271,219,50541
8530,0,0,0,user_pics/anonymous/01_26OBPeacock.jpg,500,350,122042
103312,9296,0,0,user_pics/9296/ruby_r_439a89ec87.jpg,599,448,534111
94275,8751,0,0,user_pics/8751/fish.j_b3dc7d7563.jpg,500,338,67777
61333,3584,0,1,user_pics/3584/44_006.JPG,450,338,31779
860,0,0,0,user_pics/anonymous/albums/tankgallery2/DSC00377.jpg,448,292,34282
17036,0,0,0,user_pics/anonymous/02_DSC05649.JPG,600,450,171534
101013,8553,0,0,user_pics/8553/chicag_9ae24b3cb8.jpg,101,128,6495
12861,0,0,0,user_pics/anonymous/01_Cichli1244.jpg,454,403,29739
73708,3584,0,0,user_pics/3584/3584____file_01_hb_bright_balloons.gif,200,185,12905
132381,10812,0,1,user_pics/10812/img004_252ccef7fb.jpg,480,352,38484
108864,5674,0,0,user_pics/5674/img_05_3e80ef5938.jpg,512,357,81362
2240,0,0,0,user_pics/anonymous/albums/album05/Barbs_GT_fighting_crop3x.jpg,360,290,106417
15538,1280,0,0,user_pics/1280/09_fishtank.jpg,360,239,58707
67229,753,0,0,user_pics/753/753____file_01_th_dscf2544.jpeg,159,97,3753
842,0,0,0,user_pics/anonymous/albums/tankgallery2/pic1.jpg,150,113,9317
102509,993,0,0,user_pics/993/3e7a7c_b444692e20.jpg,450,338,47520
175125,12475,0,0,user_pics/12475/ask-qu_e14ce6967a.jpg,550,334,18174
121908,2423,0,0,user_pics/2423/pictur_56099a1d18.jpg,320,480,273815
52,0,0,0,user_pics/anonymous/albums/tankgallery/sidespan.jpg,600,450,39578
1185,0,0,0,user_pics/anonymous/albums/album22/17_G.jpg,400,255,24214
80495,4760,0,0,user_pics/4760/101_30_76de9b0a9b.jpg,400,414,61784
187187,14539,0,0,user_pics/14539/img_20_c26c2835ef.jpg,306,308,12093
132243,10802,0,1,user_pics/10802/_b0zev_23e383a938.jpg,500,375,38810
54933,5563,0,1,user_pics/5563/01_THIS_IS_THE_END....._001_0001.jpg,320,240,10097
139703,3584,0,1,user_pics/3584/pic1_j_ae612ac8ac.jpg,153,272,2861
182677,13862,0,0,user_pics/13862/video0_bac0475162.jpg,580,347,29006
125131,6550,0,1,user_pics/6550/200px-_c5a0bce827.jpg,200,247,42942
30534,3177,0,0,user_pics/3177/01_pics-46.jpg,196,170,15656
86981,8210,0,0,user_pics/8210/fish12_74a73edfff.jpg,500,375,187301
68474,5603,0,0,user_pics/5603/5603____file_01_hpim1734.jpg,576,432,105042
22009,2114,0,0,user_pics/2114/01_pea_male_and_auratis_edit.jpg,496,451,147404
160018,11584,0,0,user_pics/11584/bj36a-_1766365b52.jpg,500,382,179442
18664,1579,1,0,user_pics/1579/01_New_048.jpg,513,320,31253
77953,5829,0,0,user_pics/5829/dsc047_b83b87e16a.jpg,480,320,65596
170931,9385,0,0,user_pics/9385/img_01_a151839846.jpg,320,180,18001
139890,8022,0,0,user_pics/8022/_kgrhq_79733f8f76.jpg,500,375,36213
14707,132,0,0,user_pics/132/01_Cynotilapia_Afra_1.jpg,511,340,62672
22107,2224,0,0,user_pics/2224/01_FH_1.jpg,288,352,26946
16454,1077,0,1,user_pics/1077/01_photo018.jpg,352,288,30546
83219,1840,0,0,user_pics/1840/s73093_cc0f292cdf.jpg,538,404,69416
139518,11212,0,0,user_pics/11212/27dec2_f4d03f054f.jpg,500,334,185670
55382,5702,0,1,user_pics/5702/02_IMG_0212.JPG,600,450,30630
1887,0,0,0,user_pics/anonymous/albums/user_gallery/Big_gus.jpg,600,450,118106
32949,753,0,0,user_pics/753/01_DCP_2276.JPG,472,256,38822
18735,1606,0,0,user_pics/1606/01_2007-01-14_030.JPG,356,278,75778
79587,7546,0,0,user_pics/7546/photo0_bbd83bb3cc.jpg,240,320,13824
8870,438,0,1,user_pics/438/01_aqua60.jpg,600,452,45246
166750,12755,0,0,user_pics/12755/red_to_48c9ca0e8b.jpg,226,134,5253
1891,0,0,0,user_pics/anonymous/albums/user_gallery/014_11A_0004.jpg,397,336,134742
60981,1579,1,0,user_pics/1579/01_FISH_071.jpg,566,462,73101
110765,8728,0,0,user_pics/8728/3.jpg_83eacb541f.jpg,258,258,46252
94811,8728,0,0,user_pics/8728/al_ple_a4aad9d494.jpg,406,406,52269
61000,3584,0,0,user_pics/3584/18_029.JPG,450,338,52778
167224,12755,0,0,user_pics/12755/oraang_51600b6cc4.jpg,218,131,5511
179341,12873,0,0,user_pics/12873/c7f0b6_8f82ae55d3.jpg,450,338,68342
57483,3868,0,0,user_pics/3868/01_6edcda7d5e7d.jpg,285,228,23903
136677,11066,0,1,user_pics/11066/tank_s_b91337d17c.jpg,213,160,7046
17778,1629,0,0,user_pics/1629/01_348%3A3%3C33%3A%7Ffp37%3A%3Evq%3D32%3B5%3E%3A74%3E265%3EWSNRCG%3D3234%3C8%3C9%3B2776vq0mrj.jpg,96,72,4391
96820,5829,0,0,user_pics/5829/dsc070_a798907c90.jpg,480,320,75761
6467,84,0,0,user_pics/84/01_8.jpg,250,250,14078
95161,8812,0,0,user_pics/8812/img000_bf0fbc501b.jpg,320,240,17684
79094,5300,0,0,user_pics/5300/100_14_62ee121a59.jpg,600,402,112388
24780,2476,0,0,user_pics/2476/01_parrotandcon.jpg,479,356,42221
159811,11513,0,0,user_pics/11513/blue-c_12a3cd6e40.jpg,428,261,88174
94034,8728,0,0,user_pics/8728/the_fi_8746261c57.jpg,406,406,46935
62841,1579,1,0,user_pics/1579/1579____file_01_natives_016.jpg,500,375,36828
80274,6994,0,0,user_pics/6994/243915_8750fae71a.jpg,500,375,157155
85222,2114,0,0,user_pics/2114/hummer_cb966c3316.jpg,600,400,720054
96903,5829,0,0,user_pics/5829/dsc070_8c6e66bfbb.jpg,480,320,95282
188000,14390,0,0,user_pics/14390/105096_b413fb7eea.jpg,586,315,127424
190425,23,1,1,user_pics/23/ff7c1e4a-40a0-4999-bd09-1cd0193d613b_screen_shot_2018-02-18_at_13.27.41.png,560,332,86997
142047,11315,0,0,user_pics/11315/dipank_d50c2fd67f.jpg,240,320,230454
13323,837,0,0,user_pics/837/02_Green_Terror_1.jpg,320,240,7822
140039,3584,0,1,user_pics/3584/7e8b67_4868cc8420.jpg,450,300,51199
101814,8887,0,0,user_pics/8887/female_36f071d23e.jpg,300,171,4798
7478,329,0,0,user_pics/329/01_pstr_zebra_m_1.jpg,566,370,54491
104757,9182,0,0,user_pics/9182/hex22._7ad645fdb7.jpg,225,300,3343
163761,12525,0,0,user_pics/12525/pizap__503de99378.jpg,600,450,261497
183035,13802,0,0,user_pics/13802/cam003_f3c1d5b532.jpg,593,347,77778
82656,7851,0,0,user_pics/7851/dscn02_5d651f79b5.jpg,480,360,79606
13188,0,0,1,user_pics/anonymous/01_LampMarenguensis.jpg,402,268,79143
2870,0,0,0,user_pics/anonymous/albums/frontosa/P1010015.jpg,600,482,382319
16884,0,0,0,user_pics/anonymous/03_1_6a9f7dd4c0c08818d4aea62d76b88df7.jpg,371,265,15214
16058,23,1,1,user_pics/23/02_soco1_banner_klein.bmp,500,176,264054
40706,615,0,0,user_pics/615/02_100_0973.jpg,461,346,33859
117167,5674,0,0,user_pics/5674/img_20_be031924cb.jpg,512,341,58266
14513,1061,0,0,user_pics/1061/01_HPIM0517.JPG,320,238,61395
20821,2052,0,0,user_pics/2052/01_geo_bras_1.bmp,352,288,202818
16186,1411,0,0,user_pics/1411/01_111506_1902.jpg,120,160,3184
73075,5829,0,0,user_pics/5829/5829____file_01_dsc03170.jpg,480,360,81642
164328,12589,0,0,user_pics/12589/img155_56b695e36c.jpg,576,460,36642
142179,11339,0,0,user_pics/11339/tank_j_5a59ce9e6a.jpg,221,166,9490
171127,1243,0,0,user_pics/1243/zz_flo_3ede8e9033.jpg,300,189,12891
8582,0,0,0,user_pics/anonymous/01_piranhas.bmp,350,344,361942
81193,5829,0,0,user_pics/5829/dsc042_4f07d4e20e.jpg,480,360,88722
4113,0,0,0,user_pics/anonymous/albums/other/Flat_Nose_Gar.jpg,579,500,41650
2965,0,0,0,user_pics/anonymous/albums/album06/PICT0182_sized.jpg,400,300,28178
120424,10059,0,1,user_pics/10059/photo0_acbc730747.jpg,480,480,63136
143311,9210,0,0,user_pics/9210/calv_j_ca31e1741e.jpg,320,236,34936
148263,11191,0,0,user_pics/11191/73c600_cc85b54cdf.jpg,323,430,40820
9054,0,0,0,user_pics/anonymous/01_Green_Teror_3b.bmp,288,216,186678
3867,0,0,0,user_pics/anonymous/albums/african/N1.jpg,480,304,79931
119171,8887,0,0,user_pics/8887/open_b_c3649d8eee.jpg,315,210,20224
81246,6447,0,0,user_pics/6447/powder_c98cea3f13.jpg,170,124,5114
22620,2180,0,1,user_pics/2180/01_bvvgsdvsdv.jpg,124,93,3284
71853,4843,0,0,user_pics/4843/4843____file_01_068.jpg,390,289,32096
144822,11512,0,0,user_pics/11512/100000_0d517beb55.jpg,480,358,87827
105295,9403,0,0,user_pics/9403/15.jpg_1ea42e41c5.jpg,400,240,24804
596,0,0,0,user_pics/anonymous/albums/tankgallery2/My_First_tank.jpg,346,184,9614
166088,11203,0,0,user_pics/11203/2012-0_a0828ca32d.jpg,468,460,74897
95690,8728,0,0,user_pics/8728/mayan._2c8fb3c7df.jpg,406,406,51379
147521,11599,0,0,user_pics/11599/anothe_c1441056a6.jpg,258,258,29265
60924,1579,1,0,user_pics/1579/01_FISH_015.jpg,450,338,36064
79507,1840,0,0,user_pics/1840/s73087_b2255f2e33.jpg,538,404,69191
148124,11726,0,0,user_pics/11726/friend_45445a5113.jpg,276,237,46765
164663,2439,0,0,user_pics/2439/2012-0_1f38c735bf.jpg,480,480,58459
10932,0,0,0,user_pics/anonymous/01_acuario_holandes.jpg,596,395,69863
142012,7776,1,0,user_pics/7776/image__94deefbbd3.jpg,100,100,11590
21841,0,0,1,user_pics/anonymous/01_Copy_of_IMGA0271.jpg,490,368,62527
16883,1304,0,1,user_pics/1304/01_239.jpg,288,189,20545
85280,8106,0,1,user_pics/8106/malawi_2040fc3289.jpg,550,350,246057
1478,0,0,0,user_pics/anonymous/albums/album22/Photo0009.jpg,320,240,15342
146760,4215,0,0,user_pics/4215/2861b4_40fb629a5d.jpg,450,338,35357
177629,12475,0,0,user_pics/12475/images_5e00a2b58f.jpg,137,142,6157
125713,9805,0,0,user_pics/9805/eb2_jp_3a6f670c94.jpg,513,359,105890
32597,1224,0,0,user_pics/1224/01_July32007_female_red_point.JPG,600,442,100975
81028,7427,0,0,user_pics/7427/fishco_0f60684c8a.jpg,600,450,40729
88255,7518,0,0,user_pics/7518/1_2457_c8a5ca8480.jpg,600,450,41301
125308,10406,0,1,user_pics/10406/assbat_d4a7ea4016.jpg,446,336,67172
53847,5563,0,0,user_pics/5563/01_Image46.jpg,320,240,49165
20704,2014,0,0,user_pics/2014/01_Family_159.jpg,512,264,36596
113354,8643,0,0,user_pics/8643/protom_76b96ee31c.jpg,600,450,122964
13262,857,0,0,user_pics/857/01_060721_2247~01.jpg,120,160,6641
168724,12873,0,0,user_pics/12873/ccb06e_311a8cd81c.jpg,450,338,64666
114218,8728,0,0,user_pics/8728/fh_pai_aa30e01d83.jpg,258,258,32703
186005,13436,0,0,user_pics/13436/screen_12bafda3cd.jpg,472,499,276506
63140,1579,1,0,user_pics/1579/1579____file_01_new_008.jpg,500,411,47909
774,0,0,0,user_pics/anonymous/albums/tankgallery2/100_0420.jpg,400,297,117497
2879,0,0,0,user_pics/anonymous/albums/frontosa/CIMG0146.jpg,320,240,18049
138649,11166,0,0,user_pics/11166/jack_d_ca87872e3f.jpg,213,160,6855
15911,1061,0,0,user_pics/1061/01_HPIM0877.JPG,320,238,58606
171507,11584,0,0,user_pics/11584/jersey_fc0ca001f0.jpg,280,280,37548
47876,4990,0,0,user_pics/4990/02_h.bmp,320,240,230454
52983,5484,0,0,user_pics/5484/02_P1000805.JPG,516,370,41962
91752,5829,0,0,user_pics/5829/dsc062_976bbbf3cb.jpg,480,320,83929
119510,10059,0,0,user_pics/10059/photo0_93ac20f5a0.jpg,239,239,11187
83439,5829,0,0,user_pics/5829/dsc052_1e688fa50f.jpg,480,360,115676
62848,1579,1,0,user_pics/1579/1579____file_01_natives_044.jpg,500,375,35577
7822,0,0,0,user_pics/anonymous/01_DSC06292.JPG,481,445,85068
40322,4380,0,0,user_pics/4380/01_get-attachment-1.aspx.jpg,176,180,12852
3827,0,0,0,user_pics/anonymous/albums/african/napo_copy.jpg,362,236,67176
75606,7420,0,0,user_pics/7420/p10102_2717914e19.jpg,448,336,56698
126655,9642,0,0,user_pics/9642/l_a5af_9dade375ef.jpg,321,480,21307
79112,5603,0,0,user_pics/5603/hpim35_7c66d20601.jpg,269,179,63224
13900,0,0,0,user_pics/anonymous/01_fish_tank_desks.bmp,512,360,553014
69891,6853,0,0,user_pics/6853/6853____file_01_370c19cc2c.jpg,150,113,13358
107524,8621,0,0,user_pics/8621/151300_dfd7c18905.jpg,560,374,54219
2910,0,0,0,user_pics/anonymous/albums/frontosa/TANK.jpg,400,279,57511
3763,0,0,0,user_pics/anonymous/albums/malawi/African_tank_4_7_8_05_015x7.jpg,504,430,179758
3166,0,0,0,user_pics/anonymous/albums/malawi/gray.jpg,531,273,59503
76496,7511,0,0,user_pics/7511/fish_1_13acd536c0.jpg,590,375,128268
60429,3868,0,0,user_pics/3868/02_bl.jpg,285,228,24608
61836,23,1,1,user_pics/23/23____file_01_test.jpg,300,222,31976
28344,2882,0,0,user_pics/2882/01_23-04-07_2215.jpg,160,120,12635
5248,0,0,0,user_pics/anonymous/01_IM000232.JPG,288,210,39574
58454,3764,0,0,user_pics/3764/01_daff_face.jpg,554,477,286684
151984,11832,0,0,user_pics/11832/betta__bfe1843526.jpg,581,348,23092
36564,3900,0,0,user_pics/3900/02_pic6.jpg,170,120,5099
126530,2114,0,0,user_pics/2114/franki_dfea38b1ca.jpg,408,302,77528
3275,0,0,0,user_pics/anonymous/albums/malawi/Buccochromis_Rhoadesii.jpg,500,247,78794
44977,1579,1,0,user_pics/1579/1579____file_9999_15_fish_010.jpg,500,375,37155
68439,6867,0,0,user_pics/6867/6867____file_01_img00261.jpg,480,384,45232
141849,10079,0,0,user_pics/10079/_137_1_661fc21f80.jpg,271,254,11826
73659,5829,0,0,user_pics/5829/5829____file_01_dsc03335.jpg,480,360,83107
25393,2503,0,0,user_pics/2503/01_z5fish_002.jpg,562,335,143629
142899,11378,0,0,user_pics/11378/008_jp_489e021d85.jpg,491,368,176188
10838,0,0,0,user_pics/anonymous/01_good.jpg,450,338,51575
56850,3130,0,0,user_pics/3130/05_Copy_of_untitled.bmp,326,360,352854
134944,10963,0,0,user_pics/10963/downsi_a6f7c9c437.jpg,600,450,40399
42678,1883,0,0,user_pics/1883/02_jack2.jpg,406,406,48688
86984,8210,0,0,user_pics/8210/fish14_c9b867ed3b.jpg,500,375,210761
41569,1579,1,0,user_pics/1579/1579____file_9999_16_fish_018.jpg,500,375,60133
173078,4215,0,0,user_pics/4215/33_jpg_dcdb8699a0.jpg,450,338,79799
2420,0,0,0,user_pics/anonymous/albums/american/Babs_Wet_Pets_12_03_Midas_pair_1_ReSiz.jpg,432,288,81783
159999,13514,0,0,user_pics/12280/blue_j_cc83556c84.jpg,320,240,12482
63454,5421,0,0,user_pics/5421/5421____file_01_dsc00945.jpg,344,176,28727
62064,1579,1,0,user_pics/1579/1579____file_01_new_041.jpg,500,375,36861
32945,753,0,0,user_pics/753/02_DCP_2262.JPG,360,275,37143
24515,2192,0,0,user_pics/2192/01_fm17.jpg,480,505,225258
143712,7776,1,0,user_pics/7776/photo__efe679bbe8.jpg,160,148,5993
108202,9528,0,0,user_pics/9528/cichli_31be583109.jpg,160,120,236564
172599,13070,0,0,user_pics/13070/photo0_ceb5035ef3.jpg,320,240,15505
70216,7028,0,0,user_pics/7028/7028____file_01_cichlids-mystery.jpg,600,450,66505
103297,7776,1,1,user_pics/7776/nfc_dr_ef7f29c6e4.jpg,283,146,19066
3590,0,0,0,user_pics/anonymous/albums/malawi/clbillede6.jpg,450,183,87469
84355,5829,0,0,user_pics/5829/dsc053_4656c1735c.jpg,480,320,77075
157535,11513,0,0,user_pics/11513/picsin_ec7a5cb35d.jpg,600,360,432448
2831,0,0,0,user_pics/anonymous/albums/album17/tetracanthus_2.jpg,485,208,12940
3037,0,0,0,user_pics/anonymous/albums/malawi/Misc_fish_1.jpg,600,400,40587
171390,13080,0,0,user_pics/13080/img_20_fa4fad04b4.jpg,320,240,28342
107502,993,0,0,user_pics/993/5d213b_960f5a1a3b.jpg,150,113,13546
96888,8728,0,0,user_pics/8728/drtyus_15e4031444.jpg,406,406,48900
111916,3053,0,0,user_pics/3053/img000_385913793b.jpg,320,240,13576
7681,0,0,0,user_pics/anonymous/01_Red_Top.jpg,281,325,89213
73596,5829,0,0,user_pics/5829/5829____file_01_dsc03175.jpg,480,360,95428
33114,2192,0,0,user_pics/2192/01_polleni116.jpg,575,480,288948
158847,10784,0,0,user_pics/10784/aa_jpg_02bb655270.jpg,240,320,43904
25312,753,0,0,user_pics/753/01_DCP_1918.JPG,380,327,50774
78747,5829,0,0,user_pics/5829/dsc048_94a8ee9802.jpg,480,320,80492
65161,5623,0,0,user_pics/5623/5623____file_01_male.bmp,320,240,230454
5087,0,0,0,user_pics/anonymous/01_IMG_2469.JPG,465,245,78966
94,0,0,0,user_pics/anonymous/albums/tankgallery/paradisakvariet.jpg,383,200,22616
60963,1579,1,0,user_pics/1579/01_FISH_048.jpg,450,338,27188
79786,5829,0,0,user_pics/5829/dsc049_88c022bf8e.jpg,480,320,93367
37564,4114,0,0,user_pics/4114/02_two_convicts.jpg,150,113,2710
187054,3497,0,0,user_pics/3497/old_fi_30d937462d.jpg,450,338,43005
37229,4032,0,0,user_pics/4032/01_C_afra_chewere02.jpg,500,331,73807
151985,11832,0,0,user_pics/11832/cknf_j_9ca26731c8.jpg,443,315,25242
143120,11400,0,0,user_pics/11400/2_jpg_392d487ccb.jpg,500,375,62409
35413,3875,0,0,user_pics/3875/01_DSC05215.jpg,300,251,50055
14832,1084,0,0,user_pics/1084/01_Picture_012-1.jpg,583,438,254919
10099,0,0,0,user_pics/anonymous/01_blue_b3237b361bc40493675589bc12e56f10.jpg,600,450,30464
49697,1579,1,0,user_pics/1579/01_New_036.jpg,450,275,59847
126885,9174,0,0,user_pics/9174/img_02_95cab68136.jpg,429,573,70682
60451,1579,1,0,user_pics/1579/01_RE3A.jpg,500,375,70052
10509,615,0,0,user_pics/615/01_IM000386.JPG,560,432,114016
190789,15530,0,1,user_pics/15530/7e9c740d-7d4d-4f0d-aebe-d4f113a2bc30_images_4_.jpg,294,171,6597
164274,7776,1,0,user_pics/7776/550495_876bfb8339.jpg,403,365,49456
64033,1579,1,0,user_pics/1579/1579____file_01_polit3.jpg,500,420,31128
3505,0,0,0,user_pics/anonymous/albums/malawi/phenochilus_lupingu.jpg,500,433,189087
29738,0,0,1,user_pics/anonymous/01_Tilapia_buttikoferi_4.jpg,500,360,18027
12049,342,0,0,user_pics/342/01_dineejimpiclake_012.jpg,598,544,51255
3005,0,0,0,user_pics/anonymous/albums/malawi/Aulonocara_steveni.jpg,256,169,9192
183886,8830,0,0,user_pics/8830/image__6caaf4b137.jpg,543,318,42317
13094,830,0,0,user_pics/830/01_100_0426.jpg,300,400,32241
9909,47,0,0,user_pics/47/01_IM000105.JPG,578,421,107666
98823,9009,0,0,user_pics/9009/mar_09_c519d34237.jpg,424,318,80498
21637,1649,0,0,user_pics/1649/01_ice.bmp,400,300,360054
148440,11479,0,0,user_pics/11479/mayanc_f2036bea94.jpg,320,240,10258
138581,8621,0,0,user_pics/8621/tret_j_64c449ead3.jpg,556,326,105324
4399,0,0,0,user_pics/anonymous/albums/tankgallery/malawi6.jpg,500,348,60736
37561,4114,0,0,user_pics/4114/01_Baby_electric_cichlid.jpg,150,113,3956
38704,0,0,0,user_pics/anonymous/01_hero3.jpg,500,510,115049
1204,0,0,0,user_pics/anonymous/albums/album22/28_G.jpg,500,496,26149
32950,753,0,0,user_pics/753/01_DCP_2261.JPG,457,245,47444
65466,6238,0,0,user_pics/6238/6238____file_02_pic10.jpg,150,113,2463
94924,8728,0,0,user_pics/8728/tropic_d4ae127ff4.jpg,406,406,61062
41776,3538,0,0,user_pics/3538/02_babypeacock.JPG,546,366,83601
2336,0,0,0,user_pics/anonymous/albums/Jack-Dempsey/01_cichlid_JACK_DEMPSEY_pink2.jpg,200,150,35878
22633,0,0,0,user_pics/anonymous/01_dafodilia.jpg,600,450,31154
71019,5410,0,0,user_pics/5410/5410____file_01_dfapennstate.jpg,277,418,50657
59585,26,0,1,user_pics/26/02_The_Girls_Sept_12_07_002x7cc.jpg,423,504,174041
35204,3821,0,0,user_pics/3821/02_Chocolate.JPG,300,400,52076
3056,0,0,0,user_pics/anonymous/albums/malawi/peacock_pic.jpg,320,240,62860
111063,9445,0,0,user_pics/9445/pictur_23d88aab03.jpg,320,240,12353
73127,5829,0,0,user_pics/5829/5829____file_01_dsc03209.jpg,480,360,111669
77834,7434,0,0,user_pics/7434/46.jpg_1d2d7ed164.jpg,467,275,61998
41643,4520,0,0,user_pics/4520/01_jackandjilldempsey.jpg,600,450,79742
170479,12475,0,0,user_pics/12475/johann_3521891bd4.jpg,400,300,142409
61956,4304,0,0,user_pics/4304/4304____file_01_hpim4387.jpg,600,447,56387
30697,971,0,1,user_pics/971/01_cynotilapia_alexrodi_comparacion.jpg,500,502,241998
89068,23,1,1,user_pics/23/logo.j_f3f36d69e7.jpg,400,120,6860
139693,5311,0,0,user_pics/5311/fight__20009110b9.jpg,130,98,38470
2992,0,0,0,user_pics/anonymous/albums/Blue-Dolphins/cyrtocara_moorii.jpg,400,253,73225
168403,11479,0,0,user_pics/11479/photoc_54f17b0144.jpg,450,338,161328
60960,1579,1,0,user_pics/1579/01_FISH_042.jpg,450,500,62740
3085,0,0,0,user_pics/anonymous/albums/malawi/tony_phoebe_napo.jpg,443,412,87413
78685,7574,0,0,user_pics/7574/img_22_b540efb51c.jpg,502,364,114205
81803,7599,0,0,user_pics/7599/30_gal_707e63e811.jpg,301,300,47437
16462,977,0,0,user_pics/977/04_red.jpg,600,450,34394
79188,7546,0,0,user_pics/7546/photo0_b7f84fadd2.jpg,240,320,17244
135495,10816,0,0,user_pics/10816/yellow_86d6fce432.jpg,320,240,47671
70355,598,0,0,user_pics/598/598____file_01_new6.jpg,320,240,20251
72114,7135,0,0,user_pics/7135/7135____file_01_cichlid_tank_3.jpg,524,592,52750
89076,5003,0,0,user_pics/5003/pinkyo_61185ddba7.jpg,591,393,109469
98883,8728,0,0,user_pics/8728/babies_d2943544f7.jpg,406,406,39690
30286,2690,0,0,user_pics/2690/01_eb2.jpg,472,339,21684
17017,1061,0,0,user_pics/1061/01_HPIM1011.JPG,320,238,52323
177883,5603,0,1,user_pics/5603/cichli_17f73a29b2.jpg,537,454,255549
86715,7518,0,0,user_pics/7518/1_3954_dadfa1b41b.jpg,528,392,23367
98989,5829,0,0,user_pics/5829/dsc071_1d39b8beff.jpg,480,320,90022
185115,12903,0,0,user_pics/12903/dsc_03_b67e9eccea.jpg,319,213,38464
95515,8210,0,0,user_pics/8210/firemo_5bdc40b10a.jpg,258,258,34333
135828,9076,0,0,user_pics/9076/img_26_297ef27c7e.jpg,277,280,24572
123658,8717,0,0,user_pics/8717/123_jp_0b303db313.jpg,147,196,2093
21969,2192,0,0,user_pics/2192/01_geo3.jpg,320,213,68465
83514,5829,0,0,user_pics/5829/dsc052_bb73a8e1de.jpg,480,360,118060
171602,13087,0,0,user_pics/13087/135551_75f45501a6.jpg,546,384,48678
140693,10754,0,0,user_pics/10754/bike_r_f506f1af94.jpg,448,171,28724
62218,4827,0,0,user_pics/4827/4827____file_01_severumgang.jpg,501,480,221573
4151,0,0,1,user_pics/anonymous/albums/other/TigerBarb.jpg,320,240,8485
95257,8621,0,0,user_pics/8621/new_ta_4462971f09.jpg,324,432,51501
36962,4033,0,0,user_pics/4033/07_6.jpg,428,285,151066
104584,9369,0,0,user_pics/9369/eiffel_c4145d8ca4.jpg,512,384,21792
87084,7113,0,0,user_pics/7113/434bd1_6ca5ccf428.jpg,145,98,4328
70853,7065,0,1,user_pics/7065/7065____file_01_unknown_tank_4.jpg,448,335,29696
47674,0,0,0,user_pics/anonymous/01_j.jpg,384,288,17410
62337,6209,0,1,user_pics/6209/6209____file_01_roger_hopper_is_big_fish.jpg,160,107,3949
94039,8728,0,0,user_pics/8728/blue_a_a326e36b1d.jpg,406,406,58129
37912,4163,0,0,user_pics/4163/07_tank_005.jpg,256,192,61016
137829,11052,0,0,user_pics/11052/dsc018_09a7a6158b.jpg,320,240,11422
63979,6340,0,0,user_pics/6340/6340____file_01_dsc01654.jpg,222,111,19316
22510,2278,0,0,user_pics/2278/01_planted_tank.jpg,320,240,21596
182385,13802,0,0,user_pics/13802/cam010_5338fe3fc9.jpg,338,153,19262
4078,0,0,0,user_pics/anonymous/albums/other/nightcrawler.jpg,600,480,272025
32208,3462,0,0,user_pics/3462/01_DCFC0018.JPG,591,411,47207
2258,0,0,0,user_pics/anonymous/albums/album05/01_cichlid.jpg,512,384,122836
94235,8728,0,0,user_pics/8728/gt.jpg_2c98fec2ed.jpg,406,406,73613
176179,13376,0,1,user_pics/13372/image__9298ce1ff6.jpg,600,450,51116
174248,12248,0,0,user_pics/12248/060_jp_96c4af7965.jpg,408,230,26949
140036,10603,0,0,user_pics/10603/graphi_00b81052c1.jpg,444,334,76702
3211,0,0,0,user_pics/anonymous/albums/malawi/Ps_perspicax_orange_cap.jpg,500,221,77914
147534,11599,0,0,user_pics/11599/pic_3__b00452fd72.jpg,375,500,43434
61847,1579,1,0,user_pics/1579/1579____file_01_New_100.jpg,500,376,40791
50634,5222,0,1,user_pics/5222/01_Pse_polit_09.jpg,211,141,27113
155845,8744,0,0,user_pics/8744/questi_accc63e789.jpg,389,386,7534
4844,0,0,0,user_pics/anonymous/01_90444368_308592916_0.jpg,250,250,14899
63060,5512,0,0,user_pics/5512/5512____file_01_frontosa.jpg,600,400,81391
2421,0,0,0,user_pics/anonymous/albums/american/Babs_Wet_Pets_12_03_M_Midas_4.jpg,432,288,53405
142629,11299,0,0,user_pics/11299/img004_622a102053.jpg,528,400,63948
18238,0,0,0,user_pics/anonymous/01_Picture_099.jpg,547,480,83881
1711,0,0,0,user_pics/anonymous/albums/album22/pseudotropheus_elongatus_male_and_female_psd.jpg,360,174,30700
97303,8728,0,0,user_pics/8728/2.jpg_3fad4d42b1.jpg,326,326,22985
80745,6816,0,0,user_pics/6816/l_0adb_528794f880.jpg,600,450,23483
13132,123,0,0,user_pics/123/01_White_Diamond.JPG,406,345,284078
62335,4827,0,0,user_pics/4827/4827____file_01_upright.jpg,480,567,250702
80827,6447,0,0,user_pics/6447/idshar_f974022397.jpg,160,120,5521
159925,13514,0,0,user_pics/12280/myster_8fd405cd69.jpg,320,240,11594
64334,6411,0,0,user_pics/6411/6411____file_01_oz.jpg,170,136,5206
21,0,0,0,user_pics/anonymous/albums/tankgallery/malawi_storm_oficial.jpg,600,396,56626
42998,3854,0,1,user_pics/3854/01_4b4a142-1-.jpg,100,65,2197
72384,6480,0,0,user_pics/6480/6480____file_01_hpim0800.jpg,570,428,54499
177525,12475,0,0,user_pics/12475/images_c2d051ca0e.jpg,137,142,6157
61096,6105,0,0,user_pics/6105/01_Melanochromis_cyaneorhabdos.jpg,500,375,33951
15391,123,0,0,user_pics/123/01_Blue_Diamond.JPG,325,347,196744
42631,1579,1,0,user_pics/1579/1579____file_9999_37_FISH_003.jpg,500,375,46296
143746,10802,0,1,user_pics/10802/3_bmp_5fe1d96473.jpg,451,338,458382
5480,139,0,0,user_pics/139/01_ornatus1.jpg,553,315,71065
2857,0,0,0,user_pics/anonymous/albums/album20/Neolamprologus_nigriventris.jpg,250,122,8248
6412,180,0,0,user_pics/180/01_obbppp.bmp,483,563,817530
43201,3978,0,0,user_pics/3978/02_DSCF3547.JPG,510,341,79266
61509,3584,0,0,user_pics/3584/50_010.JPG,450,338,45251
2123,0,0,0,user_pics/anonymous/albums/user_gallery/75_gal_set_up_058x7.jpg,504,311,132760
79813,2953,0,0,user_pics/2953/100-00_7151274c07.jpg,598,592,32527
139595,3584,0,1,user_pics/3584/_cid_x_13fe851926.jpg,480,470,50564
1121,0,0,0,user_pics/anonymous/albums/album22/108_0892_2.jpg,408,332,38691
163394,11513,0,0,user_pics/11513/5i75n5_13c9fef890.jpg,600,337,15346
13674,0,0,0,user_pics/anonymous/01_tank5_bc7b13ab12a3d43ee34aeed02468dfc5.jpg,240,320,81617
28231,2192,0,0,user_pics/2192/01_babysev19.jpg,570,479,253186
120543,10059,0,0,user_pics/10059/photo0_4769e87ecf.jpg,480,480,26016
47624,4581,0,0,user_pics/4581/01_Fortaleza.jpg,500,332,173361
21588,123,0,0,user_pics/123/01_New_Pigeon_Blood_2.jpg,293,345,239440
185117,12903,0,0,user_pics/12903/dsc_03_f551b7cc13.jpg,319,213,27474
155787,10784,0,0,user_pics/10784/secure_1db6f7adf1.jpg,320,480,254674
150951,10784,0,0,user_pics/10784/sulfer_15090b8d0f.jpg,240,320,52552
44325,3130,0,0,user_pics/3130/01_71494a02b7.jpg,430,323,47956
20359,1433,0,0,user_pics/1433/01_big_lou_guardian.jpg,384,512,32027
162518,3584,0,0,user_pics/3584/heart__3501c12d5f.jpg,101,92,1834
188049,5228,0,0,user_pics/5228/img_20_fd613b8a53.jpg,192,256,19957
92671,5829,0,0,user_pics/5829/dsc063_b2f229bb2f.jpg,480,320,50399
52954,5308,0,0,user_pics/5308/01_peacock1.jpg,562,225,31420
61556,1579,1,0,user_pics/1579/01_More_Fish_020.jpg,500,375,28051
86983,8210,0,0,user_pics/8210/fish13_641312acb7.jpg,375,500,222330
33297,971,0,0,user_pics/971/01_zebra01.jpg,510,348,171684
13325,837,0,0,user_pics/837/01_African_Mystery_3.jpg,320,240,6276
154527,11892,0,0,user_pics/11892/2012-0_b935b77a00.jpg,461,255,20300
29846,2192,0,0,user_pics/2192/01_jd122.jpg,597,480,372761
8962,0,0,0,user_pics/anonymous/01_goku.bmp,181,155,84374
144499,10794,0,0,user_pics/10794/photo1_e4e9d7f3de.jpg,450,600,101770
3623,0,0,0,user_pics/anonymous/albums/malawi/aquarium_006.jpg,544,408,43987
165860,8744,0,0,user_pics/8744/072712_aab4502b99.jpg,480,388,32823
5442,0,0,0,user_pics/anonymous/01_Cap0529.BMP,320,240,230454
92783,5829,0,0,user_pics/5829/dsc064_eb5213fa2b.jpg,480,320,85867
171911,13514,0,0,user_pics/12280/projec_7e4c29789a.jpg,480,384,43679
108299,3584,0,0,user_pics/3584/mannin_71478be468.jpg,392,154,24106
59316,3868,0,0,user_pics/3868/01_2id.jpg,285,228,21940
3359,0,0,0,user_pics/anonymous/albums/malawi/Momma_Mouth_Brooder_101_0023.jpg,375,360,47215
55278,5521,0,0,user_pics/5521/01_akiz.jpg,317,500,36033
12011,0,0,1,user_pics/anonymous/01_carpintis.jpg,567,409,112799
38106,1579,1,0,user_pics/1579/1579____file_9999_17_FISH_005.jpg,500,375,41677
169067,12930,0,0,user_pics/12930/cichla_d2de9d2563.jpg,450,300,64659
171997,12653,0,0,user_pics/12653/image__75a06e5113.jpg,259,194,17009
42590,1579,1,0,user_pics/1579/1579____file_9999_28_FISH_006.jpg,500,375,55647
141805,10747,0,0,user_pics/10747/crenic_7df251eb7a.jpg,375,300,30092
100509,8853,0,1,user_pics/8853/festae_8e6926dc78.jpg,500,327,125437
5060,0,0,0,user_pics/anonymous/01_P1010208.JPG,443,333,49594
16900,26,0,0,user_pics/26/01_125_gal_tank_Dec_05_2_009x7.jpg,504,378,179752
1426,0,0,0,user_pics/anonymous/albums/album22/Marble_Peacock_4_copy.jpg,454,260,39821
78373,7546,0,0,user_pics/7546/photo0_7ab2c0b8ce.jpg,240,320,16304
147733,3584,0,1,user_pics/3584/4dd645_e6a36f485c.jpg,160,145,5992
307,0,0,0,user_pics/anonymous/albums/tankgallery/Second10gallonupdateresize.jpg,504,318,74832
23186,2239,0,0,user_pics/2239/01_pink_oscar.jpg,133,100,4694
79292,7729,0,0,user_pics/7729/untitl_6ff1fffbe8.jpg,405,318,28014
152105,11915,0,0,user_pics/11915/new_fi_3baaeb506f.jpg,300,194,30759
100552,6551,0,1,user_pics/6551/baby.j_2732962bb0.jpg,336,248,25183
27242,2192,0,0,user_pics/2192/01_uaru91.jpg,524,480,235586
10552,615,0,0,user_pics/615/02_IM000461.JPG,544,416,95808
145153,4615,0,0,user_pics/4615/eagle__98e5d083ed.jpg,133,92,3940
52882,5474,0,0,user_pics/5474/01_fish_005__3_.JPG,480,352,44532
147529,11599,0,0,user_pics/11599/my_juv_660e5ea36c.jpg,375,500,40596
48939,0,0,0,user_pics/anonymous/01_m_47929d7f35edd0310ce21dc9e3a8be15.jpg,170,127,4964
94102,8721,1,0,user_pics/8721/small__a119b571b9.jpg,500,375,40120
49454,5139,0,0,user_pics/5139/01_Sep05_0003.jpg,320,240,9110
179488,7776,1,0,user_pics/7776/egg_tu_79b2a5056b.jpg,147,146,5548
134983,7239,0,0,user_pics/7239/sspx01_3d671a5360.jpg,512,384,51973
14123,0,0,1,user_pics/anonymous/01_tank4.gif,512,384,112753
8503,0,0,0,user_pics/anonymous/01_jewel3.jpg,600,518,75282
163386,7776,1,0,user_pics/7776/father_490b1d1bcf.jpg,120,90,5483
120428,10059,0,1,user_pics/10059/photo0_533fb111c4.jpg,480,480,63136
3789,0,0,0,user_pics/anonymous/albums/malawi/DSC00106.jpg,519,318,47670
49975,26,0,1,user_pics/26/01_giants.jpg,327,392,77190
16062,0,0,1,user_pics/anonymous/01_IM000720.JPG,576,432,65747
78815,7546,0,0,user_pics/7546/photo0_aa219b9c7e.jpg,240,320,16139
32240,3462,0,0,user_pics/3462/09_Picture_051.jpg,393,222,25931
60967,3584,0,0,user_pics/3584/53_001.JPG,450,338,47974
23730,2192,0,0,user_pics/2192/01_sevs60.jpg,507,479,147686
3488,0,0,0,user_pics/anonymous/albums/malawi/N_purpurans_001.jpg,500,349,100698
61339,3584,0,0,user_pics/3584/41_015.JPG,450,338,59747
132382,10812,0,0,user_pics/10812/img004_7405e09254.jpg,480,352,38484
113507,9798,0,0,user_pics/9798/breedi_790de3e551.jpg,421,281,20707
82867,5829,0,0,user_pics/5829/dsc051_f9fcd9348b.jpg,480,320,92650
167637,12816,0,0,user_pics/12816/567_jp_aaea9b05e9.jpg,256,144,21825
61398,1579,1,0,user_pics/1579/01_Zoo_Trip_042.jpg,500,375,85342
108984,9528,0,0,user_pics/9528/obfrye_e55b9d33a1.jpg,600,450,54763
101858,7867,0,0,user_pics/7867/cimg14_62ae969432.jpg,360,270,47130
1481,0,0,0,user_pics/anonymous/albums/album22/Photo0026.jpg,320,240,11517
165269,8621,0,1,user_pics/8621/mystry_3422149103.jpg,600,400,29044
184108,5603,0,0,user_pics/5603/00a0a__c19e3c41c7.jpg,600,400,53266
8884,438,0,0,user_pics/438/01_pleco7.jpg,600,452,47650
61344,3584,0,0,user_pics/3584/37_014.JPG,450,338,54764
6042,123,0,0,user_pics/123/01_FlameTail_Yawn.JPG,431,448,227731
18833,0,0,0,user_pics/anonymous/01_ofsparcles1.jpg,589,442,56522
31210,3270,0,0,user_pics/3270/01_tonys_tank.jpg,258,258,48390
19961,26,0,0,user_pics/26/01_125_gal_fish__Dec_9_05_008x7cp.jpg,504,337,81230
169149,12937,0,0,user_pics/12937/img956_a30adb1dcf.jpg,406,542,41538
3014,0,0,0,user_pics/anonymous/albums/malawi/Cyrtocara_venusta_young.jpg,293,159,9592
123810,9696,0,0,user_pics/9696/questi_2894b75b08.jpg,376,332,48335
162845,12525,0,0,user_pics/12525/images_9bb769c2d3.jpg,259,194,9229
164346,10747,0,0,user_pics/10747/happy__55ce30a33e.jpg,420,392,26414
185122,12903,0,0,user_pics/12903/_t2ec1_ba5963e3e9.jpg,300,226,16201
75186,7000,0,0,user_pics/7000/7000____file_02_new.jpg,600,450,26187
60916,1579,1,0,user_pics/1579/01_FISH_111.jpg,500,375,46976
99893,5896,0,0,user_pics/5896/1.cps_fc385db355.jpg,600,388,146192
80252,7574,0,0,user_pics/7574/img_33_54ca5d9f91.jpg,556,417,117282
73595,5829,0,0,user_pics/5829/5829____file_01_dsc03164.jpg,480,360,63984
174063,12552,0,0,user_pics/12552/centim_6573533ccb.jpg,338,255,259134
20375,123,0,0,user_pics/123/01_Chewere_2.10.7_small.JPG,500,341,235452
91573,7074,0,0,user_pics/7074/p10171_b64cb8819e.jpg,574,575,41144
57407,3130,0,0,user_pics/3130/06_Copy_of_untitled.bmp,484,475,689754
62128,1579,1,0,user_pics/1579/1579____file_01_midas_2.jpg,500,375,75537
26211,1077,0,0,user_pics/1077/02_DSC00364.JPG,448,314,31031
168161,11324,0,0,user_pics/11324/d09a10_3489084251.jpg,450,301,156157
119,0,0,0,user_pics/anonymous/albums/tankgallery/FISHTA_1.jpg,600,450,371042
166650,12477,0,0,user_pics/12477/farewe_5efb379a85.jpg,210,225,17231
1178,0,0,0,user_pics/anonymous/albums/album22/115_1540_edited.jpg,465,384,123374
176379,12130,0,0,user_pics/12130/main2__d1106f154c.jpg,436,580,45160
2621,0,0,0,user_pics/anonymous/albums/american/little_fatty.jpg,416,304,44514
21879,2192,0,0,user_pics/2192/01_polleni1.jpg,319,213,72143
4632,0,0,0,user_pics/anonymous/01_fish_Tank.jpg,450,299,40872
40016,4365,0,1,user_pics/4365/01_s1468950058_30007979_4695.jpg,130,86,4580
1781,0,0,0,user_pics/anonymous/albums/user_gallery/1blue.jpg,575,293,172931
1780,0,0,0,user_pics/anonymous/albums/user_gallery/herefishyfishyfishy.gif,426,219,69196
80727,7427,0,0,user_pics/7427/downsi_4ef981112e.jpg,600,450,49237
24857,0,0,0,user_pics/anonymous/02_orange.jpg,150,113,5034
119501,10059,0,0,user_pics/10059/photo0_0344878498.jpg,320,240,14306
152772,8447,0,0,user_pics/8447/philip_04b4b32215.jpg,585,390,32132
108132,8210,0,0,user_pics/8210/blueac_a170dbbc53.jpg,258,258,31244
61833,23,1,1,user_pics/23/02_test.jpg,300,222,31976
183104,12475,0,0,user_pics/12475/f6ee29_c2b269e008.jpg,352,203,37593
94096,8721,1,0,user_pics/8721/pm3_18_433fa7cff0.jpg,500,375,64997
137089,11098,0,0,user_pics/11098/my_tan_baf4893a5c.jpg,359,342,229963
61482,3584,0,0,user_pics/3584/68_004.JPG,450,338,62970
174198,12873,0,0,user_pics/12873/4fbd0d_27df3e9512.jpg,450,299,63235
32951,753,0,0,user_pics/753/02_DCP_2282.JPG,481,247,38704
9730,0,0,0,user_pics/anonymous/02_fishys001.jpg,352,288,60708
92647,8210,0,0,user_pics/8210/fish6-_7292725104.jpg,500,375,177841
73496,7191,0,0,user_pics/7191/7191____file_01_l_18d65ca6bfc94444bc98ac4d782d1076.jpg,600,443,50914
128103,5603,0,0,user_pics/5603/dsc_00_9562bf02ed.jpg,452,302,82361
92481,5829,0,0,user_pics/5829/dsc063_1abb2047db.jpg,480,320,79337
76097,6092,0,0,user_pics/6092/the_re_f80e2da668.jpg,593,447,62890
184597,14134,0,0,user_pics/14134/999999_21d96f8a90.jpg,556,369,160209
102896,9271,0,0,user_pics/9271/arotan_b3aa179a69.jpg,469,340,31634
2637,0,0,0,user_pics/anonymous/albums/american/Picture_001.jpg,534,408,58424
182563,8887,0,0,user_pics/8887/rubesc_d2278e8ed1.jpg,450,338,32558
101257,8887,0,0,user_pics/8887/open1b_1db15e3ce3.jpg,480,384,24845
10578,0,0,0,user_pics/anonymous/01_picture038.jpg,240,320,9669
123495,5603,0,1,user_pics/5603/dsc_00_c258743854.jpg,282,181,61862
97596,8230,0,0,user_pics/8230/redfac_3106ab2a61.jpg,320,240,8110
50628,5222,0,1,user_pics/5222/01_bf_1.jpg,320,183,45647
96801,8672,0,0,user_pics/8672/dolphi_babec9ba3b.jpg,296,287,27062
13799,0,0,1,user_pics/anonymous/01_120_83x64.jpg,82,64,1644
123040,1734,0,0,user_pics/1734/gt_fem_6e6197c629.jpg,450,338,52626
29589,2480,0,0,user_pics/2480/01_IMG_3800.JPG,480,360,40014
25396,1071,0,0,user_pics/1071/01_DSC06147.jpg,452,301,43430
97735,5603,0,0,user_pics/5603/pict11_9f566bf068.jpg,592,395,90324
77843,6241,0,0,user_pics/6241/dc0220_0711579788.jpg,250,250,38900
182013,13778,0,0,user_pics/13778/img_20_f53b95dfb7.jpg,592,502,76626
123381,10248,0,0,user_pics/10248/f003_j_b6b71bf18c.jpg,541,397,148164
10409,0,0,1,user_pics/anonymous/03_New_Image.BMP,352,288,304182
24797,511,0,0,user_pics/511/01_e2bebf6a2c.jpg,430,323,52603
16451,0,0,0,user_pics/anonymous/02_blue.jpg,450,338,18572
97103,8728,0,0,user_pics/8728/ergwer_b82cb61050.jpg,406,406,61449
29134,3057,0,0,user_pics/3057/01_05-01-07_1359.jpg,320,240,40271
85283,8106,0,1,user_pics/8106/rockwo_8da414ca55.jpg,600,405,174501
22709,2314,0,1,user_pics/2314/01_firemouth1.jpg,430,344,35076
178406,8447,0,0,user_pics/8447/albino_c56f85a596.jpg,403,303,60104
128675,10386,0,0,user_pics/10386/photo__52641fa674.jpg,177,145,42913
99629,8728,0,0,user_pics/8728/flamin_c715acf09b.jpg,406,406,54788
120422,10059,0,1,user_pics/10059/photo0_09b26ee38d.jpg,480,480,63136
158140,12231,0,0,user_pics/12231/2012-0_f45f715010.jpg,220,179,24884
221,0,0,0,user_pics/anonymous/albums/tankgallery/fish_002.jpg,500,377,37387
13557,0,0,0,user_pics/anonymous/02_New_Image9.BMP,352,288,304182
57395,3764,0,0,user_pics/3764/01_wet_spot.jpg,419,450,78003
13698,0,0,1,user_pics/anonymous/01_105463089.jpg,125,83,2609
2439,0,0,0,user_pics/anonymous/albums/american/osama.jpg,400,302,55093
150685,11513,0,0,user_pics/11513/030_jp_b17ab9c884.jpg,512,384,49494
190062,15273,0,0,user_pics/15273/139419_b85dc8b7d7.jpg,450,338,35549
8681,342,0,0,user_pics/342/01_severum2.jpg,326,246,26753
187369,7711,0,0,user_pics/7711/dsc_01_0337171889.jpg,484,323,76404
116756,3053,0,0,user_pics/3053/untitl_1d8d34b9b7.jpg,400,400,156092
98246,5065,0,0,user_pics/5065/l_0cb7_961306bb45.jpg,600,450,53173
179317,13531,0,0,user_pics/13531/snapsh_8e8095a12b.jpg,494,371,235528
24773,2503,0,0,user_pics/2503/01_z1Fish_011.jpg,500,375,154687
11865,0,0,1,user_pics/anonymous/02_Photo_#29.jpg,320,240,13100
75206,6304,0,0,user_pics/6304/f01ef8_b059b47bc1.jpg,430,323,64550
143742,10802,0,1,user_pics/10802/untitl_7899df9c5f.jpg,338,451,458270
74930,5829,0,0,user_pics/5829/5829____file_01_misc_438.jpg,480,360,41003
168162,11324,0,0,user_pics/11324/40112d_ddd050f3bc.jpg,450,309,206744
180382,13436,0,0,user_pics/13436/untitl_84b15f1f5f.jpg,225,225,30447
63178,1579,1,0,user_pics/1579/1579____file_01_dragons_blood_01.jpg,500,375,44332
11431,0,0,0,user_pics/anonymous/01_big_boy.jpg,402,264,9275
15101,0,0,0,user_pics/anonymous/01_germanred.jpg,360,270,39532
130671,10505,0,0,user_pics/10505/img_09_dc75a99c7a.jpg,360,270,66683
17966,1681,0,0,user_pics/1681/01_chomper_05759cf63223bd17b4b81fc92d9a8400.jpg,600,450,111305
32112,3451,0,1,user_pics/3451/01_Arrowana.jpg,512,217,37470
24482,2192,0,0,user_pics/2192/01_fm13.jpg,434,316,129371
151716,11832,0,0,user_pics/11832/female_1677dc083e.jpg,564,521,41335
524,0,0,0,user_pics/anonymous/albums/Sand-Tanks/outside2.jpg,500,400,39448
154579,9669,0,0,user_pics/9669/confus_ac8c54234e.jpg,194,249,9056
112979,9733,0,0,user_pics/9733/myobfe_082d114903.jpg,315,210,31652
249,0,0,0,user_pics/anonymous/albums/tankgallery/CIMG0135_001.jpg,320,240,17547
1319,0,0,0,user_pics/anonymous/albums/album22/EMRA.jpg,318,245,11912
75050,4215,0,1,user_pics/4215/4215____file_01_p1010296gt5.jpg,240,320,26305
171772,13514,0,0,user_pics/12280/pats_v_052760e21c.jpg,300,240,9799
56596,4827,0,0,user_pics/4827/01_Eureka_Red.BMP,287,186,160758
41434,4368,0,0,user_pics/4368/01_Project29.png,500,375,1539674
1427,0,0,0,user_pics/anonymous/albums/album22/Midas_Fry_4x6fry.jpg,360,350,62938
1706,0,0,0,user_pics/anonymous/albums/album22/parrot.jpg,400,394,26301
76949,6888,0,0,user_pics/6888/jobos__90440e1dd8.jpg,500,306,459054
36565,3900,0,0,user_pics/3900/02_pic7.jpg,170,120,5015
16732,0,0,1,user_pics/anonymous/01_avatar157538_7.gif,150,113,4543
18566,1766,0,0,user_pics/1766/01_blue1.jpg,400,300,107889
61349,3584,0,1,user_pics/3584/31_019.JPG,450,338,56008
38638,2138,0,0,user_pics/2138/05_bb.jpg,304,304,27494
61002,3584,0,0,user_pics/3584/15_032.JPG,450,338,56486
131704,1368,0,1,user_pics/1368/satano_2296789041.jpg,504,328,32378
5096,0,0,0,user_pics/anonymous/01_Hungry_peeps.jpg,591,443,402049
102259,8728,0,0,user_pics/8728/2.jpg_6da08ba24d.jpg,258,258,31243
96887,8728,0,0,user_pics/8728/ukdtyj_eb1f3b5dda.jpg,406,406,53526
96044,8728,0,0,user_pics/8728/11.jpg_872ebc5be5.jpg,406,406,43277
158296,12236,0,0,user_pics/12236/img_20_4c02760838.jpg,364,353,16636
62031,4304,0,0,user_pics/4304/4304____file_01_hpim4407.jpg,600,447,51554
12370,0,0,1,user_pics/anonymous/01_1222_item.jpg,360,255,11049
52203,5046,0,0,user_pics/5046/01_21-02-08_1732.jpg,320,240,11005
51872,5357,0,1,user_pics/5357/01_Rams-pair.gif,400,259,81085
3039,0,0,0,user_pics/anonymous/albums/malawi/RZ_PC.jpg,600,400,52409
30991,338,0,0,user_pics/338/01_Picture_003_edited_edited-1.jpg,500,332,126491
181442,12475,0,0,user_pics/12475/284b1f_96328edd22.jpg,450,338,40295
176416,13363,0,0,user_pics/13363/tomato_14829fb0d4.jpg,600,295,125546
81312,7721,0,0,user_pics/7721/new_sa_c2ac51a3c6.jpg,600,480,22658
60988,1579,1,0,user_pics/1579/01_FISH_082.jpg,500,375,35510
12709,0,0,0,user_pics/anonymous/01_mkjl.jpg,432,288,105155
3179,0,0,0,user_pics/anonymous/albums/malawi/Rostratus.jpg,500,207,77230
55003,4827,0,0,user_pics/4827/01_Paralabidochromis%20sp%20Red%20Fin%20Piebald.jpg,543,350,40090
47682,4990,0,0,user_pics/4990/01_t.jpg,170,127,4384
4681,50,0,1,user_pics/50/01_juvenile_tank.jpg,400,266,51524
83312,7810,0,0,user_pics/7810/l_abbf_4220e04121.jpg,600,449,38588
108111,982,0,0,user_pics/982/dsc043_52e4abd0e1.jpg,478,461,116800
157167,648,0,0,user_pics/648/questi_0496caf270.jpg,225,225,4287
21864,2192,0,0,user_pics/2192/01_jd9.jpg,319,213,66693
94122,8733,0,0,user_pics/8733/n11039_da484cff59.jpg,600,429,39896
93922,8721,1,0,user_pics/8721/a9.jpg_ca6db88343.jpg,500,358,74339
36740,1579,1,0,user_pics/1579/01_NEW_030.jpg,553,464,38725
92782,5829,0,0,user_pics/5829/dsc064_4d013597f7.jpg,480,320,79821
9353,518,0,1,user_pics/518/02_02122006t.JPG,559,448,54629
12798,793,0,0,user_pics/793/01_fav_fish.JPG,576,432,22468
116743,5784,0,1,user_pics/5784/my_new_94cc9186ed.jpg,576,416,57640
2187,0,0,0,user_pics/anonymous/albums/user_gallery/TANK.jpg,400,279,57511
153328,11479,0,0,user_pics/11479/125gal_73bf8b9623.jpg,300,225,13590
83515,5829,0,0,user_pics/5829/dsc052_dcb0d32d63.jpg,480,320,79590
16296,1411,0,0,user_pics/1411/03_Fishies.jpg,120,160,8270
164602,12589,0,0,user_pics/12589/134158_0416274ace.jpg,384,320,77298
20578,1649,0,0,user_pics/1649/01_fish_tsa.bmp,450,338,457030
108937,7371,0,0,user_pics/7371/shangh_e8adbd5654.jpg,500,374,90568
180069,13146,0,0,user_pics/13146/rip_jp_8bb4647647.jpg,450,338,31317
10100,0,0,0,user_pics/anonymous/01_Protemalas.jpg,486,365,143495
95427,7371,0,1,user_pics/7371/laundr_aab0faed79.jpg,594,563,22193
37413,753,0,0,user_pics/753/01_IMG_0728.JPG,320,240,29019
1484,0,0,0,user_pics/anonymous/albums/album22/Photo0031.jpg,320,240,11945
111068,9445,0,0,user_pics/9445/pictur_dd226fa7f8.jpg,320,240,13139
115674,8728,0,0,user_pics/8728/big_bo_8c856fa2a0.jpg,258,258,34250
145767,7776,1,0,user_pics/7776/smile__6cd147c8c8.jpg,193,196,113734
180193,10871,0,0,user_pics/10871/questo_c4078d8686.jpg,504,360,57739
191107,10900,0,0,user_pics/10900/478753ca-8020-4f1d-8bdc-66d109577d73_img_20180704_125651966.jpg,140,105,6745
15533,1281,0,0,user_pics/1281/01_akv6013.jpg,450,338,29213
25110,2114,0,0,user_pics/2114/01_kenyi_demasoni_zebra_fix.JPG,517,379,28496
94547,3029,0,0,user_pics/3029/382329_8a8bce494a.jpg,500,375,147900
10862,615,0,0,user_pics/615/01_IM000716.JPG,560,432,97024
154486,11832,0,0,user_pics/11832/turn_j_9197e1e8f0.jpg,585,452,42183
9631,0,0,0,user_pics/anonymous/01_fish11.jpg,576,290,172134
135521,10816,0,0,user_pics/10816/red_je_4c72c33d7d.jpg,320,240,61106
178802,13547,0,0,user_pics/13547/mpebwe_14b0642a40.jpg,213,159,9403
150949,10784,0,0,user_pics/10784/secure_638c335337.jpg,240,320,44324
35615,2690,0,0,user_pics/2690/01_gp.jpg,470,320,12196
87622,4742,0,0,user_pics/4742/photo0_486dd72bac.jpg,432,389,31178
39603,123,0,0,user_pics/123/01_9341a.jpg,500,237,24534
132826,10433,0,0,user_pics/10433/5_jpg_e4b30f5e7c.jpg,533,400,88246
35656,2690,0,0,user_pics/2690/01_gp2.jpg,474,322,21008
70854,7065,0,0,user_pics/7065/7065____file_02_unknown_tank_4.jpg,448,335,29696
151337,10137,0,0,user_pics/10137/turkey_5c613606f7.jpg,239,210,11452
178459,12873,0,0,user_pics/12873/a4f650_c1e17a3ade.jpg,130,97,17263
129687,7776,1,0,user_pics/7776/pup_jp_36f1a3d70d.jpg,220,147,9964
82263,7113,0,0,user_pics/7113/artch8_c4d2c9571d.jpg,400,300,17882
43423,4074,0,0,user_pics/4074/01_151474857110_0_SM.jpg,96,72,2795
152352,3584,0,0,user_pics/3584/60f161_ecde76719d.jpg,150,100,3364
186029,13053,0,0,user_pics/13053/filtro_960089f043.jpg,500,375,23999
47629,2077,0,0,user_pics/2077/03_100_0245.jpg,401,193,42618
74426,7253,0,0,user_pics/7253/7253____file_02_1101g11413n73k93o98bha446e13ac3b9104f.jpg,300,226,9994
108013,8672,0,0,user_pics/8672/bucky._39dbdbb1de.jpg,400,344,31524
12863,0,0,0,user_pics/anonymous/01_Cichli1297.jpg,411,239,8861
79233,2403,0,0,user_pics/2403/13e3a3_e555c456e4.jpg,450,338,144659
98254,5065,0,0,user_pics/5065/blue_z_e2a3b4e7d6.jpg,600,450,59020
147533,11599,0,0,user_pics/11599/my_juv_d0d17d2e35.jpg,375,500,41281
50527,5222,0,1,user_pics/5222/01_hong1_thumb.jpg,177,126,24218
165291,11093,0,0,user_pics/11093/7-16-1_92e9fa4be5.jpg,480,320,245681
45899,2871,0,0,user_pics/2871/04_DSC00345.JPG,600,450,369435
64637,1942,0,0,user_pics/1942/1942____file_01_camera_pics4_036.jpg,384,288,65553
40503,3160,0,0,user_pics/3160/01_red_devil_4.bmp,352,288,304182
82328,5623,0,0,user_pics/5623/l_87bb_3eb28627c6.jpg,600,450,64103
80220,7574,0,0,user_pics/7574/img_32_1b94d64f28.jpg,466,333,107872
148874,3584,0,0,user_pics/3584/bama_p_e9cbc376f1.jpg,320,320,187359
57580,5311,0,1,user_pics/5311/01_jayhawk-splash-040308.gif,339,300,22732
86679,8210,0,0,user_pics/8210/sattan_2bc092c1fe.jpg,500,375,221848
61941,1579,1,0,user_pics/1579/1579____file_01_polit_male.jpg,500,376,44460
187882,4615,0,0,user_pics/4615/00a0a__418573fee5.jpg,168,300,5072
2400,0,0,0,user_pics/anonymous/albums/american/P1010050.jpg,600,410,280288
8557,438,0,0,user_pics/438/01_flameback2.jpg,548,600,74341
6064,180,0,0,user_pics/180/01_bigram3.bmp,449,354,477246
125723,9805,0,0,user_pics/9805/dragon_7b0b79bdcf.jpg,423,447,146495
20745,2062,0,0,user_pics/2062/01_Buster.png,500,374,2194062
103260,8728,0,0,user_pics/8728/cnmjfg_4dcd6d9645.jpg,258,258,38917
181770,11502,0,0,user_pics/11502/201308_85de69ceeb.jpg,345,273,17779
177567,8720,0,0,user_pics/8720/prime__fd19507887.jpg,350,350,28614
168140,11203,0,0,user_pics/11203/no_com_86bb64febd.jpg,450,450,21458
6794,271,0,0,user_pics/271/01_NEW2.jpg,432,237,131879
43202,3978,0,0,user_pics/3978/02_DSCF3553.JPG,510,341,126898
9478,139,0,0,user_pics/139/01_leleupi.JPG,577,480,66556
13179,0,0,0,user_pics/anonymous/06_fish.jpg,254,192,13793
94061,8721,1,0,user_pics/8721/pm2_06_a604e184a2.jpg,500,423,81761
11441,0,0,0,user_pics/anonymous/01_pict0003.jpg,450,338,73144
188123,13302,0,0,user_pics/13302/2015-0_6b59e3e0c9.jpg,401,240,78252
103463,8728,0,0,user_pics/8728/fgjety_8a9475f5e6.jpg,258,258,35212
186137,13363,0,0,user_pics/13363/photo__6fbf6deeec.jpg,586,520,100644
171677,12873,0,0,user_pics/12873/joeys__9c5fdb4ec9.jpg,450,338,32094
179318,13531,0,0,user_pics/13531/snapsh_6e96e302a2.jpg,494,371,273963
37987,2690,0,0,user_pics/2690/03_jaws.jpg,500,343,25818
183740,8830,0,0,user_pics/8830/image__958908bb38.jpg,256,147,14559
132228,9174,0,0,user_pics/9174/img_57_5e495297fe.jpg,600,450,66422
5257,0,0,0,user_pics/anonymous/01_NICE_HONGI.jpg,500,302,66684
139625,7880,1,0,user_pics/7880/namale_1710f2a7c2.jpg,150,113,20476
50186,12176,0,0,user_pics/4641/01_fl403.jpg,320,320,14064
134132,10915,0,0,user_pics/10915/0_008__89c74846c0.jpg,384,288,75044
32239,3462,0,0,user_pics/3462/01_eb86e178de.jpg,430,230,14938
101259,8887,0,0,user_pics/8887/openbo_918dcfcdf0.jpg,480,384,24081
42255,2077,0,0,user_pics/2077/01_big_muskie_2005.jpg,288,432,63063
44202,1509,0,1,user_pics/1509/01_NEGRITA.jpg,600,398,63066
184307,12475,0,0,user_pics/12475/kens4b_cbd8812d80.jpg,499,334,19310
25395,2503,0,0,user_pics/2503/01_z5fish_012.jpg,500,375,139966
10933,0,0,0,user_pics/anonymous/01_aquarium_cff21adeb1bc927d664404c685ef516c.jpg,600,450,145659
66506,4783,0,0,user_pics/4783/4783____file_01_dscf3735.jpg,450,338,58663
101265,8887,0,0,user_pics/8887/open2b_7ad560b27a.jpg,480,384,13344
170555,12676,0,0,user_pics/12676/image2_9b807fc686.jpg,480,480,210173
154240,11324,0,0,user_pics/11324/acei_j_3911912def.jpg,441,275,44308
5331,0,0,0,user_pics/anonymous/01_9183a.jpg,500,375,17645
11657,26,0,1,user_pics/26/05_DSC00054(1)x4.jpg,432,324,102873
178458,12873,0,0,user_pics/12873/f31d86_f925148c31.jpg,130,97,8185
16481,1433,0,0,user_pics/1433/01_lou_and_tank.JPG,554,317,47468
105045,3584,0,0,user_pics/3584/ff_364_d65015b39f.jpg,274,234,20295
13083,0,0,0,user_pics/anonymous/01_dc8826d504.jpg,430,323,30802
1384,0,0,0,user_pics/anonymous/albums/album22/IMG_0687.jpg,405,304,72819
96937,8621,0,0,user_pics/8621/fry.jp_f9489df309.jpg,576,432,66225
19806,1433,0,0,user_pics/1433/01_j3.jpg,512,384,38725
14151,960,0,1,user_pics/960/01_tank4JPG.jpg,585,389,98577
191098,15603,0,0,user_pics/15603/68925fef-680a-4e7b-90bf-bf4d96be9238_01a424a0-7b2a-42fe-a43c-b93d81bfba11.jpeg,307,164,27312
1578,0,0,0,user_pics/anonymous/albums/album22/byrons_cichlids_tank.jpg,160,120,18908
3493,0,0,0,user_pics/anonymous/albums/malawi/rhamphochromis_ferow_yellow_001.jpg,500,201,88368
96042,8728,0,0,user_pics/8728/9.jpg_ef22948e46.jpg,406,406,59250
61415,3584,0,0,user_pics/3584/42_015.JPG,450,300,56889
2973,0,0,0,user_pics/anonymous/albums/album11/Altolamprologus_compressiceps_golden_head2.jpg,400,264,20270
11886,0,0,0,user_pics/anonymous/01_Photo_#31.jpg,320,240,11040
60768,5927,0,0,user_pics/5927/02_fwcichlidsmp1209572625.jpg,550,321,95488
3460,0,0,0,user_pics/anonymous/albums/malawi/fuscovenust_jpg.jpg,550,412,167869
103768,7574,0,0,user_pics/7574/worldj_a46c1c850c.jpg,360,252,88533
3297,0,0,0,user_pics/anonymous/albums/malawi/Pro_taeniolatus_red_empres3.jpg,500,251,78755
155774,10784,0,0,user_pics/10784/photo-_0ea2106e84.jpg,240,320,44471
187853,14390,0,0,user_pics/14390/191170_9b82ac44d6.jpg,480,360,19994
171163,11877,0,0,user_pics/11877/052510_dd63b2a964.jpg,450,578,60374
65472,6238,0,0,user_pics/6238/6238____file_01_pic18.jpg,150,113,3610
60599,5300,0,0,user_pics/5300/03_100_2143.JPG,571,382,74235
115074,9865,0,0,user_pics/9865/image__68b58462d8.jpg,320,426,22994
158420,12211,0,0,user_pics/12211/img_20_987cb26e9f.jpg,448,307,21111
5947,0,0,0,user_pics/anonymous/01_livingstonii_f89cb231fddbe0ca8088cde336418fa6.jpg,304,228,8350
39592,4332,0,0,user_pics/4332/01_o2.jpg,171,228,5878
42846,1579,1,0,user_pics/1579/01_NEW_022.jpg,450,338,74329
47996,4990,0,0,user_pics/4990/03_c.bmp,160,120,57654
19384,0,0,0,user_pics/anonymous/01_01Oscar16012007.jpg,591,443,468324
67872,6789,0,0,user_pics/6789/6789____file_01_lobster_sm.jpg,564,423,75198
94032,8728,0,0,user_pics/8728/the_wi_c5270edaa5.jpg,406,406,60280
85229,7800,0,0,user_pics/7800/red_ze_894b7d536f.jpg,74,74,1682
55251,3868,0,0,user_pics/3868/01_61d5d4426d07.jpg,304,228,18792
836,0,0,0,user_pics/anonymous/albums/tankgallery2/Fish_125_gal_060x7.jpg,504,315,135267
4824,50,0,1,user_pics/50/01_Altolamprologus_compressiceps-Pretty_yellow.jpg,500,295,21153
101031,8728,0,0,user_pics/8728/new_ta_fbb1d924bb.jpg,406,406,48165
163716,11339,0,0,user_pics/11339/questi_aaf58ad119.jpg,225,225,2711
62,0,0,0,user_pics/anonymous/albums/tankgallery/Full_Frontal.jpg,320,240,59355
179340,12873,0,0,user_pics/12873/b7a72f_823f35e2a3.jpg,450,342,27183
97223,8728,0,0,user_pics/8728/royal__3033754c7f.jpg,406,406,39727
141957,11327,0,0,user_pics/11327/mail_j_0afb74ac9b.jpg,226,127,6089
132619,1987,0,0,user_pics/1987/oz_bmp_8592f28cde.jpg,600,450,810054
183391,13934,0,0,user_pics/13934/images_fdfd72af2e.jpg,238,109,6192
70980,7065,0,0,user_pics/7065/7065____file_01_baby_frontosa.jpg,448,335,27361
135224,10985,0,0,user_pics/10985/ebay_0_78b6d48088.jpg,500,375,76432
67234,6705,0,0,user_pics/6705/6705____file_01_my_tank.jpg,320,240,33367
14323,1007,0,0,user_pics/1007/01_bubba.jpg,352,288,16783
26241,2114,0,0,user_pics/2114/01_mom_and_fry.JPG,478,427,44900
61399,1579,1,0,user_pics/1579/01_Zoo_Trip_045.jpg,500,375,61739
110619,9445,0,0,user_pics/9445/pictur_045ada3605.jpg,320,240,16407
20570,1649,0,0,user_pics/1649/01_taiwan.bmp,400,300,360054
25392,2503,0,1,user_pics/2503/01_t5fish_038.jpg,500,375,180141
75607,7420,0,0,user_pics/7420/p10102_5a401cfd9c.jpg,448,336,39190
2927,0,0,0,user_pics/anonymous/albums/tropheus/Tropheus_Brichardi_kipilli.jpg,500,298,79021
166751,12755,0,0,user_pics/12755/red_to_82009fa1e6.jpg,226,134,5574
39485,3925,0,0,user_pics/3925/16_cichlids.jpg,400,265,157843
35143,3816,0,1,user_pics/3816/02_IMAGE003.jpg,320,240,19208
34326,1835,0,1,user_pics/1835/01_gator_gar-1-.jpg,479,156,9533
49256,4114,0,0,user_pics/4114/02_red.jpg,150,113,4819
111058,9445,0,0,user_pics/9445/pictur_aaa46afda5.jpg,320,240,17358
182856,13909,0,0,user_pics/13909/img_20_b7d1798ec7.jpg,408,306,28049
124517,982,0,0,user_pics/982/856eb3_4157c22130.jpg,450,338,94618
171822,13080,0,0,user_pics/13080/img_20_5eda4c5dc4.jpg,314,180,8506
169448,12873,0,0,user_pics/12873/gamesb_274e3b10d0.jpg,420,420,51767
160746,12236,0,0,user_pics/12236/133539_18bd79cd9e.jpg,512,384,25663
170196,12944,0,0,user_pics/12944/freddy_d4dbe87e11.jpg,403,403,11300
28175,2192,0,0,user_pics/2192/01_sev162.jpg,493,480,224812
11325,139,0,0,user_pics/139/01_similisfry9.JPG,425,336,34257
173928,13087,0,0,user_pics/13087/135878_fa03136e78.jpg,540,405,163337
94719,3029,0,0,user_pics/3029/stand._fc03a055a7.jpg,500,375,116485
5091,0,0,0,user_pics/anonymous/01_Malawi_tank_350_gallon.jpg,591,443,315968
94098,8721,1,0,user_pics/8721/pm3_27_4456c2c5f4.jpg,500,375,57639
3081,0,0,0,user_pics/anonymous/albums/malawi/pred.jpg,520,430,34119
160000,13514,0,0,user_pics/12280/wheres_0e179a9ef3.jpg,320,240,11188
94922,8728,0,0,user_pics/8728/big_bo_bad9803059.jpg,406,406,62973
44481,2077,0,0,user_pics/2077/01_100_0376.jpg,509,334,70403
40514,123,0,0,user_pics/123/01_Baby_Psuedo_2EggSpot.jpg,466,349,50402
105665,6149,0,0,user_pics/6149/spawni_5ba3ed72c8.jpg,567,378,220907
2414,0,0,0,user_pics/anonymous/albums/american/Babs_Wet_Pets_12_2_03_RS_wallet.jpg,216,162,42810
109208,9528,0,0,user_pics/9528/food1._9c419e7159.jpg,600,450,49222
180356,13523,0,0,user_pics/13523/img_00_e07d5d25f4.jpg,487,406,77881
129714,10603,0,0,user_pics/10603/1_jpg_db430593ea.jpg,277,364,31013
165999,11513,0,0,user_pics/11513/ppets-_5e64a60c86.jpg,300,300,18539
107423,8744,0,0,user_pics/8744/questi_3c833b5e85.jpg,394,480,212481
71956,7125,0,0,user_pics/7125/7125____file_01_1107082103-1-.jpg,320,240,16288
5472,0,0,0,user_pics/anonymous/01_Cap0020.BMP,320,240,230454
75293,5421,0,0,user_pics/5421/air_co_e5c0e4f729.jpg,200,200,120054
107069,5065,0,0,user_pics/5065/l_a7a9_38469261c0.jpg,600,480,30695
86986,8210,0,0,user_pics/8210/fish15_16b3489194.jpg,500,375,222219
67118,6691,0,0,user_pics/6691/6691____file_01_mom.jpg,591,389,205898
177460,11890,0,0,user_pics/11890/images_edf9a2790e.jpg,259,194,8170
61945,4827,0,0,user_pics/4827/4827____file_01_card_photo.jpg,158,85,5733
176010,12130,0,0,user_pics/12130/salt_j_0f9f96ecb2.jpg,360,360,21015
97783,8958,0,0,user_pics/8958/v_mela_6aa44f9cf2.jpg,600,311,72583
191300,15780,0,0,user_pics/15780/cd94ff1e-3044-4922-b7fe-22337155c6ba_img_20200321_184408.jpg,462,497,71064
61502,1579,1,0,user_pics/1579/07_fish_048.jpg,500,375,45894
39671,123,0,0,user_pics/123/01_Son_Of_A_Psuedo.jpg,330,246,186127
3458,0,0,0,user_pics/anonymous/albums/malawi/fish_tank_099.jpg,486,393,35784
42588,1579,1,0,user_pics/1579/12_FISH_017.jpg,420,294,64604
50301,5203,0,0,user_pics/5203/02_fronts.bmp,480,360,518454
113669,2439,0,0,user_pics/2439/happy__c450833258.jpg,115,108,3614
7753,0,0,0,user_pics/anonymous/03_Picture_035.jpg,352,288,23046
52152,5391,0,0,user_pics/5391/02_DSC_8123_copy.JPG,335,209,103391
190049,15273,0,0,user_pics/15273/3572ed_db86c09553.jpg,450,338,42981
129344,10603,0,1,user_pics/10603/graphi_5df2da7044.jpg,168,143,35370
61353,3584,0,0,user_pics/3584/17_028.JPG,450,338,64336
169624,12873,0,0,user_pics/12873/6be0b4_9554814762.jpg,450,338,71714
357,0,0,0,user_pics/anonymous/albums/tankgallery/4_G_001.jpg,400,267,25734
116247,9114,0,0,user_pics/9114/rubin__a68b1eaa13.jpg,390,279,54267
2407,0,0,0,user_pics/anonymous/albums/american/Babs_Wet_Pets_11_29_03_weird_convict_2_001.jpg,432,288,82329
57485,3868,0,1,user_pics/3868/01_90f8cae3b7bf.jpg,285,228,20629
123488,10302,0,0,user_pics/10302/sdc122_fb46faabb0.jpg,448,336,80408
171678,12873,0,0,user_pics/12873/54ddc8_fc80f899ec.jpg,130,97,5329
101004,6149,0,0,user_pics/6149/texas__a56a17fe81.jpg,567,378,183285
160312,13514,0,0,user_pics/12280/_00_ga_f59794685d.jpg,100,100,1890
20497,511,0,0,user_pics/511/01_w034.jpg,550,413,68982
11178,615,0,0,user_pics/615/01_IM000748.JPG,560,432,95584
190063,15273,0,0,user_pics/15273/146397_e6ea7d4765.jpg,450,338,26381
112623,9445,0,0,user_pics/9445/pictur_9f5f7d7ca4.jpg,320,240,14024
172596,13070,0,0,user_pics/13070/elonga_e70d104d19.jpg,320,240,34364
42461,26,0,1,user_pics/26/01_1690.gif,297,235,116555
153003,11953,0,1,user_pics/11953/tank_a_cb609aaa9c.jpg,600,450,204745
182968,13802,0,1,user_pics/13802/cam000_5493405619.jpg,482,319,43713
127917,10548,1,0,user_pics/10548/bumpea_68142ba76d.jpg,204,167,7206
50630,5222,0,1,user_pics/5222/02_cyclopsalbino1.jpg,341,249,96012
1956,0,0,0,user_pics/anonymous/albums/user_gallery/kevin.jpg,500,412,45615
69759,1243,0,0,user_pics/1243/1243____file_01_fish_014.jpg,600,450,31585
131215,9174,0,0,user_pics/9174/img_53_c64c431f40.jpg,598,448,51011
86978,8210,0,0,user_pics/8210/fish8-_97d57de013.jpg,375,500,253660
71772,7125,0,0,user_pics/7125/7125____file_01_1105081832-1-.jpg,320,240,16752
52172,1579,1,0,user_pics/1579/01_New_006.jpg,450,513,63214
63115,5203,0,0,user_pics/5203/5203____file_01_demasoni.jpg,406,406,39071
16031,0,0,0,user_pics/anonymous/01_dcp_0005.jpg,480,320,37148
86576,8210,0,0,user_pics/8210/fish7._16ef5dc7d5.jpg,500,375,50729
17952,1681,0,0,user_pics/1681/01_00647.jpg,600,450,99426
95392,8812,0,0,user_pics/8812/img000_8750abaf2c.jpg,320,240,11753
62812,1579,1,0,user_pics/1579/1579____file_01_today_090.jpg,500,375,48137
163871,12586,0,1,user_pics/12586/red_te_4cdd083efa.jpg,403,403,13201
175064,13299,0,0,user_pics/13299/136078_5a525acee7.jpg,408,230,27905
92784,5829,0,0,user_pics/5829/dsc064_774e504bc1.jpg,480,320,76962
31848,3418,0,0,user_pics/3418/01_115.jpg,352,288,12927
116097,8728,0,0,user_pics/8728/big_bo_ca5d74a62f.jpg,258,258,47008
172600,13070,0,0,user_pics/13070/rubyre_5c603a6465.jpg,320,240,26375
3301,0,0,0,user_pics/anonymous/albums/malawi/red_empress_013.jpg,400,300,26799
174195,12873,0,1,user_pics/12873/2c0e3d_79649a1de4.jpg,450,338,39895
116100,8728,0,0,user_pics/8728/cons_g_819f3dfd84.jpg,258,258,36077
32488,2415,0,0,user_pics/2415/01_Trans__and__BB.jpg,320,240,48826
67812,4304,0,0,user_pics/4304/4304____file_01_img_1325.jpg,552,308,123019
30307,1579,1,0,user_pics/1579/02_NEW_007.jpg,450,314,40890
66496,6620,0,0,user_pics/6620/6620____file_01_0802082155c.jpg,450,338,51972
38074,1579,1,0,user_pics/1579/1579____file_9999_22_FISH_006.jpg,500,375,55647
79974,7574,0,0,user_pics/7574/img_31_49423334dc.jpg,553,414,124190
69508,6974,0,0,user_pics/6974/6974____file_01_untitled.bmp,250,188,141430
105347,6149,0,0,user_pics/6149/red_te_a7870be9ad.jpg,567,378,177655
143866,9520,0,0,user_pics/9520/boston_023d7f6705.jpg,500,313,469554
141458,11299,0,0,user_pics/11299/img003_2248e67733.jpg,528,400,63241
52994,5484,0,0,user_pics/5484/01_P1000859.JPG,550,371,47778
150016,10784,0,0,user_pics/10784/20_g_s_b92a218646.jpg,320,240,21638
35772,1061,0,0,user_pics/1061/01_HPIM2040.JPG,320,238,52502
84230,8018,0,0,user_pics/8018/pseudo_8cec93482f.jpg,240,160,6608
76575,7524,0,0,user_pics/7524/305463_fe934512a6.jpg,500,375,138467
8856,438,0,0,user_pics/438/01_aqua33.jpg,563,600,52698
86781,8185,0,0,user_pics/8185/trying_8f93d818f4.jpg,480,415,42574
180572,12764,0,0,user_pics/12764/703106_1c824fb356.jpg,150,113,4187
151873,11187,0,0,user_pics/11187/120401_6b2e95d392.jpg,320,240,50580
97221,8728,0,0,user_pics/8728/2_of_3_2b8c9dd2d7.jpg,406,406,31229
10504,615,0,0,user_pics/615/01_IM000442.JPG,560,432,90112
25628,2676,0,0,user_pics/2676/02_Albino_Oscar.jpg,320,240,25370
89230,5829,0,0,user_pics/5829/dsc060_61f2b8e627.jpg,480,320,64833
162939,3497,0,0,user_pics/3497/502833_5689f6b498.jpg,254,450,23593
28436,2957,0,0,user_pics/2957/01_0509072111.JPG,384,288,13668
53983,5410,0,1,user_pics/5410/01_A79080__No.2running_on_trimpad.jpg,600,450,19368
17564,1629,0,1,user_pics/1629/02_125.jpg,176,144,4833
178310,8447,0,0,user_pics/8447/maulan_cc120bb8f3.jpg,403,303,61306
15811,1061,0,0,user_pics/1061/01_HPIM0644.JPG,320,238,77281
81309,7721,0,0,user_pics/7721/new_sa_58752c9fe6.jpg,600,480,24367
143473,11418,0,0,user_pics/11418/005_jp_01719adcfb.jpg,324,242,21473
106557,8672,0,0,user_pics/8672/fish_k_0479e8c111.jpg,490,283,27016
15486,1271,0,0,user_pics/1271/01_IMG_0659_1_1_1.JPG,600,450,264042
18962,1579,1,0,user_pics/1579/01_Dominant.jpg,544,372,31257
59003,5669,0,0,user_pics/5669/01_mike04-15-08-3.jpg,450,600,144596
16057,23,1,1,user_pics/23/01_soco1_banner_klein.bmp,500,176,264054
179324,13531,0,0,user_pics/13531/snapsh_a73b0b1e60.jpg,494,371,252313
177117,12873,0,0,user_pics/12873/1888db_bdd72b344c.jpg,130,97,4669
81418,7239,0,0,user_pics/7239/th_pic_0d7b021256.jpg,160,58,2484
163908,8210,0,0,user_pics/8210/quint__3bdd60797f.jpg,355,400,54046
32943,753,0,0,user_pics/753/02_DCP_2256.JPG,407,340,53637
166736,982,0,0,user_pics/982/birthd_270f907faf.jpg,450,559,123098
120562,10059,0,0,user_pics/10059/photo0_2e3ab243b1.jpg,240,240,9136
144694,10802,0,1,user_pics/10802/261672_f81460d06a.jpg,516,387,68186
23130,2221,0,0,user_pics/2221/01_auratus_947d472e28fa79d79aca0de77cb22377.jpg,448,286,18924
180924,13161,0,0,user_pics/13161/img_20_84338a8f1e.jpg,526,480,82730
4613,26,0,0,user_pics/26/01_African_125_gal_8_05_028xc7.jpg,504,144,75552
94077,5829,0,0,user_pics/5829/dsc065_ebfd5bcaaa.jpg,480,320,90302
173460,13087,0,0,user_pics/13087/135826_59fea13486.jpg,540,405,161593
47414,4982,0,0,user_pics/4982/01_DSCF1172.JPG,478,360,52571
141459,11299,0,0,user_pics/11299/img003_81ed6306f1.jpg,528,400,55048
190696,15030,0,0,user_pics/15030/7ce642be-ef14-4269-98b9-67ab28c1e570_rsz_000_untitled.jpg,146,141,6490
3274,0,0,0,user_pics/anonymous/albums/malawi/4610b1.jpg,300,167,11545
119491,10059,0,0,user_pics/10059/photo0_e5a780f9f6.jpg,320,240,20224
35528,3871,0,0,user_pics/3871/01_Jaguar_cichlid_1.jpg,304,228,19616
106559,8672,0,0,user_pics/8672/fishki_5b55df51e5.jpg,400,212,24758
96901,5829,0,0,user_pics/5829/dsc069_f3a6192909.jpg,480,320,73223
156794,10784,0,0,user_pics/10784/bi_col_52680eecf5.jpg,240,320,6350
60854,1579,1,0,user_pics/1579/01_FISH_007.jpg,450,342,51982
152775,9824,0,0,user_pics/9824/images_1ee89b9ef0.jpg,281,179,10046
11573,693,0,1,user_pics/693/01_05_21_30.JPEG,320,240,13830
93624,3047,0,0,user_pics/3047/384209_f6579b820f.jpg,500,375,98360
97594,8230,0,0,user_pics/8230/sep23__7677aa1d2c.jpg,320,240,7294
3508,0,0,0,user_pics/anonymous/albums/malawi/pla_sp_jalo.jpg,500,194,114898
78129,7652,0,0,user_pics/7652/107671_d00b6bc721.jpg,240,160,17257
101718,9182,0,0,user_pics/9182/cylind_baa17b6048.jpg,550,179,10900
41641,4520,0,0,user_pics/4520/01_thetank.jpg,600,450,51326
161182,8887,0,0,user_pics/8887/rubyst_6b98f658fc.jpg,320,240,39980
36560,3900,0,1,user_pics/3900/02_pic1.jpg,170,120,5169
66698,6652,0,0,user_pics/6652/6652____file_01_018.jpg,320,256,29612
2337,0,0,0,user_pics/anonymous/albums/Jack-Dempsey/01_cichlid_jack_dempsey_turquoise.jpg,200,151,41555
3201,0,0,0,user_pics/anonymous/albums/malawi/A_Jacobfreibergi_otter_poin.jpg,500,299,78076
12690,0,0,0,user_pics/anonymous/01_Picture934.jpg,432,288,53333
18374,1637,0,0,user_pics/1637/01_acara.jpg,480,360,55630
112624,9445,0,0,user_pics/9445/pictur_15d6ed416d.jpg,320,240,16542
16706,1516,0,0,user_pics/1516/01_ok4.jpg,334,261,15161
37844,1579,1,0,user_pics/1579/1579____file_9999_03_FISH_073.jpg,500,375,36077
73507,7191,0,0,user_pics/7191/7191____file_01_l_51bd05362e004445a3f0c1a67d08ccdb.jpg,600,293,26218
8519,438,0,0,user_pics/438/01_aqua16.jpg,600,452,57450
21827,0,0,0,user_pics/anonymous/01_severum.JPG,450,338,43063
55280,2403,0,1,user_pics/2403/01_m_8395620cc97047323958f16e6176ddf3.jpg,170,245,7336
54713,5563,0,0,user_pics/5563/01_ergeergeasrgwerg.jpg,288,216,57698
2413,0,0,0,user_pics/anonymous/albums/american/Babs_Wet_Pets_12_2_03_JD_RS_wallet.jpg,216,144,37597
88198,5829,0,0,user_pics/5829/dsc057_d7ef4b4ff2.jpg,480,320,89947
134339,4615,0,0,user_pics/4615/him_4m_2a318bc68a.jpg,450,338,112120
13093,830,0,1,user_pics/830/02_100_04211.jpg,300,225,21062
105296,9403,0,0,user_pics/9403/16__2__950abff64f.jpg,400,240,30152
149660,4615,0,0,user_pics/4615/1eagle_1191822a54.jpg,257,257,32445
179423,8210,0,0,user_pics/8210/fluori_dd8e115111.jpg,140,166,4392
27086,2107,0,0,user_pics/2107/02_jack5.JPG,548,278,33083
181092,12937,0,0,user_pics/12937/sad_fa_0e7df437e2.jpg,400,397,45280
16113,0,0,0,user_pics/anonymous/01_3Phenochilus2.jpg,486,365,149830
37395,753,0,0,user_pics/753/02_IMG_0639.JPG,320,240,26638
37938,4163,0,0,user_pics/4163/03_tank_010.jpg,544,408,100688
189475,1840,0,0,user_pics/1840/2015-1_59f7644605.jpg,355,259,144329
185123,12903,0,0,user_pics/12903/dsc_03_514b739118.jpg,319,213,26501
3172,0,0,0,user_pics/anonymous/albums/malawi/Aul_Maleri.jpg,500,272,81021
48023,4990,0,0,user_pics/4990/09_c.bmp,320,240,230454
96821,5829,0,0,user_pics/5829/dsc070_2b6412c8cd.jpg,480,320,83198
91743,5829,0,0,user_pics/5829/dsc062_53490bbeec.jpg,480,320,89766
21414,2114,0,0,user_pics/2114/01_oscar_edit.jpg,600,450,149710
137486,11005,0,1,user_pics/11005/img002_131652ad35.jpg,320,240,16066
187976,14331,0,0,user_pics/14331/ess141_45f1cf1e87.jpg,360,217,20792
8507,438,0,0,user_pics/438/02_aqua2.jpg,600,544,79824
175071,13299,0,0,user_pics/13299/136078_6ddeaa2c88.jpg,408,230,19527
100998,6149,0,0,user_pics/6149/male-f_6230840162.jpg,567,378,223806
164026,12589,0,0,user_pics/12589/img142_13033216a2.jpg,410,480,38688
176798,13159,0,0,user_pics/13159/midas__6ce4da516d.jpg,336,448,22175
61381,5603,0,0,user_pics/5603/01_scan0011.jpg,478,375,81458
38706,0,0,0,user_pics/anonymous/01_tom.jpg,500,390,115753
96670,8890,0,0,user_pics/8890/x.jpg_2aed6b79dd.jpg,122,95,2668
73500,7191,0,0,user_pics/7191/7191____file_01_duboisi_cichlid.jpg,600,399,44974
118860,3584,0,0,user_pics/3584/3kc3p6_49cd0343ee.jpg,300,225,10705
47747,1368,0,0,user_pics/1368/01_SN850895.JPG,582,348,306125
15531,1281,0,0,user_pics/1281/01_akvarij_5.jpg,450,287,30332
63061,5512,0,0,user_pics/5512/5512____file_01_frontosafemale.jpg,600,400,68155
13111,0,0,0,user_pics/anonymous/01_DSCN1502.jpg,600,450,110623
2994,0,0,1,user_pics/anonymous/albums/Blue-Dolphins/cyrtocara_moorii_001.jpg,400,253,73225
1529,0,0,0,user_pics/anonymous/albums/album22/Pseudotropheus_zebra_red_psd.jpg,216,155,29131
163469,13514,0,0,user_pics/12280/riddle_74384ad5a7.jpg,120,300,7076
92361,2690,0,0,user_pics/2690/2.0.jp_43e90f8094.jpg,327,245,24288
120823,10059,0,0,user_pics/10059/photo1_7a96bf1e47.jpg,320,240,12872
102507,993,0,0,user_pics/993/aabc0a_f956494845.jpg,150,113,15882
69681,6853,0,0,user_pics/6853/6853____file_01_69632c6304.jpg,150,113,13940
2468,0,0,0,user_pics/anonymous/albums/american/Crenicichla.jpg,500,274,78956
18119,745,0,0,user_pics/745/04_convict_dup_528961101.jpg,500,375,40562
100636,3130,0,0,user_pics/3130/kenyi._65c614ab48.jpg,545,355,48491
61218,1579,1,0,user_pics/1579/01_NO_FLASH_005.jpg,500,375,91266
16401,1467,0,0,user_pics/1467/01_mainqano.jpg,576,432,80390
106029,8447,0,0,user_pics/8447/mov051_6d37758b0d.jpg,320,240,22023
91789,7113,0,0,user_pics/7113/d4cb6e_5543d60743.jpg,128,130,3323
12862,0,0,0,user_pics/anonymous/01_Cichli1308.jpg,412,422,24822
45201,1368,0,0,user_pics/1368/01_SN850754.JPG,337,267,255231
19731,0,0,0,user_pics/anonymous/02_my_boy.jpg,100,76,2409
109979,9445,0,0,user_pics/9445/pictur_b07fdcd291.jpg,320,240,10139
95292,8818,0,0,user_pics/8818/dsc_00_f2e1c858a5.jpg,600,399,111634
2219,0,0,0,user_pics/anonymous/albums/user_gallery/IM000030.jpg,470,312,95928
129688,7523,0,0,user_pics/7523/000111_9f99ed982c.jpg,315,140,12534
48002,4990,0,0,user_pics/4990/07_c.bmp,160,120,57654
10271,595,0,1,user_pics/595/02_Picture_032.bmp,352,288,304182
186148,13302,0,0,user_pics/13302/2014-0_33c6f50d33.jpg,400,241,74343
3208,0,0,0,user_pics/anonymous/albums/malawi/Protomelas_Fenestratus_Tai1.jpg,500,240,80409
62054,1579,1,0,user_pics/1579/1579____file_01_new_013.jpg,500,375,33628
169622,12873,0,0,user_pics/12873/ebf09e_38abbb6449.jpg,150,74,3279
63773,6340,0,0,user_pics/6340/254a39_c4c4d3f273.jpg,160,160,6494
3187,0,0,0,user_pics/anonymous/albums/malawi/YellowLabs.jpg,396,504,77611
13748,0,0,0,user_pics/anonymous/02_ram_spawn.jpg,400,300,56733
88976,8394,0,0,user_pics/8394/290120_3785136c9b.jpg,320,240,31253
65679,5913,0,0,user_pics/5913/5913____file_01_07-19-08_2300.jpg,400,528,60737
24396,0,0,0,user_pics/anonymous/02_jack_dempsey.JPG,450,338,41994
32338,3462,0,0,user_pics/3462/01_Cyno_afra_minos_male3_Saulosi84.jpg,446,240,22236
144406,9182,0,0,user_pics/9182/canada_895c953154.jpg,597,298,16447
2783,0,0,0,user_pics/anonymous/albums/american/dempsey_001.jpg,320,240,129557
10511,615,0,0,user_pics/615/01_IM000460.JPG,544,416,100064
185860,12903,0,0,user_pics/12903/dsc_06_3d03749b84.jpg,319,213,41804
110764,8728,0,0,user_pics/8728/2.jpg_fa17569856.jpg,258,258,37335
85847,5829,0,0,user_pics/5829/dsc054_9dadb03cce.jpg,480,320,76531
106719,2315,0,0,user_pics/2315/saints_ca9979220a.jpg,547,414,108968
65678,5913,0,0,user_pics/5913/5913____file_01_07-19-08_2258.jpg,400,528,57531
16561,1061,0,0,user_pics/1061/01_HPIM1065.JPG,320,238,41038
15225,26,0,0,user_pics/26/03_Top_75_tank_Dec_15_05_007x7c.jpg,504,246,99362
1228,0,0,0,user_pics/anonymous/albums/album22/ANGRY_PI.jpg,484,199,13854
166316,11203,0,0,user_pics/11203/img956_f58b771dc6.jpg,305,305,10886
190051,15273,0,0,user_pics/15273/bf9db2_6f1c5e61f5.jpg,130,97,28355
21025,2089,0,0,user_pics/2089/01_DSC00357.JPG,448,298,18317
151345,7776,1,0,user_pics/7776/311926_4d6ceb2465.jpg,240,320,10378
78625,7546,0,0,user_pics/7546/photo0_376f3f417e.jpg,240,320,14372
109741,9445,0,0,user_pics/9445/pictur_4c41afb09d.jpg,320,240,20996
3285,0,0,0,user_pics/anonymous/albums/malawi/Ps_Msobo_pair.jpg,500,297,77185
13828,0,0,0,user_pics/anonymous/01_fish~shop~496.jpg,400,292,19366
178897,12475,0,0,user_pics/12475/ask-qu_40b4cea9eb.jpg,550,334,18174
75133,26,0,0,user_pics/26/26____file_01_th_2cgnhac.png,160,128,14773
47778,1368,0,0,user_pics/1368/01_SN850929.JPG,540,286,279469
185920,3497,0,0,user_pics/3497/images_c23dc09fc7.jpg,275,183,7323
146995,11614,0,0,user_pics/11614/biggie_b8f57cf446.jpg,213,160,5976
104789,9347,0,0,user_pics/9347/dsc004_cd69b66848.jpg,567,426,318129
5710,0,0,0,user_pics/anonymous/04_fish1.jpg,320,240,19745
70851,7065,0,0,user_pics/7065/7065____file_01_unknown_fish_2.jpg,448,335,32225
11576,0,0,0,user_pics/anonymous/01_the_thermograture.jpg,120,160,6894
76152,7476,0,0,user_pics/7476/lab.jp_f1598e5586.jpg,320,240,16508
3284,0,0,0,user_pics/anonymous/albums/malawi/Ps_Msobo_Male.jpg,500,286,76054
182607,13862,0,0,user_pics/13862/091903_1163710f8e.jpg,516,351,46068
183346,3497,0,0,user_pics/3497/374478_8e546f9c04.jpg,259,194,9115
135046,10972,0,1,user_pics/10972/fish6__f1ad988cb1.jpg,450,338,68005
16645,0,0,0,user_pics/anonymous/01_ok2.jpg,375,232,16937
151382,11822,0,0,user_pics/11822/feb17__ba9a653497.jpg,320,240,25705
109006,9445,0,0,user_pics/9445/pictur_cc33e0ef4c.jpg,320,240,11220
96217,8728,0,1,user_pics/8728/ist2_4_781ae8d55c.jpg,380,252,43575
106066,8887,0,0,user_pics/8887/malawi_bfb37c3dd5.jpg,480,384,17364
19379,778,0,0,user_pics/778/01_58de038059.jpg,430,323,18740
14512,1061,0,0,user_pics/1061/01_HPIM0402.JPG,320,238,74892
32262,3467,0,0,user_pics/3467/01_sulfernew3.jpg,399,266,47887
73509,7191,0,0,user_pics/7191/7191____file_01_l_4064cd6a8a37430e9fc06201af621fd2.jpg,600,523,80424
149869,3584,0,0,user_pics/3584/lsu_20_338447eef3.jpg,270,290,66513
10654,0,0,0,user_pics/anonymous/01_Sarge.jpg,376,360,32086
4845,0,0,0,user_pics/anonymous/01_90443549_308590069_0.jpg,250,250,12265
156448,8851,0,0,user_pics/8851/man-qu_de65c3b8e1.jpg,238,300,10459
134468,7523,0,1,user_pics/7523/fluore_505d29085a.jpg,587,280,18083
167553,12755,0,0,user_pics/12755/fishgr_72722d2b4c.jpg,218,131,7516
110676,9482,0,0,user_pics/9482/downsi_f521a523e9.jpg,512,384,22292
97480,8887,0,0,user_pics/8887/10gal__9ede2fcbf8.jpg,315,210,9326
10266,0,0,0,user_pics/anonymous/01_Picture_032.bmp,352,288,304182
5184,68,0,0,user_pics/68/01_could_be_anything.jpg,512,341,106664
3925,0,0,0,user_pics/anonymous/albums/african/Any_Guess.jpg,600,450,43017
42864,1579,1,0,user_pics/1579/01_NEW_036.jpg,450,338,56326
60961,1579,1,0,user_pics/1579/01_FISH_043.jpg,500,375,40070
3416,0,0,0,user_pics/anonymous/albums/malawi/Eclectochr_ornatus.jpg,500,392,97603
171493,11479,0,0,user_pics/11479/facebo_4f5814c4fb.jpg,259,194,3885
34440,2690,0,0,user_pics/2690/01_Dscn2786.jpg,437,329,21997
92168,1978,0,0,user_pics/1978/festae_41edcdd0bd.jpg,150,89,3648
132414,10788,0,0,user_pics/10788/downsi_ad485e9635.jpg,320,240,18755
143256,10802,0,1,user_pics/10802/_kgrhq_fafd8c3c66.jpg,500,375,43442
54548,5563,0,0,user_pics/5563/02_Image8.jpg,480,360,84940
144882,11187,0,0,user_pics/11187/jaguar_89cf067b87.jpg,300,202,17461
94244,8728,0,0,user_pics/8728/jack_a_cb5b005192.jpg,406,406,68573
54558,5410,0,0,user_pics/5410/01_lets_go_put_it_in_my_fish_tank.jpg,384,289,24467
155786,12066,0,0,user_pics/12066/baby_g_cd190c24c4.jpg,119,159,6554
173400,12345,0,0,user_pics/12345/img_16_f7191a929a.jpg,225,225,12095
136556,11034,0,0,user_pics/11034/photo0_220ec037e3.jpg,90,67,5088
16658,948,0,0,user_pics/948/01_Big_Red.jpg,430,323,33022
120559,10059,0,0,user_pics/10059/photo0_ce4b3976cd.jpg,240,240,13619
60863,1579,1,0,user_pics/1579/01_FISH_021.jpg,450,338,33444
74892,3497,0,0,user_pics/3497/3497____file_01_dan_fish_room.jpg,430,323,42821
31082,2690,0,0,user_pics/2690/01_dscn2093.jpg,475,324,21208
37904,4163,0,0,user_pics/4163/4163____file_9999_45_tank.jpg,384,288,86743
95015,8728,0,0,user_pics/8728/rtc2.j_dd73450e47.jpg,406,406,69170
15105,0,0,0,user_pics/anonymous/01_redempress.jpg,281,218,23537
8510,438,0,0,user_pics/438/02_convict5.jpg,587,600,54181
78555,7546,0,0,user_pics/7546/photo0_f39ff5028f.jpg,240,320,9461
132822,10433,0,0,user_pics/10433/1_jpg_e153638638.jpg,533,400,98903
177330,11009,0,0,user_pics/11009/aulono_f437bfc2c7.jpg,400,400,21540
150791,11513,0,0,user_pics/11513/2011-1_6a48ac39b7.jpg,558,480,63727
59446,4624,0,0,user_pics/4624/02_flower_horn_3.bmp,320,240,230454
96898,5829,0,0,user_pics/5829/dsc069_693a449cea.jpg,480,320,93617
13826,0,0,0,user_pics/anonymous/01_fish112.jpg,400,265,10262
170141,7776,1,0,user_pics/7776/rd_jpg_1af5b6031d.jpg,300,210,12995
80262,7574,0,0,user_pics/7574/img_34_14121be369.jpg,418,313,77727
44897,2077,0,0,user_pics/2077/01_100_0540.jpg,368,557,49991
1053,0,0,0,user_pics/anonymous/albums/album22/000_0329.jpg,449,359,158086
146589,11590,0,0,user_pics/11590/cichli_dabcc34c41.jpg,320,240,39887
10982,653,0,0,user_pics/653/03_Img_14061.jpg,584,442,86369
134746,10803,0,0,user_pics/10803/thing__e22566deca.jpg,300,400,29058
164027,12589,0,0,user_pics/12589/img142_e482e246df.jpg,291,581,29261
5741,123,0,0,user_pics/123/01_Calvus_Couple.JPG,551,336,172647
13390,47,0,0,user_pics/47/02_IM000057.JPG,316,342,33317
71563,6635,0,0,user_pics/6635/6635____file_01_tiny_tony.jpg,320,240,46311
23016,2306,0,0,user_pics/2306/01_x1pN1mp8dKYgTE8P7gpD_L7X4585Fwcyw2orfBWgqQzaU6LmlLj0YOa5di4mlltBXsphrLvad8saxsmOr1DcRtJ09JLCWOMXG32b_9S9GaqHIvNR324YWJySw.jpg,600,450,34017
96707,993,0,0,user_pics/993/9a3080_e9f9d40ab7.jpg,450,338,46144
4063,0,0,0,user_pics/anonymous/albums/other/cy1210033.jpg,400,251,173461
58797,2231,0,1,user_pics/2231/01_Juvie_Umbee2.JPG,449,247,24445
104583,9369,0,0,user_pics/9369/agento_ec4aa9c7ca.jpg,512,384,30657
65470,6238,0,0,user_pics/6238/6238____file_01_pic16.jpg,150,113,3171
128988,9445,0,0,user_pics/9445/020_jp_3c6493fd25.jpg,320,240,42567
1254,0,0,0,user_pics/anonymous/albums/album22/Cnv0003.jpg,419,307,54512
3216,0,0,0,user_pics/anonymous/albums/malawi/s_Fryeri_Maleri.jpg,400,230,79639
122692,9200,0,0,user_pics/9200/twig_2_7536857ac3.jpg,170,127,3544
3,0,0,0,user_pics/anonymous/albums/tankgallery/Tank_55gal.jpg,600,400,62263
159840,8887,0,0,user_pics/8887/photo0_f5110ea38a.jpg,320,240,16607
55383,5702,0,0,user_pics/5702/03_IMG_0212.JPG,600,450,30630
143235,11299,0,0,user_pics/11299/img005_ead2a19ed5.jpg,528,400,53240
161372,12437,0,0,user_pics/12437/angel__d59b1e2a3d.jpg,598,547,74565
26724,1579,1,0,user_pics/1579/01_NEW_003.jpg,450,338,41569
95359,8728,0,0,user_pics/8728/gt.jpg_94461aafe3.jpg,406,406,59360
11326,139,0,0,user_pics/139/01_calvus11.JPG,561,480,65438
76295,5829,0,0,user_pics/5829/dsc044_8f8e66fda6.jpg,480,360,104908
109249,9592,0,0,user_pics/9592/tank6._4f8fc3a2b5.jpg,480,360,58605
60733,1579,1,0,user_pics/1579/01_sunfish_017.jpg,500,375,58701
62842,1579,1,0,user_pics/1579/1579____file_01_natives_018.jpg,500,375,43388
96403,5829,0,0,user_pics/5829/dsc069_467ea9c110.jpg,480,320,89134
48366,1093,0,0,user_pics/1093/01_PICT0107.JPG,581,241,96692
13800,0,0,1,user_pics/anonymous/01_109.jpg,456,352,26390
3425,0,0,0,user_pics/anonymous/albums/malawi/pro_virgatus1.jpg,500,248,100902
61395,1579,1,0,user_pics/1579/01_Zoo_Trip_013.jpg,500,375,53981
38632,0,0,0,user_pics/anonymous/01_chilumba.jpg,304,304,29899
110428,3130,0,0,user_pics/3130/bad_a-_dde0db03e5.jpg,291,164,19158
32247,3163,0,0,user_pics/3163/01_myemptytank.bmp,352,288,304182
142178,11339,0,0,user_pics/11339/cichli_ad6f5348fc.jpg,221,166,6140
109970,9445,0,0,user_pics/9445/pictur_cc219f0ba1.jpg,320,240,15487
99728,5829,0,0,user_pics/5829/dsc072_29bf163b15.jpg,480,320,111984
172836,4615,0,0,user_pics/4615/tat_jp_167d620737.jpg,225,225,8257
94192,5829,0,0,user_pics/5829/dsc065_bfb72a91e4.jpg,480,360,86387
187036,14576,0,0,user_pics/12588/137775_8b95aa6f7b.jpg,488,520,61689
101261,9124,0,0,user_pics/9124/112309_a98c62ed2d.jpg,160,120,4388
127800,10527,1,0,user_pics/10527/adopte_08561af543.jpg,600,547,46361
60829,3584,0,0,user_pics/3584/16_028.JPG,450,338,46897
17472,0,0,0,user_pics/anonymous/01_alucarra.jpg,300,242,95947
63621,5421,0,0,user_pics/5421/5421____file_01_dsc00169.jpg,303,228,35508
68119,6092,0,0,user_pics/6092/6092____file_01_08-06-08_0006.jpg,160,120,6142
135827,9076,0,0,user_pics/9076/img_26_903a893030.jpg,448,499,61080
12418,0,0,0,user_pics/anonymous/03_fish_007.jpg,450,338,60886
80349,7574,0,0,user_pics/7574/img_35_3ae254ec09.jpg,495,355,86863
37485,1509,0,0,user_pics/1509/01_ss.jpg,400,270,37210
10843,653,0,0,user_pics/653/01_Img_14061.jpg,584,442,86369
123487,10302,0,0,user_pics/10302/sdc122_3fb08bcf83.jpg,320,240,54404
15195,0,0,0,user_pics/anonymous/01_red_top_e00488ab467375d80a43db590c897b06.jpg,281,325,89213
177689,11009,0,1,user_pics/11009/new_pi_f120cb155b.jpg,422,316,533462
65468,6238,0,0,user_pics/6238/6238____file_01_pic14.jpg,150,113,4052
74424,7253,0,0,user_pics/7253/7253____file_02_13c1g31463n53m83p58bh225f77137c40143e.jpg,300,224,10240
61133,3584,0,1,user_pics/3584/55_001.JPG,450,338,44502
91739,5829,0,0,user_pics/5829/dsc062_81c99dab59.jpg,480,320,75066
57486,3868,0,0,user_pics/3868/02_90f8cae3b7bf.jpg,285,228,20629
138363,11149,0,0,user_pics/11149/128891_3dbd5ab1c0.jpg,512,384,52883
15739,909,0,0,user_pics/909/02_protomelas_steveni_taiwan_03.jpg,550,344,50744
15532,1281,0,0,user_pics/1281/01_akv600.jpg,450,338,41042
13406,0,0,0,user_pics/anonymous/02_060726_0557~01.jpg,120,160,8207
92872,7371,0,0,user_pics/7371/python_53f9c817cc.jpg,504,306,42239
47408,4982,0,0,user_pics/4982/01_DSCF1540.JPG,425,360,63230
60425,3868,0,0,user_pics/3868/01_110.jpg,285,228,27594
164843,12589,0,0,user_pics/12589/img180_cc0bc1e95d.jpg,480,480,20966
183368,13605,0,0,user_pics/13605/my_cic_ccff4b68a1.jpg,320,240,54385
30669,3264,0,0,user_pics/3264/22_1.jpg,589,216,35895
134533,10788,0,0,user_pics/10788/downsi_e086ca9ae0.jpg,160,120,5358
124596,10128,0,0,user_pics/10128/questi_77b51beb78.jpg,376,332,48335
55169,1579,1,0,user_pics/1579/02_New_015.jpg,450,338,31871
119499,10059,0,0,user_pics/10059/photo0_dc1adafa5c.jpg,320,240,18128
39284,4294,0,0,user_pics/4294/01_new_tank_setup.JPG,600,450,62474
15100,0,0,0,user_pics/anonymous/01_60gal.jpg,360,270,46153
46747,4581,0,0,user_pics/4581/01_Midas-Filhote.JPG,400,300,21116
135235,9174,0,0,user_pics/9174/img_64_0854e30e7b.jpg,506,350,41299
22512,2278,0,0,user_pics/2278/01_apisto..jpg,320,240,20130
173063,3584,0,0,user_pics/3584/370408_a750e0cc9c.jpg,180,162,12713
13172,0,0,0,user_pics/anonymous/01_FISH_TANK.jpg,450,299,40920
1126,0,0,1,user_pics/anonymous/albums/album22/109_0919.jpg,600,450,41543
122883,9483,0,0,user_pics/9483/aug_20_7e4d52f9f5.jpg,428,320,43254
23506,0,0,0,user_pics/anonymous/01_fish_0002.jpg,560,420,19998
168529,12475,0,0,user_pics/12475/questi_1842640d9c.jpg,400,411,8342
16792,1516,0,0,user_pics/1516/04_yellow.jpg,430,340,25173
13256,0,0,0,user_pics/anonymous/01_bridge.jpg,160,120,7605
8859,438,0,0,user_pics/438/01_aqua36.jpg,600,452,48207
108774,9364,0,0,user_pics/9364/cid_n__973d514cb0.jpg,512,384,31219
3774,0,0,0,user_pics/anonymous/albums/malawi/virginalis2.jpg,500,240,128775
109457,9528,0,0,user_pics/9528/cool1._c9452039cb.jpg,512,384,32860
3503,0,0,0,user_pics/anonymous/albums/malawi/moori1.jpg,600,397,187175
174345,13087,0,0,user_pics/13087/135938_9e5a292783.jpg,540,405,164749
2210,0,0,0,user_pics/anonymous/albums/user_gallery/Sunshine_Peacock.jpg,400,212,23628
11144,0,0,0,user_pics/anonymous/01_Tiger.jpg,500,375,17901
132076,10784,0,0,user_pics/10784/100_00_8a5abb0a75.jpg,500,375,22190
16505,1061,0,0,user_pics/1061/01_HPIM1014.JPG,320,238,49310
174499,12254,0,0,user_pics/12254/photo7_e813cc48dd.jpg,320,240,18775
38973,4233,0,0,user_pics/4233/01_Picture_577.jpg,538,404,135383
49419,1579,1,0,user_pics/1579/01_New_015.jpg,450,338,55977
8861,438,0,1,user_pics/438/01_aqua41.jpg,600,380,40481
44729,4754,0,0,user_pics/4754/02_m_8987de3d9c55f099be14a5de79a9dcfe.jpg,170,127,7572
185999,13436,0,0,user_pics/13436/screen_b321746693.jpg,480,460,335195
6664,0,0,0,user_pics/anonymous/01_Tramatichromis_Brevis_Chisumulu.jpg,407,305,26704
3214,0,0,0,user_pics/anonymous/albums/malawi/Aul_stuartgranti_mdoka.jpg,400,194,75595
63878,5623,0,0,user_pics/5623/5623____file_01_terror1.bmp,320,240,230454
72645,6994,0,0,user_pics/6994/6994____file_01_2928488404_8e9438c2ed.jpg,500,375,119443
76583,7524,0,0,user_pics/7524/290897_ce0d5db7c5.jpg,240,180,20670
63179,1579,1,0,user_pics/1579/1579____file_01_dragons_blood_02.jpg,500,375,52015
3296,0,0,0,user_pics/anonymous/albums/malawi/Pro_taeniolatus_red_empres2.jpg,500,204,78518
151809,11894,0,0,user_pics/11894/getatt_d89b6762bd.jpg,218,133,11035
86760,7518,0,0,user_pics/7518/1_4280_968917b5eb.jpg,368,272,18247
1232,0,0,0,user_pics/anonymous/albums/album22/BEST_BUD.jpg,537,255,14634
36737,1579,1,0,user_pics/1579/01_NEW_001.jpg,450,338,29905
172477,13126,0,0,user_pics/13126/compre_611c509282.jpg,390,270,19457
168056,12755,0,0,user_pics/12755/bigmal_f79aabef11.jpg,218,131,7467
103310,1987,0,0,user_pics/1987/warmou_53e1c031f1.jpg,539,280,28102
29098,2114,0,0,user_pics/2114/01_fry_3.jpg,511,422,123775
75612,7414,0,0,user_pics/7414/032.jp_eee17808c1.jpg,335,184,45500
70638,5829,0,0,user_pics/5829/5829____file_01_conmale.jpg,320,240,59122
1237,0,0,0,user_pics/anonymous/albums/album22/Barbs_GT_fighting_4x6_crop.jpg,432,380,139260
78000,2690,0,0,user_pics/2690/game.j_f04c393236.jpg,500,377,15792
15104,0,0,0,user_pics/anonymous/01_redjewel.jpg,360,270,43912
66511,6615,0,0,user_pics/6615/6615____file_01_366610958_652cd775a6.jpg,450,338,112143
5959,0,0,0,user_pics/anonymous/01_Egyptian_Aquarium.jpg,526,396,18253
11584,682,0,0,user_pics/682/01_010.jpg,176,144,39500
3215,0,0,0,user_pics/anonymous/albums/malawi/Let_Yellow_Collar.jpg,400,262,77651
1011,0,0,0,user_pics/anonymous/albums/tankgallery2/Fry_tanks.jpg,600,450,134180
50687,5222,0,1,user_pics/5222/01_p-demasoni-moz2.jpg,231,154,55917
3004,0,0,0,user_pics/anonymous/albums/malawi/Aulonocara_steveni3.jpg,281,147,8620
186793,14440,0,0,user_pics/14440/104506_9bc90b866f.jpg,450,338,33400
9528,47,0,0,user_pics/47/01_IM000087.JPG,532,362,102628
74297,984,0,0,user_pics/984/984____file_01_30e082feb554724ba06ece9eb01afced.jpg,450,338,27753
108963,9528,0,0,user_pics/9528/fry3.j_219334ab29.jpg,600,450,65735
181438,12475,0,0,user_pics/12475/e03933_36f2967f37.jpg,450,338,53596
62563,5669,0,0,user_pics/5669/5669____file_01_holding.jpg,320,240,30167
115087,7776,1,0,user_pics/7776/getatt_12a2dde031.jpg,600,450,65566
4064,0,0,0,user_pics/anonymous/albums/other/deshi1210034.jpg,400,336,160351
1244,0,0,0,user_pics/anonymous/albums/album22/Bocarti_Cichlid_9_8_03_highlight.jpg,200,150,13365
5697,0,0,0,user_pics/anonymous/01_female_holding.jpg,432,324,36448
107513,9516,0,0,user_pics/9516/me.jpg_8e353f61ac.jpg,450,357,35544
3593,0,0,0,user_pics/anonymous/albums/malawi/lateristriga1.jpg,500,219,132177
11031,0,0,0,user_pics/anonymous/03_my_fish.jpg,320,240,29898
81247,5829,0,0,user_pics/5829/dsc050_afe3b48918.jpg,480,320,118440
185121,12903,0,0,user_pics/12903/dsc_03_47b9b0916b.jpg,319,213,16953
100493,9120,0,0,user_pics/9120/049.jp_9b3f9eb66f.jpg,317,246,33604
2373,0,0,0,user_pics/anonymous/albums/american/Camera_Picture_2.jpg,600,400,67304
54002,3463,0,0,user_pics/3463/01_Red02.jpg,349,239,34695
176230,12426,0,0,user_pics/12426/fluval_3cb05ef67a.jpg,600,600,42708
94193,5829,0,0,user_pics/5829/dsc066_aaf7d82741.jpg,480,320,72530
62846,1579,1,0,user_pics/1579/1579____file_01_natives_031.jpg,500,375,39838
105049,7776,1,0,user_pics/7776/stewy._1eadf63422.jpg,150,113,19135
3360,0,0,0,user_pics/anonymous/albums/malawi/Mommas_Mouth_and_Dad_101_0008.jpg,466,472,75860
138025,10802,0,1,user_pics/10802/_kgrhq_62a5c819f3.jpg,375,500,30041
133786,10897,0,0,user_pics/10897/2_jpg_87ba90da7b.jpg,535,414,29400
172201,7776,1,0,user_pics/7776/lloll__93b804b5f5.jpg,339,512,69054
164017,11513,0,0,user_pics/11513/271_jp_86af28dc79.jpg,400,240,38276
35837,3858,0,0,user_pics/3858/01_untitled1.bmp,320,240,230454
37027,1579,1,0,user_pics/1579/02_NEW_015.jpg,450,338,46195
75687,5829,0,0,user_pics/5829/dsc043_9234fc7ab0.jpg,480,360,82558
67231,753,0,0,user_pics/753/753____file_02_th_dscf2509.jpeg,160,120,5375
61897,1579,1,0,user_pics/1579/1579____file_01_New_126.jpg,500,375,62741
15921,1061,0,0,user_pics/1061/01_HPIM0940.JPG,320,238,75819
6526,199,0,0,user_pics/199/01_chilumba1.jpg,519,349,58610
44089,4074,0,0,user_pics/4074/01_l_028771affbb74291e7cc3804be3a9f6a.jpg,600,449,43175
35247,2690,0,0,user_pics/2690/2690____file_9999_03_Acei.jpg,599,408,24188
8509,438,0,0,user_pics/438/02_aqua14.jpg,470,600,53186
21004,2063,0,0,user_pics/2063/01_regal_blue.jpg,600,410,187922
96309,8728,0,1,user_pics/8728/bluebe_c32529e2e8.jpg,400,270,15579
125320,10406,0,1,user_pics/10406/in-you_d40ee99451.jpg,580,435,20979
3397,0,0,0,user_pics/anonymous/albums/malawi/Momma_Mouth_Brooder_1.jpg,546,407,66385
111682,2209,0,0,user_pics/2209/africa_2390533fc5.jpg,170,128,6306
28278,753,0,0,user_pics/753/01_DCP_2056.JPG,482,442,74591
28282,2027,0,0,user_pics/2027/01_isletas1.jpg,468,284,30061
54597,5563,0,0,user_pics/5563/02_Image18.jpg,320,240,29252
36601,26,0,0,user_pics/26/01_125_gal__Sept_8_07_004x7c.jpg,504,278,112906
3001,0,0,0,user_pics/anonymous/albums/malawi/Aulonocara_mamelela.jpg,362,190,13290
139038,10802,0,1,user_pics/10802/6113_j_5f61d27fb2.jpg,480,360,62371
93647,3047,0,0,user_pics/3047/384346_e10b5546db.jpg,500,289,79999
61972,4827,0,0,user_pics/4827/4827____file_01_wesaid.jpg,320,175,55799
129362,10627,0,0,user_pics/10627/034_jp_71ccd47e6b.jpg,320,480,78187
20877,2063,0,0,user_pics/2063/01_the_blaze.jpg,500,342,115203
92870,5829,0,0,user_pics/5829/dsc064_67bf15adc0.jpg,480,320,91363
165811,11324,0,0,user_pics/11324/mad_as_f0910c5218.jpg,400,300,92583
20362,1433,0,0,user_pics/1433/01_tsc4net.jpg,410,307,27145
61835,23,1,1,user_pics/23/user_00023_file_01_test.jpg,300,222,31976
119496,10059,0,0,user_pics/10059/photo0_946ee486b7.jpg,320,240,20919
190056,15273,0,0,user_pics/15273/320536_2037abaf1a.jpg,130,97,29420
140859,11203,0,0,user_pics/11203/misc_0_50f09816a5.jpg,273,218,48317
1156,0,0,0,user_pics/anonymous/albums/album22/113_1342_1_edited.jpg,486,393,68700
84073,5829,0,0,user_pics/5829/dsc053_465798b374.jpg,480,320,88467
118211,9942,0,0,user_pics/9942/100_68_a270948d82.jpg,500,375,226073
113588,8728,0,0,user_pics/8728/waldo__4e77d7d156.jpg,258,258,52428
39389,4315,0,0,user_pics/4315/01_flip.jpg,170,127,3569
8593,375,0,1,user_pics/375/03_tn2.jpg,600,450,29563
94463,8751,0,0,user_pics/8751/p30080_64891a87f5.jpg,500,375,70747
43801,1734,0,0,user_pics/1734/02_geo.jpg,351,265,11182
72124,7135,0,0,user_pics/7135/7135____file_02_cichlid_tank_3.jpg,524,592,52750
13404,0,0,0,user_pics/anonymous/01_CALA4MV3.jpg,120,160,8263
102266,8728,0,0,user_pics/8728/we5rt._aa9cc658ec.jpg,258,258,31008
94233,8728,0,0,user_pics/8728/tire_t_df758f7da7.jpg,406,406,72362
42679,1883,0,0,user_pics/1883/01_mysteryfish.jpg,406,406,43616
15536,1280,0,0,user_pics/1280/01_spotted_boy.jpg,360,230,51232
40593,0,0,0,user_pics/anonymous/01_nv04$005.jpg,320,240,16778
97324,8553,0,0,user_pics/8553/wierd__19b2682bb9.jpg,400,378,39818
105832,9019,0,0,user_pics/9019/hoegaa_9f3c8db898.jpg,389,271,23415
14601,1061,0,0,user_pics/1061/01_HPIM0101.JPG,320,238,85059
9910,47,0,0,user_pics/47/01_IM000100.JPG,441,336,72489
178674,13490,0,1,user_pics/13490/04e8fc_8870744edb.jpg,450,338,104440
42752,1579,1,0,user_pics/1579/1579____file_9999_07_FISH_036.jpg,500,375,87742
129326,10603,0,1,user_pics/10603/hpim12_1c1e52a394.jpg,264,199,602157
181759,13604,0,0,user_pics/13604/8dd300_374e238daa.jpg,150,150,2715
119509,10059,0,0,user_pics/10059/photo0_bc36584e25.jpg,320,240,12921
170358,12873,0,0,user_pics/12873/ebf09e_39b1ebe393.jpg,150,74,3279
135050,10972,0,0,user_pics/10972/fish7__62bbfcc5a8.jpg,450,338,110597
67839,5829,0,0,user_pics/5829/5829____file_01_dsc01568.jpg,320,240,45281
28861,1835,0,0,user_pics/1835/01_Picture_26.jpg,320,240,17646
121817,7610,0,0,user_pics/7610/p17071_bebb8b89d9.jpg,320,240,26796
183386,11502,0,0,user_pics/11502/downlo_fdf691a513.jpg,245,206,7905
139692,5311,0,0,user_pics/5311/fight2_8ab7c573f2.jpg,130,98,6797
114217,8728,0,0,user_pics/8728/fh1_jp_169b65ead4.jpg,258,258,37364
103489,6149,0,0,user_pics/6149/carpin_b3a28aa0a0.jpg,567,378,150624
5094,0,0,0,user_pics/anonymous/01_Other_view_350_gallon_tank.jpg,591,443,425456
153995,11832,0,0,user_pics/11832/german_472fe2b789.jpg,442,435,24060
167170,12573,0,0,user_pics/12573/jm_jpg_8b0790012d.jpg,150,112,3494
28862,1835,0,0,user_pics/1835/01_Picture_21.jpg,320,240,19220
65297,23,1,1,user_pics/23/23____file_01_cichlids-com-logo.jpg,400,120,6860
37832,1579,1,0,user_pics/1579/1579____file_9999_04_FISH_068.jpg,500,375,44497
3507,0,0,0,user_pics/anonymous/albums/malawi/phenochilus_mdoka.jpg,600,298,195882
82239,5829,0,0,user_pics/5829/dsc051_90a861b029.jpg,480,360,97593
137879,10493,0,0,user_pics/10493/pblue2_91871bdb87.jpg,600,400,45777
4898,0,0,0,user_pics/anonymous/01_10.JPG,600,450,67278
1201,0,0,0,user_pics/anonymous/albums/album22/27_G.jpg,500,375,224495
85858,5829,0,0,user_pics/5829/dsc055_717206a1ba.jpg,480,320,91092
13673,862,0,0,user_pics/862/01_DCFC0072.jpg,600,450,63976
119507,10059,0,0,user_pics/10059/photo0_c6d1e110be.jpg,239,239,18120
49430,5046,0,0,user_pics/5046/01_21-01-08_2108.jpg,320,240,13728
57484,3868,0,0,user_pics/3868/01_6f8d3d7d0b9e.jpg,285,228,22269
39769,3858,0,0,user_pics/3858/08_untitled.bmp,320,240,230454
53859,5563,0,0,user_pics/5563/01_uppppppu.jpg,320,240,32819
62063,1579,1,0,user_pics/1579/1579____file_01_new_036.jpg,500,375,36948
124431,6149,0,0,user_pics/6149/texas__988fbcca5b.jpg,567,378,197092
26715,2539,0,0,user_pics/2539/02_04-23-07_1414.jpg,160,120,9577
132697,10834,0,0,user_pics/10834/167589_26c9424c05.jpg,600,450,42854
174061,12552,0,0,user_pics/12552/jd_fry_4f040cd5fb.jpg,485,227,330566
174219,12130,0,0,user_pics/12130/cichli_b9d45067aa.jpg,320,240,47123
191025,5603,0,1,user_pics/5603/9c753ff9-500b-4fad-8c65-e7cf77193523_fb_img_1436751142395.jpg,480,319,11382
167547,12475,0,0,user_pics/12475/questi_0dc51c3e76.jpg,400,411,8342
163879,11203,0,0,user_pics/11203/011949_4c27e944ff.jpg,350,260,11627
112834,9733,0,0,user_pics/9733/venust_d7ab9b378d.jpg,315,210,28529
96712,993,0,0,user_pics/993/319cb9_91737085e3.jpg,450,338,49863
83202,6994,0,0,user_pics/6994/eight._7d82f6a82e.jpg,576,532,99178
6302,0,0,0,user_pics/anonymous/01_90220273541_100_1.jpg,104,104,4301
10850,615,0,0,user_pics/615/01_IM000697.JPG,480,368,80736
166146,8887,0,0,user_pics/8887/malawi_56bdb036d1.jpg,221,166,9065
5210,114,0,1,user_pics/114/01_after_1.jpg,320,240,53370
2222,0,0,0,user_pics/anonymous/albums/album05/Barbs_GT_fighting_4x6_crop.jpg,432,380,139260
168220,10747,0,0,user_pics/10747/images_35281fd4a4.jpg,256,126,6722
37407,753,0,0,user_pics/753/02_IMG_0650.JPG,320,240,24895
37926,4163,0,0,user_pics/4163/03_tank_007.jpg,416,312,94890
141464,11299,0,0,user_pics/11299/img003_2e5b59c8df.jpg,528,400,60050
188814,13302,0,1,user_pics/13302/2015-0_85688a9447.jpg,401,240,96180
20400,1683,0,0,user_pics/1683/01_88.jpg,224,224,11452
105017,9380,0,0,user_pics/9380/5.bmp_e2c9684ce6.jpg,352,288,304182
9634,0,0,0,user_pics/anonymous/01_fish10.jpg,576,383,217469
35445,3868,0,0,user_pics/3868/01_c4ec83b8cea0.jpg,304,228,15484
16453,1077,0,1,user_pics/1077/01_blend_full001017.jpg,352,288,33792
23150,2191,0,1,user_pics/2191/01_arowana.bmp,247,357,265662
55385,5703,0,0,user_pics/5703/16_4.jpg,320,240,50504
83463,6447,0,0,user_pics/6447/m_2229_4372e75e21.jpg,160,226,15559
2470,0,0,0,user_pics/anonymous/albums/american/Herichthys_Pearsei.jpg,500,287,79253
20876,2063,0,0,user_pics/2063/01_blaze__and__snowflake.jpg,600,450,212011
28310,2891,0,1,user_pics/2891/01_4d756c6c6574746.jpg,500,333,57393
20508,1176,0,0,user_pics/1176/20_tank.jpg,430,323,32951
998,0,0,0,user_pics/anonymous/albums/tankgallery2/tank1_002.jpg,512,384,47790
50762,5222,0,0,user_pics/5222/01_best_ruby.jpg,520,346,89576
59199,5901,0,0,user_pics/5901/03_red_shoulder.jpg,300,198,21049
3497,0,0,0,user_pics/anonymous/albums/malawi/electra_new_type1.jpg,600,257,146318
177718,11093,0,0,user_pics/11093/questi_c65a1753d5.jpg,304,320,9019
60079,4827,0,0,user_pics/4827/01_hapruby.jpg,595,479,187891
23635,2192,0,0,user_pics/2192/01_jewel6.jpg,319,206,67972
171434,13080,0,0,user_pics/13080/img_20_fa359a3c91.jpg,320,240,28129
16649,1516,0,0,user_pics/1516/01_ok_293cafe92f045751ca85ecce1856f453.jpg,332,263,16917
144806,982,0,0,user_pics/982/75fbcf_022e351d9e.jpg,450,349,96974
21469,399,0,0,user_pics/399/01_video_of_tank_390_320x240.jpg,320,234,280883
61440,3584,0,0,user_pics/3584/17_030.JPG,450,338,57937
81616,6241,0,0,user_pics/6241/confus_97107edc6a.jpg,300,416,18032
171277,12873,0,0,user_pics/12873/start__7f4060150d.jpg,450,450,34231
182860,13802,0,0,user_pics/13802/cam012_574773ce32.jpg,384,185,22376
35362,3868,0,0,user_pics/3868/01_big_texan.jpg,304,228,36343
119503,10059,0,0,user_pics/10059/photo0_a501180f21.jpg,320,240,17653
80747,6816,0,0,user_pics/6816/l_7a54_755fed84f5.jpg,600,450,46629
52030,5336,0,0,user_pics/5336/01_100_0520.jpg,324,380,18247
15472,971,0,0,user_pics/971/01_Jacky.jpg,463,450,195477
112484,9076,0,0,user_pics/9076/images_b10b950da9.jpg,98,122,2270
164996,12376,0,0,user_pics/12376/uvs111_15bc698cc6.jpg,479,277,156878
76240,6092,0,0,user_pics/6092/jack.j_621b2e10bc.jpg,593,447,51722
2935,0,0,0,user_pics/anonymous/albums/tropheus/Tropheus_moori_red_rainbow.jpg,303,147,10848
97102,8728,0,0,user_pics/8728/wefqwe_69e224010b.jpg,406,406,59460
189473,1840,0,0,user_pics/1840/2015-1_0a535e298e.jpg,338,260,125119
165095,12641,0,0,user_pics/12641/new_fi_dc3ef6e0ee.jpg,581,472,139576
13139,837,0,0,user_pics/837/01_Tin_Foil_Barb.jpg,320,240,5886
132478,8203,0,0,user_pics/8203/111111_6b2b8cfb49.jpg,131,160,5525
2920,0,0,0,user_pics/anonymous/albums/album07/P1030032.jpg,591,422,44925
16410,1077,0,0,user_pics/1077/01_photo010_0c7ed17810d482012bdbee714d33c2c5.jpg,352,288,49297
24450,0,0,0,user_pics/anonymous/01_socrate_peak.jpg,600,450,70718
245,0,0,0,user_pics/anonymous/albums/tankgallery/originaltank.jpg,500,400,57137
35662,3900,0,0,user_pics/3900/01_picture_of_fish_tank_2.jpg,170,127,6087
86244,7518,0,0,user_pics/7518/1_2995_a218af1909.jpg,320,240,14418
50745,615,0,0,user_pics/615/01_100_0990.jpg,461,346,32848
4435,0,0,0,user_pics/anonymous/albums/tankgallery/Lester55GallonsTank.jpg,600,390,80211
62607,1579,1,0,user_pics/1579/1579____file_01_new_043.jpg,500,376,48059
13629,615,0,0,user_pics/615/01_IM000228.JPG,512,384,94592
173850,11832,0,0,user_pics/11832/pictur_6a3d605f06.jpg,531,531,117529
9044,0,0,1,user_pics/anonymous/05_12.jpg,399,590,253911
3471,0,0,0,user_pics/anonymous/albums/malawi/A_christy_001.jpg,500,190,92401
168679,11479,0,0,user_pics/11479/mayan__34ca069dcd.jpg,450,338,145956
125304,10406,0,1,user_pics/10406/assbat_ee182c96c0.jpg,446,336,67172
87162,7776,1,0,user_pics/7776/kiss_p_b5d28a225e.jpg,500,375,562554
164396,12586,0,1,user_pics/12586/562194_39832f8b53.jpg,403,403,39116
166233,11203,0,0,user_pics/11203/2012-0_787dc7aa01.jpg,594,368,23597
41189,4479,0,0,user_pics/4479/05_african_cichlid_show_aquarium.jpg,430,322,29734
103259,8728,0,0,user_pics/8728/gchjmf_c2325ff906.jpg,258,258,36336
14697,1084,0,0,user_pics/1084/01_tank_003.1.jpg,420,315,135846
54998,4827,0,1,user_pics/4827/01_Chilotilapia%20rhodesii.jpg,400,332,42477
76631,7518,0,1,user_pics/7518/290668_a6a7ceb057.jpg,500,375,157818
20661,1649,0,0,user_pics/1649/01_ice_blue.bmp,420,315,396954
6299,0,0,0,user_pics/anonymous/01_87911271941_100_1.jpg,104,104,5272
90742,8532,0,0,user_pics/8532/cichli_d84fa1b54e.jpg,360,360,24414
62843,1579,1,0,user_pics/1579/1579____file_01_natives_022.jpg,500,375,40857
143743,10802,0,1,user_pics/10802/untitl_2fdcfcd315.jpg,451,338,458382
152939,11953,0,1,user_pics/11953/ar1233_25d69e1534.jpg,500,375,32193
174672,12552,0,0,user_pics/12552/gettin_46d54ec28c.jpg,459,176,242934
49949,5046,0,0,user_pics/5046/01_03-01-08_1731.jpg,320,240,7666
125315,10406,0,1,user_pics/10406/assbat_b8693e2a1c.jpg,446,336,67172
185810,13302,0,0,user_pics/13302/2014-0_2ebc8707f5.jpg,201,121,22701
158367,12191,0,0,user_pics/12191/2012-0_24bddd2dd1.jpg,416,320,28358
1312,0,0,0,user_pics/anonymous/albums/album22/DSCF0121_001.jpg,499,323,127890
56061,2231,0,0,user_pics/2231/01_fish-4822.jpg,600,450,52196
13465,47,0,0,user_pics/47/01_whole_tank.jpg,468,273,125647
134996,10971,0,1,user_pics/10971/images_30b11963a2.jpg,139,104,3513
165631,12672,0,0,user_pics/12672/img_20_a8317f0290.jpg,291,188,6802
93568,5829,0,0,user_pics/5829/dsc065_197101cbef.jpg,480,360,124796
8499,0,0,0,user_pics/anonymous/01_aqua14.jpg,470,600,53186
61958,4304,0,0,user_pics/4304/4304____file_01_hpim4398.jpg,600,447,51697
98988,5829,0,0,user_pics/5829/dsc071_0361b44f9f.jpg,480,320,104956
177666,12475,0,0,user_pics/12475/images_823ee3c6d0.jpg,137,142,6157
136518,10493,0,0,user_pics/10493/albino_b9049cc2fa.jpg,600,400,69667
13253,0,0,0,user_pics/anonymous/01_JulGombi.jpg,383,239,59440
563,0,0,0,user_pics/anonymous/albums/tankgallery2/Julia_75_Gallon.jpg,528,435,71201
33370,984,0,0,user_pics/984/01_Y_Festae..jpg,576,384,132412
71321,5896,0,0,user_pics/5896/5896____file_01_1029081932b.jpg,320,240,36708
144431,9696,0,0,user_pics/9696/discus_7eef509e47.jpg,500,333,93765
27358,2192,0,0,user_pics/2192/01_jd80.jpg,597,480,360874
2919,0,0,0,user_pics/anonymous/albums/album07/P4050283.jpg,472,307,52146
48240,5035,0,0,user_pics/5035/22_Picture_021.jpg,448,299,13165
183379,13035,0,0,user_pics/13035/image__457f23397b.jpg,318,318,46857
181825,13802,0,0,user_pics/13802/cam005_19722be267.jpg,307,162,15035
16288,1419,0,1,user_pics/1419/03_we.jpg,320,240,27543
10282,595,0,1,user_pics/595/01_Picture_068.bmp,352,288,304182
27907,1579,1,0,user_pics/1579/01_pics_001EE.JPG,291,345,28512
27757,2317,0,0,user_pics/2317/01_05-02-07_0011.jpg,320,240,30722
49358,5113,0,0,user_pics/5113/01_l_564c42a2ad7abf1e1193b5035a6e3b6b-1-.jpg,600,450,41144
52991,5484,0,0,user_pics/5484/02_P1000851.JPG,472,291,37910
99578,5896,0,0,user_pics/5896/9.cps_5e4b417218.jpg,600,400,241062
67293,984,0,0,user_pics/984/984____file_01_cit_2.jpg,160,120,3126
175062,13299,0,0,user_pics/13299/136078_c12dea2f80.jpg,408,230,27277
147899,11057,0,0,user_pics/11057/bee_00_dbd7c3a07a.jpg,320,240,32328
129345,10603,0,0,user_pics/10603/graphi_3f2bd35372.jpg,168,143,9781
120555,10059,0,0,user_pics/10059/photo0_0d2978d926.jpg,240,240,13292
176427,12130,0,0,user_pics/12130/tank3__eaf3c9d4f5.jpg,566,197,13075
175486,10617,0,0,user_pics/10617/questi_8579809467.jpg,105,128,7911
82184,1368,0,0,user_pics/1368/th_ple_7721ff5981.jpg,159,89,5969
88208,23,0,1,user_pics/23/logo.j_cc7ae27114.jpg,400,120,6860
172174,12944,0,0,user_pics/12944/superr_e41514988b.jpg,403,403,26143
165234,12672,0,0,user_pics/12672/img_20_452c46116f.jpg,568,281,27377
72147,7007,0,0,user_pics/7007/7007____file_01_423777.jpg,128,180,4172
153125,11832,0,0,user_pics/11832/otterp_2b8acd09f1.jpg,444,309,24341
101311,9178,0,0,user_pics/9178/ebjd1a_3de9dea361.jpg,431,232,15140
103449,8728,0,0,user_pics/8728/555.jp_e2842fe585.jpg,258,258,34305
12974,0,0,0,user_pics/anonymous/01_Ciclhid_1.jpg,320,240,6448
51641,4294,0,0,user_pics/4294/01_Jacobfreibergi.JPG,600,430,72874
81311,7721,0,1,user_pics/7721/new_sa_e02d23f09c.jpg,600,480,24808
172365,12937,0,0,user_pics/12937/pacu_j_07e42fb1a3.jpg,360,270,30781
81365,26,0,0,user_pics/26/midas__bd1685b03b.jpg,432,344,106569
125301,10406,0,1,user_pics/10406/assbat_9beac7cbc3.jpg,446,336,67172
13801,0,0,1,user_pics/anonymous/01_107_83x64.jpg,82,64,1359
26619,1077,0,0,user_pics/1077/01_076.JPG,442,336,35781
66484,6620,0,0,user_pics/6620/6620____file_01_0802082126d.jpg,450,338,46805
62866,6066,0,0,user_pics/6066/6066____file_01_jd1.jpg,528,400,62986
49844,2077,0,0,user_pics/2077/02_100_0376.jpg,509,334,70403
181826,13802,0,0,user_pics/13802/cam005_07735c4b71.jpg,255,227,19223
60936,4215,0,0,user_pics/4215/01_nate_and_kristen.jpg,200,148,6859
95691,8728,0,0,user_pics/8728/gt2.jp_dfae2feb44.jpg,406,406,59590
168540,12888,0,0,user_pics/12888/cichli_5a6a354846.jpg,218,120,8730
8508,438,0,0,user_pics/438/02_aqua7.jpg,600,558,55885
40896,3047,0,0,user_pics/3047/12_fish2.jpg,200,150,5205
21705,2175,0,0,user_pics/2175/01_2new.bmp,320,240,230454
175753,13333,0,0,user_pics/13333/230e3f_6da322791d.jpg,256,336,87204
22686,2314,0,1,user_pics/2314/01_room_with_a_view.jpg,499,477,36786
147186,11630,0,0,user_pics/11630/img002_3fcd5b7394.jpg,480,360,41063
62687,4827,0,0,user_pics/4827/4827____file_01_rachel.jpg,582,479,174996
44269,2231,0,0,user_pics/2231/01_umbee1.jpg,500,358,47052
73503,7191,0,0,user_pics/7191/7191____file_01_l_69fd391ca9d644e18f370f262feee02a.jpg,600,400,37683
3190,0,0,0,user_pics/anonymous/albums/malawi/speckles2.jpg,288,254,35242
185657,12903,0,0,user_pics/12903/dsc_03_8fb7de1509.jpg,319,213,27529
94925,8728,0,0,user_pics/8728/they_a_d174096b55.jpg,406,406,59830
48242,5035,0,0,user_pics/5035/11_Picture_067.jpg,448,299,19252
32483,2415,0,0,user_pics/2415/01_Black_bee_cyp.jpg,320,240,36868
1983,0,0,0,user_pics/anonymous/albums/user_gallery/yellow_001.jpg,581,418,43905
122867,10004,0,0,user_pics/10004/photo-_e76ad5f403.jpg,400,300,46705
110540,8728,0,0,user_pics/8728/angel._ed5aa53c9e.jpg,258,258,32662
139445,11208,0,0,user_pics/11208/img_02_a1d78f22a5.jpg,385,387,131220
50352,2231,0,1,user_pics/2231/02_dovii_4.jpg,500,384,43443
172597,13070,0,0,user_pics/13070/photo0_cf9f494eb8.jpg,320,240,35291
3674,0,0,0,user_pics/anonymous/albums/malawi/DSC00104_s.jpg,500,375,45104
29765,2503,0,0,user_pics/2503/09_peacock.jpg,498,241,94257
171385,13080,0,0,user_pics/13080/img_20_6ed770696c.jpg,425,370,14005
55256,3868,0,0,user_pics/3868/01_5abaaf6e0449.jpg,304,228,14162
190505,23,0,0,user_pics/23/5a78b0cd-115d-418b-b563-2148c248bcdf_questi_c65a1753d5.jpg,304,320,8505
180300,13652,0,1,user_pics/13652/cloach_2717a556fc.jpg,300,240,17333
87418,7518,0,0,user_pics/7518/1_5114_286f920e60.jpg,337,600,26764
164259,11479,0,0,user_pics/11479/facebo_963f0927b9.jpg,420,294,27375
3759,0,0,0,user_pics/anonymous/albums/malawi/New_Addition_To_My_Tank.jpg,442,370,185679
178743,13544,0,1,user_pics/13544/198ec4_a2dec97388.jpg,450,600,69153
53623,1954,0,0,user_pics/1954/01_Photo-0135.jpg,320,240,9488
11591,0,0,0,user_pics/anonymous/01_fish19.jpg,490,335,151735
189971,15214,0,0,user_pics/15214/unknow_241d9bec28.jpg,426,300,168615
76613,1840,0,0,user_pics/1840/s73083_02f56e6a36.jpg,461,346,58834
107068,5065,0,0,user_pics/5065/l_711e_c57b8029b3.jpg,600,480,35551
21584,123,0,0,user_pics/123/01_Blue_Diamond_Pair.jpg,392,326,260375
56436,5523,0,0,user_pics/5523/01_latest_kenyi_pic.bmp,320,240,230454
116138,3584,0,0,user_pics/3584/245268_8ecc29145c.jpg,500,500,138196
40044,4233,0,0,user_pics/4233/01_Picture_696.jpg,538,404,139186
152450,9439,0,0,user_pics/9439/questi_e12d95642b.jpg,304,320,8502
109005,9445,0,0,user_pics/9445/pictur_a51e142441.jpg,320,240,13959
188067,14331,0,0,user_pics/14331/screen_b03e80c063.jpg,480,471,12711
160526,12384,0,1,user_pics/12384/bbbbbb_a21612c58a.jpg,385,376,15689
129673,9174,0,0,user_pics/9174/img_45_4e4cb80c45.jpg,592,447,49331
127877,10137,0,0,user_pics/10137/ask-a-_f0fc9e17d3.jpg,180,180,12173
98812,8851,0,0,user_pics/8851/maha_k_9c9be20200.jpg,384,480,64162
80250,7574,0,0,user_pics/7574/img_33_a9deefd168.jpg,384,288,79532
159924,13514,0,0,user_pics/12280/radian_8df829d5f4.jpg,320,240,14606
89032,5829,0,0,user_pics/5829/dsc059_68f611674e.jpg,480,320,89547
107652,9507,0,0,user_pics/9507/02-01-_0b464c2f98.jpg,320,240,32810
70738,7064,0,0,user_pics/7064/7064____file_01_lithobate.jpg,600,316,38612
64676,6439,0,0,user_pics/6439/6439____file_01_100_0157.jpgcfc.jpg,282,212,128513
180087,13523,0,0,user_pics/13523/untitl_3a5378b57e.jpg,225,225,30447
116006,6149,0,0,user_pics/6149/red_te_d3093a7ae3.jpg,567,378,156217
15865,0,0,1,user_pics/anonymous/01_cichlids1.gif,600,74,38656
102063,7427,0,0,user_pics/7427/moba3_ef8d015cc6.jpg,600,450,48834
143180,11405,0,1,user_pics/11405/halibu_6997a7af11.jpg,223,226,16136
46421,249,0,0,user_pics/249/01_floooood.jpg,600,449,44098
112284,8728,0,0,user_pics/8728/2_jpg_8fbd8b14fd.jpg,258,258,32818
20575,1649,0,0,user_pics/1649/01_oct.bmp,400,300,360054
59263,4610,0,0,user_pics/4610/01_andreafricafish.jpg,450,337,52652
43090,3978,0,0,user_pics/3978/01_DSCF3520.JPG,510,341,141117
105668,6149,0,0,user_pics/6149/red_te_4f08eff963.jpg,567,378,190284
80261,7574,0,0,user_pics/7574/img_34_83880ba8c6.jpg,495,371,114098
13619,0,0,0,user_pics/anonymous/01_Cichlids_011.jpg,450,338,38851
1527,0,0,0,user_pics/anonymous/albums/album22/PrettyBoy.jpg,300,170,19102
92291,1840,0,0,user_pics/1840/dscn00_fd67be549a.jpg,420,455,62444
62523,1373,0,0,user_pics/1373/1373____file_01_melanochromis_chipokae.jpg,320,240,25646
3596,0,0,0,user_pics/anonymous/albums/malawi/saulosiwithfry.jpg,500,240,84294
6581,0,0,0,user_pics/anonymous/01_Lethrinops_spec._deep_orange_top_Nkhata_Bay.jpg,407,271,19416
139118,2114,0,0,user_pics/2114/loisel_e321275655.jpg,400,267,43664
5283,84,0,0,user_pics/84/01_6.jpg,250,250,15549
116012,6149,0,0,user_pics/6149/carpin_333304418a.jpg,567,378,195261
35857,3858,0,0,user_pics/3858/01_untitled10.bmp,320,240,230454
79095,7546,0,0,user_pics/7546/photo0_67bacb5a04.jpg,240,320,17244
167139,11203,0,0,user_pics/11203/misc_0_3922961c88.jpg,452,422,179773
11860,0,0,0,user_pics/anonymous/01_Photo_#24.jpg,320,240,8592
120553,10059,0,0,user_pics/10059/photo0_c512e018bd.jpg,320,240,20572
75604,7420,0,0,user_pics/7420/p10102_b1eb4377bf.jpg,448,336,42031
169076,12937,0,0,user_pics/12937/driod__03255bb808.jpg,408,230,34253
183295,13161,0,0,user_pics/13161/img_18_a99cbccce2.jpg,450,338,63737
12371,0,0,1,user_pics/anonymous/02_1222_item.jpg,360,255,11049
154230,7074,0,0,user_pics/7074/rac3_j_fd59bb1df4.jpg,500,510,369660
78950,3584,0,0,user_pics/3584/8701-0_f8caae108f.jpg,500,325,60779
2934,0,0,0,user_pics/anonymous/albums/tropheus/Tropheus_moori_red_rainbow2.jpg,344,154,10491
182520,11805,0,0,user_pics/11805/dscf07_2d5f48314d.jpg,320,240,17480
60809,3584,0,0,user_pics/3584/31_018.JPG,450,338,44355
163087,11479,0,0,user_pics/11479/first__ff9c73e5d4.jpg,450,338,90408
61883,1579,1,0,user_pics/1579/1579____file_01_New_091.jpg,500,281,39583
76206,7488,0,0,user_pics/7488/020.jp_fb45e3a27f.jpg,448,315,36499
159031,12289,0,0,user_pics/12289/my_bad_aa74383a5a.jpg,599,287,475475
60920,1579,1,0,user_pics/1579/01_FISH_061.jpg,500,375,61783
61015,1579,1,0,user_pics/1579/01_NO_FLASH_028.jpg,500,375,51318
113080,9733,0,0,user_pics/9733/super__cb6a0a6f89.jpg,315,210,26334
75829,6936,0,0,user_pics/6936/walter_9a33c8bde1.jpg,320,240,34227
103407,3584,0,0,user_pics/3584/untitl_36e0250210.jpg,500,392,588054
79749,7427,0,0,user_pics/7427/fishdi_78b6398108.jpg,600,450,43661
12292,0,0,0,user_pics/anonymous/02_redcichlid.jpg,160,120,7602
67838,5829,0,0,user_pics/5829/5829____file_01_dsc01566.jpg,320,240,52700
168063,11203,0,0,user_pics/11203/2012-0_e5c52d4fb3.jpg,559,460,32001
167549,12755,0,0,user_pics/12755/tankpi_0ba8ea8ba1.jpg,218,131,8227
17686,1061,0,0,user_pics/1061/01_HPIM1225.JPG,320,238,55829
6197,0,0,1,user_pics/anonymous/02_FULL_TANK.JPG,576,432,71667
6592,199,0,0,user_pics/199/01_yawn.JPG,593,459,97409
1769,0,0,0,user_pics/anonymous/albums/user_gallery/01_cichlid_African_PEACOCK_Aulonocara_female.jpg,200,151,52701
60635,1579,1,0,user_pics/1579/01_new_113.jpg,500,375,45432
6323,0,0,0,user_pics/anonymous/01_RG_Milomo_1.jpg,425,318,292105
125274,9907,0,0,user_pics/9907/salv1__a1ea941f06.jpg,530,454,79893
99325,8728,0,0,user_pics/8728/group__d42509a169.jpg,406,406,68142
150588,11005,0,0,user_pics/11005/img005_1ccc5b64b8.jpg,480,360,31122
59870,4827,0,0,user_pics/4827/01_lilbabiy.jpg,579,479,122445
39531,4312,0,0,user_pics/4312/01_JD_GT_EB.jpg,551,439,34065
114365,7776,1,0,user_pics/7776/0377fb_a0a986639b.jpg,300,225,15871
3289,0,0,0,user_pics/anonymous/albums/malawi/Aul_Maylandi1.jpg,500,226,78353
1770,0,0,0,user_pics/anonymous/albums/user_gallery/01_cichlid_African_PEACOCK_Aulonocara_male.jpg,200,149,50507
107498,993,0,0,user_pics/993/d7d8e1_0cbb332289.jpg,150,113,15014
185540,10783,0,0,user_pics/10783/139569_74f2fff78b.jpg,384,384,20892
53157,5203,0,0,user_pics/5203/01_frontbig2.jpg,406,406,34649
90797,8210,0,0,user_pics/8210/zacgut_4cfd1e4b55.jpg,375,500,62338
61410,3584,0,1,user_pics/3584/44_008.JPG,450,338,35677
60786,5421,0,0,user_pics/5421/01_SaulosiMale01.jpg,500,250,13639
62057,6182,0,1,user_pics/6182/6182____file_01_fuel-cap-carbon-s.gif,150,113,14003
42353,4550,0,0,user_pics/4550/01_111807162112.jpg,320,240,38958
5351,126,0,1,user_pics/126/01_Image_91.JPG,160,120,15420
60987,1579,1,0,user_pics/1579/01_FISH_081.jpg,500,375,49662
90172,5829,0,0,user_pics/5829/dsc060_69d0379c31.jpg,480,320,76024
128113,10556,0,0,user_pics/10556/c1_bmp_4129be9fd0.jpg,192,256,147510
6421,0,0,0,user_pics/anonymous/01_what_is_it.bmp,300,225,202554
8312,0,0,0,user_pics/anonymous/01_Altajszkaja.JPG,600,457,44995
60930,984,0,0,user_pics/984/01_100_7789_edited.jpg,505,402,21499
12296,0,0,0,user_pics/anonymous/02_03.jpg,400,275,35655
40819,1693,0,0,user_pics/1693/01_de61575d2b-1-.jpg,430,323,46812
173684,13087,0,0,user_pics/13087/135854_7ebf2bec49.jpg,540,405,139218
13421,0,0,1,user_pics/anonymous/01_Frontosa-3.jpg,500,375,33342
76823,7148,0,0,user_pics/7148/iceber_5cd45a564d.jpg,512,384,38189
168053,12755,0,0,user_pics/12755/blue_f_7287456f89.jpg,218,131,9651
21251,2114,0,0,user_pics/2114/01_frankie_4_edit.jpg,455,303,100840
66499,6620,0,0,user_pics/6620/6620____file_02_0802082155a.jpg,450,338,44301
160902,8830,0,0,user_pics/8830/picsar_d1bb6cfbf9.jpg,431,322,330950
113343,9168,0,0,user_pics/9168/fish-t_968e47ea83.jpg,549,412,36897
37522,0,0,0,user_pics/anonymous/01_this_is_my_spot.JPG,480,383,45344
123492,9733,0,0,user_pics/9733/venust_9f12b67abf.jpg,315,210,28529
3764,0,0,0,user_pics/anonymous/albums/malawi/African_tank_4_7_8_05_007x7.jpg,504,442,157040
16796,0,0,1,user_pics/anonymous/01_helpmicro4.jpg,200,240,15107
18324,27,0,0,user_pics/27/01_fish_tank1.jpg,600,450,57362
149650,4615,0,0,user_pics/4615/avatar_bdf3ca2996.jpg,125,67,148008
180296,13674,0,0,user_pics/13674/image__86342e7d9e.jpg,596,442,96278
73126,5829,0,0,user_pics/5829/5829____file_01_dsc03227.jpg,480,360,103439
2640,0,0,0,user_pics/anonymous/albums/american/Picture_009.jpg,230,136,40941
527,0,0,0,user_pics/anonymous/albums/Sand-Tanks/discusfamily2.jpg,500,400,67599
356,0,0,0,user_pics/anonymous/albums/tankgallery/3_G_001.jpg,400,267,23468
73508,7191,0,0,user_pics/7191/7191____file_01_l_129ff1dd2c1e45cab2316ae9e52b5ba5.jpg,600,372,43315
90157,5829,0,0,user_pics/5829/dsc060_fe6fc70469.jpg,480,320,84691
1159,0,0,0,user_pics/anonymous/albums/album22/113_1344_2_edited.jpg,446,384,61156
57481,3868,0,0,user_pics/3868/01_0ff6a66c6d69.jpg,285,228,10155
177513,12764,0,0,user_pics/12764/chewy__1dc8ff51d7.jpg,150,145,6076
165806,11584,0,0,user_pics/11584/hot_do_481c71f851.jpg,280,280,33738
166769,12672,0,0,user_pics/12672/img_20_1c69a87e24.jpg,448,295,10387
168499,10928,0,0,user_pics/10928/thumbn_de594d3d0a.jpg,160,116,3472
10579,0,0,0,user_pics/anonymous/01_picture039.jpg,240,320,10326
72060,7135,0,0,user_pics/7135/7135____file_01_night_6.jpg,600,448,61384
164632,8887,0,0,user_pics/8887/rubyma_e2db10773d.jpg,320,240,18510
16032,0,0,0,user_pics/anonymous/01_dcp_0001.jpg,480,320,31296
67824,4304,0,0,user_pics/4304/4304____file_01_img_1359.jpg,439,474,141347
32485,2415,0,0,user_pics/2415/01_Gold_comps_2.jpg,320,240,44699
15657,26,0,1,user_pics/26/01_Midas_in_75_gal_Oct_31__06_009x7.jpg,432,324,122620
116362,6149,0,0,user_pics/6149/red_wh_145b76f432.jpg,567,378,139270
30972,2957,0,0,user_pics/2957/03_flower.JPG,544,408,41590
17225,1266,0,1,user_pics/1266/02_aulonocara-jacobfreibergi.jpg,400,267,21469
3773,0,0,0,user_pics/anonymous/albums/malawi/virginalis1.jpg,550,260,147119
23306,2192,0,0,user_pics/2192/01_90g2.jpg,320,205,66535
38989,1516,0,0,user_pics/1516/01_cichlids-2.jpg,341,256,25665
60280,6052,0,1,user_pics/6052/03_metal_gear.gif,1,1,43
80669,5829,0,0,user_pics/5829/dsc050_cb4bd8ceee.jpg,480,320,73762
143115,11400,0,0,user_pics/11400/125_jp_126dc72c8f.jpg,470,478,105835
163775,12525,0,0,user_pics/12525/pizap__d9f2b86d8c.jpg,600,450,34108
94812,8728,0,0,user_pics/8728/flamig_21ded4acdd.jpg,406,406,61052
175696,12475,0,0,user_pics/12475/ph1-14_a394bc8a82.jpg,500,215,45846
142456,11187,0,0,user_pics/11187/3_jpg_0b34bc6905.jpg,220,342,12051
109246,9592,0,0,user_pics/9592/tznk7._2562b4b964.jpg,480,360,36421
12651,0,0,0,user_pics/anonymous/01_CONVICT.jpg,450,338,115808
175131,12475,0,0,user_pics/12475/ask-qu_3e1157bd56.jpg,550,334,18174
15855,1266,0,0,user_pics/1266/01_aulonocara-jacobfreibergi.jpg,400,267,21469
61361,3584,0,0,user_pics/3584/30_016.JPG,450,338,44596
98081,5829,0,0,user_pics/5829/dsc070_42170f0c0c.jpg,480,320,73158
34311,0,0,0,user_pics/anonymous/01_90972275_f6e78ed50a.jpg,379,243,48168
67245,6705,0,0,user_pics/6705/6705____file_02_we_frontosa__2_.jpg,320,240,27987
4876,0,0,0,user_pics/anonymous/01_91246513_311483121_0.jpg,250,250,17307
55042,5624,0,0,user_pics/5624/02_cichlids_020.jpg,379,414,94852
100723,6149,0,0,user_pics/6149/male_s_05c6eb4b6f.jpg,567,378,229536
134997,10971,0,1,user_pics/10971/axrzcm_9772176678.jpg,137,103,3069
91737,5829,0,0,user_pics/5829/dsc062_efc1a6715c.jpg,480,320,103425
11935,615,0,0,user_pics/615/01_IM000902.JPG,512,384,85600
167550,12755,0,0,user_pics/12755/demaso_c6321a048e.jpg,218,131,8141
179118,12873,0,0,user_pics/12873/start__d38a4343ce.jpg,450,450,34231
15174,26,0,0,user_pics/26/02_75_gal_bottom_redone_10_06_005x7.jpg,504,378,145635
12381,0,0,0,user_pics/anonymous/01_Jun20101.JPG,352,288,25589
84901,7981,0,0,user_pics/7981/god_bl_7151f4b779.jpg,160,160,8215
185118,12903,0,0,user_pics/12903/dsc_03_19e4beda1c.jpg,319,213,36311
24535,2559,0,1,user_pics/2559/01_my_1st_30_gal.tank,600,450,26912
111396,9445,0,0,user_pics/9445/pictur_0b3ce5623a.jpg,320,240,16358
75172,5829,0,0,user_pics/5829/5829____file_01_dsc04262.jpg,480,360,88048
158288,11479,0,0,user_pics/11479/lobste_8640c1051f.jpg,320,240,11656
17013,1554,0,0,user_pics/1554/01_PROTOMELAS_MALE_WITH_YOUNG.bmp,490,286,421046
70265,5896,0,0,user_pics/5896/5896____file_01_1015082000.jpg,320,240,25861
13011,139,0,0,user_pics/139/01_lepto4bewerkt.JPG,391,266,21236
2923,0,0,0,user_pics/anonymous/albums/album10/P4050152.jpg,591,443,140900
43128,4624,0,0,user_pics/4624/01_mhpjpkojho.bmp,320,240,230454
29849,2192,0,0,user_pics/2192/01_sev186.jpg,559,480,207093
117094,8744,0,0,user_pics/8744/questi_82d4f56756.jpg,300,300,6573
115642,2690,0,0,user_pics/2690/penqui_41b606d913.jpg,424,410,57609
186002,13436,0,0,user_pics/13436/screen_e9cb9c9291.jpg,480,462,332125
61495,1579,1,0,user_pics/1579/20_fish_018.jpg,500,375,60133
73652,3584,0,0,user_pics/3584/3584____file_02_61-61017~alabama-crimson-tide-logo-fathead-posters.jpg,400,340,38142
75532,7414,0,0,user_pics/7414/004__2_656549848c.jpg,386,291,70983
3495,0,0,0,user_pics/anonymous/albums/malawi/diamidiatus.jpg,600,176,110480
135515,10816,0,0,user_pics/10816/two_jp_af07b1813c.jpg,320,240,42393
183028,13802,0,0,user_pics/13802/cam001_b494929291.jpg,493,292,42336
41565,2473,0,0,user_pics/2473/01_Perch.jpg,450,312,211366
60875,3584,0,0,user_pics/3584/11_043.JPG,450,338,53926
54912,5300,0,0,user_pics/5300/01_100_1976.jpg,476,318,75032
111293,9528,0,0,user_pics/9528/a_jpg_b29dc156ed.jpg,600,450,42359
77644,7339,0,1,user_pics/7339/questi_d5c8af399e.jpg,97,145,3419
94628,6994,0,0,user_pics/6994/264455_12cf3c3727.jpg,500,375,121447
63751,6339,0,0,user_pics/6339/6339____file_01_bruisersm.jpg,500,479,40988
98536,9009,0,0,user_pics/9009/mar_04_87a8c27c0e.jpg,424,318,94692
79426,7546,0,0,user_pics/7546/photo0_fea760c09f.jpg,240,320,14331
23250,2114,0,0,user_pics/2114/01_frank_close_up.jpg,325,246,47932
176580,11197,0,0,user_pics/11197/new_ta_3b3dd73a6e.jpg,512,384,97608
150651,10217,0,0,user_pics/10217/rememb_c040c3559b.jpg,426,480,29232
61638,5623,0,0,user_pics/5623/02_untitled1.bmp,320,240,230454
101740,8600,0,0,user_pics/8600/questi_be279c3e37.jpg,286,359,9023
24530,2559,0,1,user_pics/2559/02_1st_30_gal._tank,600,450,26912
171676,13080,0,0,user_pics/13080/img_20_813c4610fa.jpg,320,240,26812
124959,1987,0,0,user_pics/1987/saints_5d3fa700ae.jpg,450,341,97464
70641,5829,0,0,user_pics/5829/5829____file_01_dsc01857.jpg,320,240,49466
3376,0,0,0,user_pics/anonymous/albums/malawi/What_Am_I.jpg,320,240,13247
25847,2711,0,0,user_pics/2711/01_IMG016.JPG,320,240,11502
95012,8728,0,0,user_pics/8728/baby_j_2e07e04e50.jpg,406,406,54074
171389,13080,0,0,user_pics/13080/img_20_00da4cecb9.jpg,320,240,34440
172811,12873,0,0,user_pics/12873/383d74_60d8da9ce0.jpg,450,299,115672
59847,5930,0,1,user_pics/5930/01_redtexaslargeyj0.jpg,400,325,26772
44935,4752,0,0,user_pics/4752/01_IMG000006.jpg,320,240,14936
37621,1835,0,0,user_pics/1835/01_arupestris10-1-.jpg,593,374,42954
61846,1579,1,0,user_pics/1579/1579____file_01_New_099.jpg,500,376,42201
153713,9669,0,0,user_pics/9669/help_j_e1a2ec8565.jpg,281,179,12062
61355,3584,0,0,user_pics/3584/28_027.JPG,450,338,66274
125712,9805,0,0,user_pics/9805/s_ruby_be91720388.jpg,500,326,186265
181731,13802,0,0,user_pics/13801/cam001_0b6c689b67.jpg,259,211,19865
134528,10935,0,1,user_pics/10935/bloodp_fd0d0e8c54.jpg,400,300,19830
33565,3602,0,0,user_pics/3602/01_Sewellia_lineolata.jpg,300,225,23142
21653,2148,0,0,user_pics/2148/01_blue_dempsey_1.jpg,500,371,79750
39208,123,0,0,user_pics/123/01_l_a583bab3717c56edcbfcc9902d74d31e.jpg,429,435,37773
4859,50,0,1,user_pics/50/01_Malawi_6.jpg,227,153,11318
134680,9174,0,0,user_pics/9174/img_63_c4a9f7d820.jpg,467,350,47716
133616,10888,0,0,user_pics/10888/id_jpg_349637439a.jpg,440,349,19076
144645,4615,0,0,user_pics/4615/thumbn_654b0886a5.jpg,156,160,4449
9729,0,0,1,user_pics/anonymous/01_fishys001.jpg,352,288,60708
175430,12475,0,0,user_pics/12475/ask-qu_fd7592dce4.jpg,550,334,18174
2998,0,0,0,user_pics/anonymous/albums/malawi/Aulonocara_eureka2.jpg,350,213,14499
32171,0,0,0,user_pics/anonymous/01_Congo_Tetra.jpg,250,133,9121
184834,14169,0,0,user_pics/14169/ry_3d4_c457005f76.jpg,550,400,16591
66278,4304,0,0,user_pics/4304/4304____file_01_img_1129.jpg,584,372,149816
138485,10493,0,0,user_pics/10493/ngara2_78c2587e73.jpg,600,400,49018
17684,1061,0,0,user_pics/1061/02_HPIM1192.JPG,319,194,58021
48590,5046,0,1,user_pics/5046/02_03-01-08_1725.jpg,320,240,9937
163629,11479,0,0,user_pics/11479/oscar2_b5ad550ed3.jpg,450,338,188806
37116,0,0,0,user_pics/anonymous/01_imgad.jpg,94,77,2233
110766,8728,0,0,user_pics/8728/4.jpg_931c500d02.jpg,258,258,55059
90154,5829,0,0,user_pics/5829/dsc060_76a3f165eb.jpg,480,320,87651
16798,0,0,1,user_pics/anonymous/01_Black-Man.jpg,225,300,22495
1556,0,0,0,user_pics/anonymous/albums/album22/acei.jpg,400,160,14359
139533,11212,0,0,user_pics/11212/img_07_35055b94d8.jpg,500,333,135123
152831,3584,0,0,user_pics/3584/untitl_806c94db30.jpg,150,150,52004
186054,13436,0,0,user_pics/13436/img_20_7768db2417.jpg,547,547,67438
10261,0,0,0,user_pics/anonymous/01_Picture_014.bmp,352,288,304182
55561,5521,0,0,user_pics/5521/01_4743190134B.jpg,200,200,8400
186112,8746,0,0,user_pics/8746/image1_850a836d28.jpg,480,270,289215
181773,11502,0,0,user_pics/11502/img012_5d4a1f2957.jpg,320,240,14472
53632,2690,0,0,user_pics/2690/01_Taiwan.jpg,450,338,19197
99729,5829,0,0,user_pics/5829/dsc073_5f649cfdc3.jpg,480,320,100134
148109,8210,0,0,user_pics/8210/zacspi_ed6e9ed354.jpg,592,432,123776
26221,2415,0,0,user_pics/2415/01_GBR3.jpg,320,240,49800
15863,1266,0,0,user_pics/1266/01_Malawi_1999_026_copy.jpg,350,256,66685
170154,11877,0,0,user_pics/11877/18106__33e75a2e20.jpg,480,358,33257
64032,1579,1,0,user_pics/1579/1579____file_01_polit2.jpg,500,375,29867
152111,11479,0,0,user_pics/11479/comput_b8f96e9bed.jpg,198,254,15358
843,0,0,0,user_pics/anonymous/albums/tankgallery2/pic2.jpg,150,113,10068
160718,13514,0,0,user_pics/12280/new_75_c24929f0e0.jpg,320,240,11887
170004,12573,0,0,user_pics/12573/bio_jp_71d8b39dec.jpg,225,225,14023
3485,0,0,0,user_pics/anonymous/albums/malawi/L_fuelleborni_001.jpg,500,248,96794
119057,10059,0,0,user_pics/10059/photo0_b4d7bddfa2.jpg,240,240,10114
183717,11502,0,0,user_pics/11502/201312_8918e1a8b2.jpg,448,391,23631
60453,1579,1,0,user_pics/1579/01_SSB1A.jpg,500,375,66414
26617,1077,0,0,user_pics/1077/01_072.JPG,442,336,35676
97019,8854,0,0,user_pics/8854/416130_a2480c2215.jpg,160,107,11293
45698,26,0,0,user_pics/26/02_Red_Tops_others__Sept_8_07_008x7cc.jpg,504,300,137932
27064,2114,0,0,user_pics/2114/01_whites_both.jpg,342,296,35634
139530,11212,0,0,user_pics/11212/brevis_8cba03f4fd.jpg,500,333,149892
16854,0,0,0,user_pics/anonymous/02_images.jpg,137,103,3356
111881,9733,0,0,user_pics/9733/superr_30febde0fd.jpg,500,302,92515
2937,0,0,0,user_pics/anonymous/albums/tropheus/Duboisi_001.jpg,515,428,34438
2907,0,0,0,user_pics/anonymous/albums/frontosa/no_comment.jpg,600,454,47949
21717,1637,0,0,user_pics/1637/21_tank.jpg,304,228,32496
131982,8887,0,0,user_pics/8887/mbunac_0a1f113495.jpg,480,360,13538
146908,8210,0,0,user_pics/8210/zacspi_d4e11f8a5c.jpg,544,400,109216
32210,3462,0,0,user_pics/3462/32_Picture_010.jpg,594,261,34210
987,0,0,0,user_pics/anonymous/albums/tankgallery2/002_G.jpg,176,144,6679
5596,154,0,0,user_pics/154/01_unknown.JPG,576,432,81618
170558,11479,0,0,user_pics/11479/camera_fdae8689c1.jpg,256,217,83221
50739,5222,0,1,user_pics/5222/01_trbemba11.jpg,356,336,35859
104714,8744,0,0,user_pics/8744/vegeta_bee935d978.jpg,500,480,49076
98923,6149,0,0,user_pics/6149/red_te_d1c36d503f.jpg,567,378,145828
3334,0,0,0,user_pics/anonymous/albums/malawi/Beautiful_Electric_Blue_on_the_bottom.jpg,320,240,17060
61636,5623,0,0,user_pics/5623/01_cichlids1.bmp,320,240,230454
15261,1225,0,0,user_pics/1225/01_pulcher01.jpg,320,240,12988
5238,117,0,0,user_pics/117/01_Fish_2.jpg,160,120,5296
90156,5829,0,0,user_pics/5829/dsc060_d9e4fa206b.jpg,480,320,80599
97101,8728,0,0,user_pics/8728/cat1.j_249718b716.jpg,406,406,53290
21878,2192,0,0,user_pics/2192/01_tex6.jpg,319,213,60630
13136,837,0,0,user_pics/837/01_Mr_Midas_3.jpg,320,240,7453
99128,8830,0,0,user_pics/8830/img_01_d5458727ad.jpg,600,450,1080054
98147,8767,0,0,user_pics/8767/whodat_cba0f26766.jpg,190,70,1208
147548,11418,0,0,user_pics/11418/340_jp_a004e78a6f.jpg,496,368,49296
168244,12557,0,0,user_pics/12557/safe_i_da132436d3.jpg,403,302,28524
188925,1840,0,0,user_pics/1840/2015-0_9717db71b7.jpg,429,584,506839
175559,12552,0,0,user_pics/12552/new_fr_db3920e867.jpg,493,310,458854
51734,5339,0,1,user_pics/5339/01_discus2.jpg,600,450,85066
121819,7610,0,0,user_pics/7610/p17071_f93bb73ce5.jpg,320,240,25455
8862,438,0,0,user_pics/438/01_aqua45.jpg,600,452,51433
5943,26,0,0,user_pics/26/01_29_gal_fry_tank_11_05_037x7c.jpg,504,297,115959
10348,0,0,0,user_pics/anonymous/01_ae.BMP,352,288,304182
116930,5674,0,0,user_pics/5674/img_20_8024c4b0ed.jpg,382,302,60319
11386,686,0,0,user_pics/686/01_My_Tank_Rods2.JPG,519,389,139048
60279,6052,0,1,user_pics/6052/02_metal_gear.gif,1,1,43
160803,13514,0,0,user_pics/12280/new_75_7c57b29b49.jpg,320,240,9934
22511,2278,0,1,user_pics/2278/02_planted_tank,320,240,14502
61639,5623,0,0,user_pics/5623/02_untitled2.bmp,320,240,230454
38621,0,0,1,user_pics/anonymous/0____file_9999_41_Picture_002.jpg,160,120,10005
8869,438,0,0,user_pics/438/01_aqua59.jpg,452,600,50799
5139,0,0,1,user_pics/anonymous/01_monkey_story.jpg,204,250,9943
49425,1579,1,0,user_pics/1579/01_New_026.jpg,450,376,48954
127802,10527,1,0,user_pics/10527/adopte_ce2f940acd.jpg,120,133,2867
125313,10406,0,1,user_pics/10406/assbat_215386d1cd.jpg,446,336,67172
113506,9798,0,0,user_pics/9798/escond_d0539f323f.jpg,528,355,109368
72385,6480,0,0,user_pics/6480/6480____file_01_hpim0801.jpg,570,428,47149
60923,1579,1,0,user_pics/1579/01_FISH_092.jpg,500,375,43679
22741,2278,0,0,user_pics/2278/01_tank_20.jpg,320,240,36450
172601,13070,0,0,user_pics/13070/nov120_273687ae0e.jpg,320,240,36445
94846,5829,0,0,user_pics/5829/dsc067_3b9d3a91cd.jpg,480,320,65022
17055,0,0,1,user_pics/anonymous/02_tn.jpg,150,113,5069
106953,9430,0,0,user_pics/9430/downsi_e49d13d850.jpg,512,384,25931
164997,12376,0,0,user_pics/12376/z_9_jp_02f9551bd6.jpg,314,235,55192
98435,8744,0,0,user_pics/8744/fluval_14b4da95ab.jpg,240,240,9485
5281,84,0,0,user_pics/84/01_4.jpg,250,250,15832
54557,5410,0,0,user_pics/5410/02_me.jpg,98,130,7347
81381,7427,0,0,user_pics/7427/fishco_c58439351e.jpg,600,450,39335
2363,0,0,0,user_pics/anonymous/albums/american/Dempsey_666.jpg,600,400,42996
144940,5603,0,0,user_pics/5603/images_99579c6125.jpg,222,225,22007
96507,8890,0,1,user_pics/8890/syn_or_89182f91bb.jpg,146,98,4558
119104,10020,0,0,user_pics/10020/img000_8583d17c3a.jpg,480,352,40135
119492,10059,0,0,user_pics/10059/photo0_004ded39a0.jpg,176,132,4797
14623,1086,0,0,user_pics/1086/01_who_says_you_cantmix_cichlids_with_other_fish.JPG,586,395,108266
32867,2480,0,0,user_pics/2480/02_IMG_3417.JPG,480,360,59558
101556,3584,0,0,user_pics/3584/hb_bri_79ee910f4f.jpg,200,185,12905
19829,778,0,0,user_pics/778/01_2f7ac13a87.jpg,430,323,20052
8560,369,0,0,user_pics/369/01_cichlids16.JPG,590,396,44403
78601,7686,0,0,user_pics/7686/stanle_527214f820.jpg,349,525,550254
39489,3925,0,0,user_pics/3925/02_30.jpg,400,273,181631
94816,8728,0,0,user_pics/8728/papa.j_f96ecc99ac.jpg,406,406,71186
6125,0,0,0,user_pics/anonymous/01_fusco_vs_blue_1.jpg,559,585,47848
150029,5311,0,0,user_pics/5311/dakota_28e16cac7a.jpg,130,98,7073
50081,2077,0,0,user_pics/2077/01_100_1472.jpg,600,402,112388
13309,47,0,0,user_pics/47/01_IM000034.JPG,374,229,23947
40707,615,0,0,user_pics/615/02_100_0116.jpg,461,346,34386
37986,2690,0,0,user_pics/2690/05_Acei.jpg,599,408,24188
10842,653,0,0,user_pics/653/01_Img_14241.jpg,576,403,38203
118214,9942,0,0,user_pics/9942/100_68_38fa478927.jpg,500,375,204460
104490,778,0,0,user_pics/778/olklju_b5c78badde.jpg,450,338,18471
13258,0,0,0,user_pics/anonymous/01_060722_2328~01.jpg,120,160,6277
162911,11890,0,0,user_pics/11890/images_54ce919c8d.jpg,216,233,11132
133131,3584,0,0,user_pics/3584/536b70_9d689d0ea9.jpg,450,298,86174
175741,12475,0,0,user_pics/12475/help_w_dc83ff2216.jpg,432,521,30514
104454,8918,0,1,user_pics/8918/ooop.j_6ede7b1291.jpg,348,289,24532
7375,0,0,0,user_pics/anonymous/01_aquarium.JPG,600,450,145659
151979,11832,0,0,user_pics/11832/pleco1_dacd0330f4.jpg,444,528,37992
11575,0,0,0,user_pics/anonymous/01_Picture(65).jpg,160,120,3924
75848,7427,0,0,user_pics/7427/fishmo_ef2e614200.jpg,600,450,43502
251,0,0,0,user_pics/anonymous/albums/tankgallery/New_55_Updated.jpg,508,381,132454
13261,857,0,0,user_pics/857/01_060726_0557~01.jpg,120,160,8207
65469,6238,0,0,user_pics/6238/6238____file_01_pic15.jpg,150,113,2835
112615,8947,0,0,user_pics/8947/cora_j_c2ac963dfd.jpg,584,600,45944
37028,1579,1,0,user_pics/1579/01_NEW_046.jpg,450,338,34454
38633,4164,0,0,user_pics/4164/01_nuke_good.jpg,588,580,48517
125295,10406,0,1,user_pics/10406/magika_4f8a194686.jpg,275,300,22495
17307,1061,0,0,user_pics/1061/03_HPIM0104.JPG,320,238,65242
1729,0,0,0,user_pics/anonymous/albums/album22/siba.jpg,500,375,50606
3677,0,0,0,user_pics/anonymous/albums/malawi/DSC00235_s.jpg,500,375,46796
43416,4074,0,0,user_pics/4074/01_732260176110_0_ALB.jpg,448,335,28911
3776,0,0,0,user_pics/anonymous/albums/malawi/virginalis4.jpg,500,288,137619
176195,12407,0,0,user_pics/12407/pregun_3b203c1a44.jpg,215,234,6890
55396,5702,0,0,user_pics/5702/03_IMG_0340.JPG,600,450,40904
105997,9403,0,0,user_pics/9403/just_g_1d2cf11b3e.jpg,400,240,20533
98796,8851,0,1,user_pics/8851/flower_d81409b740.jpg,320,240,5152
100491,9120,0,0,user_pics/9120/phi_07_82e131d72e.jpg,482,421,47205
85284,8106,0,0,user_pics/8106/trickl_db5c1aa8c5.jpg,216,144,46374
50077,4323,0,1,user_pics/4323/02_FISH.jpg,258,258,18554
66688,6643,0,0,user_pics/6643/6643____file_01_fishtank24.jpg,512,384,77050
111565,8746,0,0,user_pics/8746/fake_s_7a473fab9a.jpg,343,343,36124
16441,1419,0,1,user_pics/1419/01_Cichli1388.jpg,451,254,18579
176582,11197,0,0,user_pics/11197/new_ta_570301be31.jpg,512,384,44832
166967,11203,0,0,user_pics/11203/moss_j_96ea4dbe27.jpg,300,274,67103
170800,10784,0,0,user_pics/10784/secure_622eb908d3.jpg,240,320,36266
16251,0,0,0,user_pics/anonymous/01_htrtrtr.jpg,550,413,95972
14611,615,0,0,user_pics/615/01_IM000841.JPG,480,368,73632
94594,5829,0,0,user_pics/5829/dsc066_291a6bfef2.jpg,480,320,102110
42434,2551,0,0,user_pics/2551/01_fish_049t.jpg,448,336,59765
12650,0,0,0,user_pics/anonymous/01_JEWEL.jpg,450,368,24094
80107,5829,0,0,user_pics/5829/dsc049_78d065a383.jpg,480,320,73997
155508,10794,0,0,user_pics/10794/uganda_21d1447ec2.jpg,585,600,93960
154110,11832,0,0,user_pics/11832/lemonj_2841507698.jpg,472,398,27737
94066,8721,1,0,user_pics/8721/pm2_11_9a818029f1.jpg,500,421,47900
116929,9474,0,0,user_pics/9474/fir5_j_f8eedb0f06.jpg,240,320,36536
113692,7776,1,0,user_pics/7776/lk_bir_5eda6ad809.jpg,100,50,1241
41904,1579,1,0,user_pics/1579/1579____file_9999_27_FISH_006.jpg,500,375,55647
158366,12191,0,0,user_pics/12191/2012-0_1211040009.jpg,416,320,23571
15546,1283,0,1,user_pics/1283/10_fish.jpg,254,192,13793
190646,15480,0,0,user_pics/15480/34c3f393-d903-4ced-8546-27f1a0d17411_frontosacichlid_600x400_png.png,600,400,239772
16463,977,0,0,user_pics/977/02_red1.jpg,600,450,26295
3869,0,0,1,user_pics/anonymous/albums/african/Jewel04Resize.jpg,576,192,76748
81027,7427,0,0,user_pics/7427/fishne_9d4bb30f0c.jpg,600,450,42161
190437,23,0,1,user_pics/23/906b8554-606f-46b8-baa6-cf155488e35d_screen_shot_2018-02-25_at_14.52.26.png,402,100,14069
73498,7191,0,0,user_pics/7191/7191____file_01_l_43f412265ad64a42a5c988721d4f0aec.jpg,600,400,31197
48372,4616,0,0,user_pics/4616/04_Image028.jpg,320,240,21811
110528,8728,0,0,user_pics/8728/angel._50f0d3c3fe.jpg,258,258,30729
191548,15956,1,1,user_pics/15956/2dd125ab-5512-4534-a913-32a1ee3ca812_fortune_logo.png,450,350,16685
185919,3497,0,1,user_pics/3497/_t2ec1_20712d84ca.jpg,262,192,7829
62341,5300,0,0,user_pics/5300/5300____file_01_100_2428.jpg,593,394,71500
185800,8210,0,0,user_pics/8210/lampro_6df3adbd03.jpg,597,395,22388
24299,2535,0,0,user_pics/2535/01_SS850072.JPG,512,384,121803
51738,5035,0,0,user_pics/5035/01_S6300004.JPG,448,336,54850
47381,4975,0,0,user_pics/4975/02_100_0441.jpg,360,270,55600
60637,1579,1,0,user_pics/1579/01_new_115.jpg,500,375,43945
157039,11203,0,0,user_pics/11203/happy-_22b3b850c2.jpg,515,353,21961
190368,23,1,1,user_pics/23/bfc3ae6a-ec5f-4271-9dbc-f0bdaaa87940_test_no.1_and_going_bad.jpg,500,333,860220
119042,10059,0,0,user_pics/10059/4_ft_t_bad4f5291a.jpg,320,240,9472
87738,7570,0,0,user_pics/7570/pinkie_bf58ee92b8.jpg,125,125,16647
156889,11479,0,0,user_pics/11479/jd_jpg_56aa46d561.jpg,320,240,15587
34516,2015,0,0,user_pics/2015/01_edited_174.JPG,244,167,8923
62056,1579,1,0,user_pics/1579/1579____file_01_new_015.jpg,500,375,36247
16417,1419,0,1,user_pics/1419/01_Oddbal88.jpg,428,322,25345
21017,1748,0,0,user_pics/1748/02_untitled5.jpg,449,557,46437
1487,0,0,0,user_pics/anonymous/albums/album22/Picture013.jpg,160,120,19380
6687,0,0,0,user_pics/anonymous/06_fish1.jpg,504,377,85754
108746,9364,0,0,user_pics/9364/my_wal_465aaca703.jpg,512,384,26600
120149,9168,0,1,user_pics/9168/42586-_a8bbe5c15a.jpg,450,407,83333
88269,7776,1,1,user_pics/7776/kornel_6a981cb88f.jpg,275,175,144954
109245,9592,0,0,user_pics/9592/tank_3_7cbd0f35cc.jpg,480,360,58995
63768,1579,1,0,user_pics/1579/1579____file_01_new_094.jpg,450,338,146067
97218,8728,0,0,user_pics/8728/10g_ta_3375e5e985.jpg,406,406,41318
100080,3584,0,0,user_pics/3584/353_25_9992248d3e.jpg,353,300,82146
144916,10802,0,1,user_pics/10802/_kgrhq_e8852c9bd1.jpg,500,373,49331
104970,4222,0,0,user_pics/4222/red_ch_83f5b46f13.jpg,124,80,2495
35444,3868,0,0,user_pics/3868/01_7bb7ece86a66.jpg,304,228,27230
1331,0,0,0,user_pics/anonymous/albums/album22/Fish3.jpg,200,134,4723
8520,438,0,0,user_pics/438/01_bluehap3.jpg,600,582,70663
1020,0,0,0,user_pics/anonymous/albums/tankgallery2/138_G.jpg,400,300,38767
77891,5829,0,0,user_pics/5829/dsc047_78966cbb97.jpg,480,320,83175
14713,1084,0,0,user_pics/1084/02_tank_003.1.jpg,420,315,135846
132825,10433,0,0,user_pics/10433/4_jpg_c2a33077d8.jpg,533,400,89284
19006,1176,0,0,user_pics/1176/01_flowerhorn3.jpg,430,323,22278
1797,0,0,0,user_pics/anonymous/albums/user_gallery/sam.png,540,584,573820
41343,4494,0,0,user_pics/4494/01_1397530279_b483d5859b.jpg,500,373,70887
120563,10059,0,0,user_pics/10059/photo0_48abfc6457.jpg,480,480,37091
103315,8887,0,0,user_pics/8887/flower_6c9cb71971.jpg,480,384,17759
60631,1579,1,0,user_pics/1579/01_new_084.jpg,500,375,65218
106065,8887,0,0,user_pics/8887/redtop_7402c77eee.jpg,480,384,18165
1449,0,0,0,user_pics/anonymous/albums/album22/P1010140.jpg,288,184,39404
997,0,0,0,user_pics/anonymous/albums/tankgallery2/tank_006.jpg,512,384,50822
11653,26,0,1,user_pics/26/01_DSC00054(1)x4.jpg,432,324,102873
18241,1483,0,0,user_pics/1483/02_Picture_137.jpg,533,480,65714
2360,0,0,0,user_pics/anonymous/albums/american/nannacaraogscalarer.jpg,320,240,64416
44090,4074,0,1,user_pics/4074/01_887442917110_0_SM.jpg,96,72,2945
1943,0,0,0,user_pics/anonymous/albums/user_gallery/geoff.jpg,500,479,53870
102620,8728,0,1,user_pics/8728/me.jpg_d7f87caf73.jpg,258,258,30734
81263,5829,0,0,user_pics/5829/dsc050_230198f0ac.jpg,480,320,64125
73464,1840,0,0,user_pics/1840/1840____file_01_s7307433.jpg,538,404,70816
50823,5222,0,1,user_pics/5222/02_best_ruby.jpg,520,346,89576
8157,396,0,0,user_pics/396/01_P1010269.JPG,500,375,125923
39473,1734,0,0,user_pics/1734/01_telmato.bmp,400,270,324054
32482,2192,0,0,user_pics/2192/01_tex_yawn.jpg,573,480,238863
152755,3584,0,0,user_pics/3584/a0f72__d61c5e28dd.jpg,364,275,41437
107052,5065,0,0,user_pics/5065/l_1134_6a76ec92f7.jpg,600,480,56291
67153,6699,0,0,user_pics/6699/6699____file_01_100_0304.jpg,320,240,21857
35200,3821,0,0,user_pics/3821/01_The_Guys.JPG,400,300,48482
71737,7125,0,0,user_pics/7125/7125____file_01_1105080152-1-.jpg,320,240,15626
529,0,0,0,user_pics/anonymous/albums/Sand-Tanks/CIMG0135_001.jpg,320,240,17547
60990,1579,1,0,user_pics/1579/01_FISH_089.jpg,500,375,43137
134537,10788,0,0,user_pics/10788/downsi_c4ac22fb4a.jpg,160,120,6111
6577,0,0,0,user_pics/anonymous/01_Tramatichromis_Brevis_Chisumulu_1.JPG,488,366,33090
140042,3584,0,1,user_pics/3584/a6aac0_0d5515f53b.jpg,450,299,31585
4041,0,0,1,user_pics/anonymous/albums/african/AfricanCichlid2.jpg,320,240,7684
51442,12176,0,0,user_pics/4641/01_P2140629.JPG,320,240,54196
86980,8210,0,0,user_pics/8210/fish11_78e8746814.jpg,500,375,223646
27706,2891,0,0,user_pics/2891/02_untitled.JPG,450,324,19237
148676,8210,0,0,user_pics/8210/zacspi_c3d8fbdd02.jpg,544,400,111888
4840,50,0,1,user_pics/50/01_mbuna_diving_2.jpg,293,199,11715
759,0,0,0,user_pics/anonymous/albums/tankgallery2/CIMG0107.jpg,320,240,17329
94123,8733,0,0,user_pics/8733/n11039_d302df12f6.jpg,567,426,40748
36609,26,0,0,user_pics/26/01_125_gal_tank_1_07_010x7c.jpg,504,144,72296
60971,1579,1,0,user_pics/1579/01_FISH_053.jpg,599,535,50150
3454,0,0,0,user_pics/anonymous/albums/malawi/06_G.jpg,589,368,38349
29633,1579,1,0,user_pics/1579/01_eggs_showing.JPG,547,357,41634
169996,12944,0,0,user_pics/12944/freddy_f931b9dab3.jpg,480,360,17731
3156,0,0,0,user_pics/anonymous/albums/malawi/Cnv0007.jpg,499,294,26212
73587,5829,0,0,user_pics/5829/5829____file_01_dsc03199.jpg,480,360,99742
43282,2077,0,0,user_pics/2077/01_maingano2.jpg,426,295,168448
14868,1122,0,1,user_pics/1122/1122____file_9999_04_prue2.jpg,398,213,16109
57526,5300,0,0,user_pics/5300/01_100_2147.JPG,526,348,44311
185924,14331,0,0,user_pics/14304/201404_5afdbb74c0.jpg,326,245,74109
10268,0,0,0,user_pics/anonymous/01_Picture_043.bmp,352,288,304182
55672,4097,0,0,user_pics/4097/4097____file_02_578572494_318f50e68a.jpg,418,500,74337
184216,12903,0,0,user_pics/12903/dsc_03_da02673c9b.jpg,319,213,33734
172808,12873,0,0,user_pics/12873/0cb4c0_e31fb00c51.jpg,450,338,87970
174100,12937,0,0,user_pics/12937/img_20_8f1b3717da.jpg,534,449,55279
1946,0,0,0,user_pics/anonymous/albums/user_gallery/tiny.jpg,500,375,37491
53083,4294,0,0,user_pics/4294/01_Brichardi.jpg,325,283,21419
5913,180,0,1,user_pics/180/01_orange_zebra_&_y.b._zebra.bmp,584,471,825246
56171,5684,0,0,user_pics/5684/02_New_Aquarium_1.jpg,400,300,22687
4708,0,0,0,user_pics/anonymous/01_85031994_289020510_0.jpg,250,250,15982
168362,8744,0,0,user_pics/8744/big_ba_800dc35b91.jpg,480,270,30301
52987,5484,0,0,user_pics/5484/01_P1000821.JPG,489,338,39340
94718,3029,0,0,user_pics/3029/ac_100_7dd755cd22.jpg,500,375,116947
178376,13161,0,0,user_pics/13161/52aa0e_0ef1f13fbd.jpg,450,270,83043
105996,9403,0,0,user_pics/9403/30.jpg_f8d476f0e4.jpg,400,240,31674
4704,0,0,0,user_pics/anonymous/01_85025138_288995462_0.jpg,250,250,13033
103487,6149,0,0,user_pics/6149/red_te_00a5e67c52.jpg,567,378,147838
41442,4368,0,0,user_pics/4368/01_Project26.png,500,375,1376124
191060,15597,0,1,user_pics/15597/d27785a7-e6e7-4164-a5d9-9de77bffe813_jack_dempey_fry.jpg,250,188,14063
76761,7427,0,0,user_pics/7427/downsi_37352c6427.jpg,600,450,46094
11928,0,0,0,user_pics/anonymous/0____file_9999_04_fish.bmp,520,388,605334
61414,3584,0,1,user_pics/3584/53_005.JPG,450,300,57195
3281,0,0,0,user_pics/anonymous/albums/malawi/Nim_venustus1.jpg,500,228,78183
3777,0,0,0,user_pics/anonymous/albums/malawi/virginalis5.jpg,500,250,130773
27083,2837,0,0,user_pics/2837/01_Photo_0005.jpg,320,240,29876
163697,12525,0,1,user_pics/12525/cichli_761e026375.jpg,396,295,15140
23029,2114,0,0,user_pics/2114/01_oscar_2_edit.jpg,600,450,127534
58790,5934,0,0,user_pics/5934/01_red_one.jpg,500,356,131842
16562,1353,0,0,user_pics/1353/01_28-11-06_1903.jpg,320,240,12684
71753,7125,0,0,user_pics/7125/7125____file_01_1105081213-1-.jpg,320,240,15217
62051,6181,0,0,user_pics/6181/6181____file_01_pterophyllum_scalare7.jpg,358,500,53050
10346,0,0,0,user_pics/anonymous/02_t2.BMP,352,288,304182
94240,8728,0,0,user_pics/8728/reg_al_64230247df.jpg,406,406,62012
47693,4990,0,0,user_pics/4990/02_k.jpg,170,127,4647
1641,0,0,0,user_pics/anonymous/albums/album22/flamingo.jpg,507,480,91341
10286,595,0,0,user_pics/595/02_Picture_014.bmp,352,288,304182
29682,0,0,1,user_pics/anonymous/01_p1.JPG,352,440,19297
1479,0,0,0,user_pics/anonymous/albums/album22/Photo0011.jpg,320,240,63639
84465,2929,0,0,user_pics/2929/fish02_84a7ee8bd7.jpg,448,336,47393
15729,1258,0,0,user_pics/1258/01_Super-Red-1.jpg,400,294,123525
51768,4827,0,1,user_pics/4827/01_3360082_36_1.jpg,240,156,13358
141111,11203,0,0,user_pics/11203/fish_0_d15efed944.jpg,332,259,113613
190858,23,0,1,user_pics/23/597410e8-a855-4ccc-93a8-2ce709289ea0_test.jpg,500,333,860270
58731,2626,0,0,user_pics/2626/01_DSC01064.jpg,360,202,35772
60427,3868,0,0,user_pics/3868/06_oscar.jpg,285,228,30336
35543,3821,0,0,user_pics/3821/07_untitled.bmp,400,300,360054
17740,1648,0,0,user_pics/1648/01_yellowlab.jpg,600,563,362978
18121,745,0,0,user_pics/745/03_babies.jpg,500,375,21826
129996,7523,0,1,user_pics/7523/0jm5ca_149f60fb27.jpg,150,73,1968
60983,1579,1,0,user_pics/1579/01_FISH_074.jpg,500,375,66110
88350,7518,0,0,user_pics/7518/1_1009_3d5a68b905.jpg,600,450,51637
156489,12130,0,0,user_pics/12130/shelly_89af6c8b3b.jpg,512,340,53206
125314,10406,0,1,user_pics/10406/assbat_9a06472e77.jpg,446,336,67172
123516,10248,0,0,user_pics/10248/peacoc_e39b0da214.jpg,566,389,124215
61441,3584,0,0,user_pics/3584/16_031.JPG,450,338,50976
29908,1835,0,1,user_pics/1835/01_ProtomelasFenestratusTaiwanReef_klein-1-.jpg,200,149,4919
13746,0,0,0,user_pics/anonymous/02_apistogramma_juruensis.jpg,299,250,12265
1828,0,0,0,user_pics/anonymous/albums/user_gallery/AQUARIUM_0283.jpg,511,218,35573
10891,0,0,0,user_pics/anonymous/01_S1010021.JPG,510,303,120248
76131,7149,0,0,user_pics/7149/img002_8a1dfef0e2.jpg,320,240,25801
99798,9039,0,0,user_pics/9039/cichli_aa7989b888.jpg,480,586,77835
13747,0,0,1,user_pics/anonymous/01_ram_spawn.jpg,400,300,56733
8881,438,0,0,user_pics/438/01_pleco4.jpg,452,600,51120
176380,12130,0,0,user_pics/12130/main3__49a5eeee9a.jpg,435,579,37690
5567,139,0,0,user_pics/139/01_calvus1.JPG,428,310,61031
40695,0,0,0,user_pics/anonymous/02_Our_Fish.JPG,160,120,23318
8523,438,0,0,user_pics/438/01_acara14.jpg,600,503,77665
13745,0,0,0,user_pics/anonymous/01_caca-resize2.jpg,562,475,97755
133134,3584,0,0,user_pics/3584/701d5f_7196d36d04.jpg,450,298,130668
151775,11832,0,0,user_pics/11832/srr3_j_eaf7f03f60.jpg,594,401,40397
48531,4581,0,0,user_pics/4581/01_thiruana_018.JPG,400,300,14736
164104,12151,0,0,user_pics/12151/055_jp_8a59419b27.jpg,230,408,30389
61412,3584,0,0,user_pics/3584/49_010.JPG,450,338,42962
86481,7371,0,0,user_pics/7371/giant__ca2f801eca.jpg,400,421,38246
10512,615,0,0,user_pics/615/01_IM000437.JPG,400,304,67872
81328,5829,0,0,user_pics/5829/dsc051_e51321cbb1.jpg,480,360,83667
164022,12589,0,0,user_pics/12589/img143_f7cb1c9629.jpg,480,591,41625
36965,4033,0,0,user_pics/4033/04_11.jpg,430,323,216882
171395,13080,0,0,user_pics/13080/img_20_5c748a7bd7.jpg,276,161,3737
11911,0,0,0,user_pics/anonymous/01_01_Photo_%2324.jpg,320,240,8592
7571,0,0,0,user_pics/anonymous/01_09-01-06_2204.jpg,160,120,7482
35443,3868,0,0,user_pics/3868/01_6b77b0f6f62d.jpg,160,120,10868
155345,11479,0,0,user_pics/11479/senega_b4e55cc240.jpg,180,135,7141
165253,11479,0,0,user_pics/11479/oscar1_1654b7a6b3.jpg,450,338,186058
18240,1483,0,0,user_pics/1483/06_Picture_104.jpg,549,480,56012
60634,1579,1,0,user_pics/1579/01_new_098.jpg,500,375,53569
42538,2231,0,0,user_pics/2231/01_29298637_Boulengerochromismicrolepis02m.jpg,160,107,4626
61940,1579,1,0,user_pics/1579/1579____file_01_kakusa_female.jpg,500,375,30637
6194,0,0,0,user_pics/anonymous/01_2tone.JPG,576,432,74245
1595,0,0,0,user_pics/anonymous/albums/album22/convict_female.jpg,500,471,34205
23392,2192,0,0,user_pics/2192/01_polleni14.jpg,556,334,219206
27786,1835,0,0,user_pics/1835/01_Picture_8.jpg,320,240,58116
94272,8751,0,0,user_pics/8751/55gal._295cdc98b7.jpg,500,375,84088
91800,1840,0,0,user_pics/1840/s73011_7fa9ab837e.jpg,369,277,60414
164401,12621,0,0,user_pics/12621/js_fis_e52021c269.jpg,450,338,44284
49841,3474,0,0,user_pics/3474/01_b_047.jpg,424,318,47762
52031,5336,0,0,user_pics/5336/02_100_0609.jpg,385,192,16890
21397,2114,0,0,user_pics/2114/01_tyson.jpg,600,450,63745
167138,11203,0,0,user_pics/11203/say_ch_a12ce5db0c.jpg,383,379,135008
64284,3357,0,0,user_pics/3357/3357____file_01_l_a4aba5af1c579460319380d6a550a64f.jpg,600,449,41587
33925,3226,0,1,user_pics/3226/01_fish_tank_pic.jpg,400,487,53448
20783,2063,0,0,user_pics/2063/01_Yaawn.jpg,490,367,110338
190448,23,1,1,user_pics/23/56777de6-9b6e-4e89-a5c1-60862ba1d713_screen_shot_2018-02-25_at_14.52.26.png,402,100,14069
7290,0,0,0,user_pics/anonymous/01_Bitmap_7..JPG,384,288,22084
154578,11890,0,0,user_pics/11890/yellow_798a07039d.jpg,400,269,158386
176095,7776,1,0,user_pics/7776/ssssss_b783e10d5d.jpg,450,338,73396
186284,13302,0,0,user_pics/13302/2014-0_9613c9ed3b.jpg,401,240,88588
76760,7427,0,0,user_pics/7427/downsi_9b0cadbb5e.jpg,600,450,36505
39589,4294,0,0,user_pics/4294/01_mutt.JPG,600,442,56483
98892,9009,0,0,user_pics/9009/mar_09_1c9330226b.jpg,424,318,76048
46423,249,0,0,user_pics/249/01_flood.jpg,600,449,68358
3198,0,0,0,user_pics/anonymous/albums/malawi/A_Jacobfreibergi_otter_poi1.jpg,500,339,75477
3535,0,0,0,user_pics/anonymous/albums/malawi/Eye_Biter_Oct_04_002x6.jpg,432,308,120887
19041,1061,0,0,user_pics/1061/01_HPIM1345.JPG,251,240,47002
5942,26,0,0,user_pics/26/01_29_gal_fry_tank_11_05_038x7.jpg,504,378,155032
46120,4868,0,0,user_pics/4868/01_PIC-0143.jpg,320,240,12275
80823,7750,0,0,user_pics/7750/img_09_99d4c317f6.jpg,532,399,57510
145754,11568,0,0,user_pics/11568/29_gal_069c5172f4.jpg,221,166,8626
2842,0,0,0,user_pics/anonymous/albums/album18/Black_Calvus_2.jpg,371,279,17597
93892,8351,0,0,user_pics/8351/082409_0ae2ce57bd.jpg,548,478,53819
151849,11728,0,0,user_pics/11728/midas-_4c30889f56.jpg,600,300,22176
173922,12676,0,0,user_pics/12676/cl--94_bcc20a4007.jpg,600,448,202913
52989,5484,0,0,user_pics/5484/01_P1000850.JPG,509,328,41695
167511,11203,0,0,user_pics/11203/291066_7bf51a7a35.jpg,434,503,56417
11506,0,0,0,user_pics/anonymous/01_DSCN0592.JPG,600,449,75262
100517,1978,0,0,user_pics/1978/img_22_28c75a33e7.jpg,360,240,43153
44091,4074,0,0,user_pics/4074/01_m_e159e98ec8ed69ac8905fcd5864e48bb.jpg,170,127,4736
62369,5957,0,0,user_pics/5957/5957____file_01_copy_of_folio_bound.jpg,375,252,50389
150475,11832,0,0,user_pics/11832/redtop_9a252e1c0e.jpg,546,422,42900
3743,0,0,0,user_pics/anonymous/albums/malawi/yellowob.jpg,515,392,88059
160844,12236,0,0,user_pics/12236/133552_92d0587967.jpg,512,384,37326
171383,13080,0,0,user_pics/13080/img_20_1870d3f0f5.jpg,320,240,24072
22619,2180,0,1,user_pics/2180/01_qqqqqqqqqqqq.jpg,124,83,3965
79796,5624,0,0,user_pics/5624/050.jp_b5442f2e61.jpg,325,347,59273
125307,10406,0,1,user_pics/10406/assbat_7578e20fa9.jpg,446,336,67172
178308,12475,0,0,user_pics/12475/1ec844_21aeb91f36.jpg,450,338,51409
184646,13827,0,0,user_pics/13827/maxres_ec9b54cb82.jpg,305,228,15914
2362,0,0,0,user_pics/anonymous/albums/american/D_3.jpg,600,400,50397
16392,1077,0,0,user_pics/1077/01_photo016.jpg,352,288,40250
173983,12873,0,0,user_pics/12873/images_5e920ecbdd.jpg,271,186,10122
100294,8728,0,0,user_pics/8728/flamin_30195e8ef7.jpg,406,406,42808
54914,5129,0,0,user_pics/5129/01_n1362510080_30025025_7323_1.jpg,247,228,43736
7651,0,0,0,user_pics/anonymous/01_Mizart1.gif,452,576,190135
13095,830,0,0,user_pics/830/01_100_0382.jpg,500,375,49511
23139,2317,0,0,user_pics/2317/01_03-21-07_1515.jpg,160,120,9994
13069,342,0,0,user_pics/342/01_fish_unkwn_35.jpg,598,518,69842
7246,0,0,0,user_pics/anonymous/04_Picture_086.jpg,352,288,14800
82270,6447,0,0,user_pics/6447/m_408b_13569a626e.jpg,170,190,20108
23596,1509,0,1,user_pics/1509/01_Image6.gif,301,106,13088
44915,2077,0,0,user_pics/2077/02_100_0540.jpg,368,557,49991
94462,8751,0,0,user_pics/8751/p30080_7cd8a1c0ee.jpg,500,375,95883
190457,12552,0,0,user_pics/12552/captur_429d271574.jpg,367,500,357141
14507,1061,0,0,user_pics/1061/01_HPIM0511.JPG,320,238,71945
10386,0,0,1,user_pics/anonymous/05_Picture_086.jpg,352,288,14800
2471,0,0,0,user_pics/anonymous/albums/american/Nandopsis_Festae.jpg,500,325,78491
86467,7518,0,0,user_pics/7518/1_8947_480a7433d0.jpg,368,272,18008
37445,0,0,1,user_pics/anonymous/01_SteeleHonorLaron.jpg,198,264,11179
96505,8890,0,1,user_pics/8890/my_red_23fab96419.jpg,143,119,3863
60881,3584,0,0,user_pics/3584/13_050.JPG,450,338,57880
2593,0,0,0,user_pics/anonymous/albums/american/red_peacock_2.jpg,341,194,12037
61219,1579,1,1,user_pics/1579/01_NO_FLASH_006.jpg,500,375,80646
114211,3053,0,0,user_pics/3053/sdf_1__1a510a00ce.jpg,450,340,58929
177865,12475,0,0,user_pics/12475/images_44ec0b2955.jpg,137,142,6157
94720,3029,0,0,user_pics/3029/face.j_94e6f71b59.jpg,500,375,142354
76650,1840,0,1,user_pics/1840/119253_f46907951f.jpg,400,268,21744
4447,0,0,0,user_pics/anonymous/albums/tankgallery/My_Tank_Rocky_III.jpg,500,170,80361
6047,0,0,0,user_pics/anonymous/01_Lng_Tld_Oscar_in_store.jpg,526,396,26655
77917,4538,0,0,user_pics/4538/lgim00_98b66292e0.jpg,563,402,35797
94067,8721,1,0,user_pics/8721/pm_021_9e1fa7a081.jpg,500,375,45821
138026,10802,0,1,user_pics/10802/_kgrhq_65cf03617d.jpg,500,375,34623
86376,1840,0,0,user_pics/1840/s73097_8ae8723ae4.jpg,592,444,75033
23452,2192,0,0,user_pics/2192/01_polleni26.jpg,317,239,74887
83919,7149,0,0,user_pics/7149/img003_38220a4ba6.jpg,240,320,15828
3882,0,0,0,user_pics/anonymous/albums/african/lightblue2.jpg,400,221,22257
10432,273,0,0,user_pics/273/02_GT.jpg,450,300,150332
66491,5421,0,0,user_pics/5421/5421____file_01_cpo-mcpo-scpo.png,450,261,30440
20731,2063,0,0,user_pics/2063/01_white_calvus.jpg,500,375,133806
164708,12589,0,0,user_pics/12589/sdc155_a8fd82f693.jpg,544,408,106727
11387,686,0,0,user_pics/686/02_My_Tank_Rods2.JPG,519,389,139048
2641,0,0,0,user_pics/anonymous/albums/american/Barbs_GT_fighting_crop3x.jpg,360,290,106417
105297,9403,0,0,user_pics/9403/45.jpg_e4e72f106f.jpg,400,240,32317
137237,7371,0,1,user_pics/7371/dropbe_c8875e0953.jpg,419,286,90554
76296,5829,0,0,user_pics/5829/dsc044_f7f8f3c612.jpg,480,360,111897
129238,10505,0,0,user_pics/10505/img000_8208f18e67.jpg,360,270,88087
85874,8161,0,0,user_pics/8161/small._38dfb267f4.jpg,480,360,75893
60995,3584,0,0,user_pics/3584/37_017.JPG,450,338,45464
151805,7776,1,0,user_pics/7776/7ba68f_27015656b0.jpg,450,338,95394
6196,0,0,1,user_pics/anonymous/01_FULL_TANK.JPG,576,432,78855
13402,0,0,0,user_pics/anonymous/01_CA2TWESN.jpg,120,160,7928
53120,3978,0,0,user_pics/3978/01_doughnut1.jpg,500,308,162777
3294,0,0,0,user_pics/anonymous/albums/malawi/Met_estherae1.jpg,500,231,78761
70750,2626,0,0,user_pics/2626/2626____file_01_dsc02316.jpg,360,202,41564
12014,0,0,0,user_pics/anonymous/01_hybrid_a56af8898e6a3d40372683fa12d05542.jpg,598,415,93796
75170,5829,0,0,user_pics/5829/5829____file_01_dsc04249.jpg,480,360,75575
91268,8559,0,0,user_pics/8559/4.jpeg_8651566518.jpg,93,94,47655
7111,0,0,1,user_pics/anonymous/02_pic1090.jpg,472,371,55298
104416,3584,0,0,user_pics/3584/ff_364_c821b3f722.jpg,274,234,20295
88254,7518,0,0,user_pics/7518/1_9131_c93b2b547d.jpg,600,450,47230
66485,6620,0,0,user_pics/6620/6620____file_01_0802082126c.jpg,450,338,38577
43067,4550,0,0,user_pics/4550/01_112507171607.jpg,320,240,57952
26225,2755,0,0,user_pics/2755/01_green_terro_2.jpg,512,384,44553
26659,1077,0,0,user_pics/1077/1077____file_9999_03_003.JPG,448,336,35206
62583,6228,0,0,user_pics/6228/6228____file_01_0526081444.jpg,160,120,6238
54057,1835,0,0,user_pics/1835/01_p00866-1-.jpg,550,400,94221
61448,3584,0,0,user_pics/3584/10_047.JPG,450,338,48139
81219,5829,0,0,user_pics/5829/dsc050_045b531b44.jpg,480,320,76590
11061,0,0,0,user_pics/anonymous/01_fish1.JPG,450,334,27194
172134,13114,0,0,user_pics/13114/img_20_c25b17c2fc.jpg,242,324,6076
88,0,0,0,user_pics/anonymous/albums/tankgallery/chelstank_003.jpg,512,384,81354
101260,8887,0,0,user_pics/8887/open5b_27c732742d.jpg,480,384,18935
13466,47,0,0,user_pics/47/01_rusty_fight.jpg,431,273,58079
102353,8744,0,0,user_pics/8744/driftw_cffb6cc922.jpg,500,303,13541
99822,5896,0,0,user_pics/5896/2.cps_067a28dfc7.jpg,600,396,9500
119416,9796,1,1,user_pics/9796/image1_80f84df2ea.jpg,430,323,39442
149288,11780,0,0,user_pics/11780/cichli_b12722cc5c.jpg,480,358,82467
133906,9805,0,0,user_pics/9805/eureka_e0f13a4014.jpg,474,279,125108
133647,10505,0,1,user_pics/10505/images_5b3617f8e1.jpg,195,258,9301
122868,10232,0,0,user_pics/10232/photo0_6e7659d295.jpg,320,240,27526
109528,9482,0,0,user_pics/9482/downsi_8e0b796a85.jpg,512,384,32244
179319,13531,0,0,user_pics/13531/snapsh_4cbaa1c76b.jpg,494,371,255575
13597,895,0,0,user_pics/895/01_215126.jpg,437,327,18712
139522,11212,0,0,user_pics/11212/alpha__0d9ee9234a.jpg,500,333,151381
40523,123,0,0,user_pics/123/03_Fuelleborni_CloseUp.jpg,468,349,58634
3851,0,0,0,user_pics/anonymous/albums/african/reflections1.jpg,343,453,59955
52199,5046,0,0,user_pics/5046/01_21-02-08_1831.jpg,320,240,15583
102693,8887,0,0,user_pics/8887/malawi_9d7dd2cbc5.jpg,480,384,16865
3271,0,0,0,user_pics/anonymous/albums/malawi/cobue17.jpg,510,332,24117
88167,5829,0,0,user_pics/5829/dsc056_d5400f113c.jpg,480,320,84815
61387,5927,0,0,user_pics/5927/01_102980591_23022.gif,280,210,81012
86574,8210,0,0,user_pics/8210/fish5._259278b878.jpg,500,375,68945
131243,8744,0,0,user_pics/8744/me_n_a_a41b4ba6f1.jpg,485,435,46071
64008,6247,0,0,user_pics/6247/6247____file_01_clisttank.jpg,300,225,6097
3586,0,0,0,user_pics/anonymous/albums/malawi/clbillede2.jpg,450,233,90205
154528,11892,0,0,user_pics/11892/2012-0_cb157fabc5.jpg,484,247,13896
20847,0,0,0,user_pics/anonymous/01_Pal2.jpg,299,448,30757
3258,0,0,1,user_pics/anonymous/albums/malawi/cyrtocara_moorii.jpg,400,253,73225
71679,4843,0,0,user_pics/4843/4843____file_01_014.jpg,345,276,25964
163605,11479,0,0,user_pics/11479/julie__318660edfd.jpg,450,338,31618
11434,0,0,0,user_pics/anonymous/0____file_9999_03_yellow.jpg,150,113,4272
96710,993,0,0,user_pics/993/6ba1a4_388edeb8fe.jpg,450,338,49097
94190,8672,0,0,user_pics/8672/pzebra_9ce9de0cdd.jpg,592,395,64240
41878,3764,0,0,user_pics/3764/01_xeno.bmp,431,283,366824
3624,0,0,0,user_pics/anonymous/albums/malawi/aquarium_004.jpg,544,408,43122
154483,11832,0,0,user_pics/11832/flmtl__c2ce04c9c9.jpg,584,392,51170
130174,9445,0,0,user_pics/9445/020_jp_e5f63a1dae.jpg,320,240,21408
104213,8672,0,0,user_pics/8672/11beng_7ebf6cce8f.jpg,600,291,125539
59445,4624,0,0,user_pics/4624/01_flower_horn_6.bmp,320,240,230454
15173,0,0,1,user_pics/anonymous/01_75_gal_bottom_redone_10_06_005x7.jpg,504,378,145635
16458,977,0,0,user_pics/977/01_al_at_home.jpg,600,450,50944
185148,14213,0,0,user_pics/14213/135849_01afb6d205.jpg,408,230,23170
95513,8210,0,0,user_pics/8210/group._f69a0f18bc.jpg,258,258,33855
93912,8721,1,0,user_pics/8721/a14.jp_df1ef27cde.jpg,500,375,42451
35873,3871,0,1,user_pics/3871/04_my_flowerhorn.jpg,422,333,29412
142578,7880,1,0,user_pics/7880/questi_c2486f30af.jpg,513,579,31433
76630,7518,0,1,user_pics/7518/290583_d328d1c8ff.jpg,500,375,179270
62060,1579,1,0,user_pics/1579/1579____file_01_new_032.jpg,500,375,36132
168916,11890,0,0,user_pics/11890/images_a3ef9348c2.jpg,232,218,4208
6795,271,0,0,user_pics/271/01_NEW3.jpg,432,324,226452
82944,1702,0,0,user_pics/1702/fight_a30d9de8b7.jpg,563,405,71196
3189,0,0,0,user_pics/anonymous/albums/malawi/what_are_u_lookin_at.jpg,288,161,38211
10284,595,0,0,user_pics/595/01_Picture_069.bmp,352,288,304182
164888,982,0,0,user_pics/982/happy__5da1e43262.jpg,270,187,151898
120566,10059,0,0,user_pics/10059/photo0_253907de08.jpg,239,239,14719
37210,4074,0,1,user_pics/4074/01_l_c49bbaa736018a624830ed77d08f8933-1-.jpg,600,449,29830
859,0,0,0,user_pics/anonymous/albums/tankgallery2/DSC00374.jpg,448,221,24943
36877,4033,0,0,user_pics/4033/14_4.jpg,432,288,161097
62485,5421,0,0,user_pics/5421/5421____file_01_honor_our_military.jpg,600,400,67375
94241,8728,0,0,user_pics/8728/fake_a_b603b73072.jpg,406,406,64573
76950,6888,0,0,user_pics/6888/lagogu_ccc66a237e.jpg,500,375,562554
3598,0,0,0,user_pics/anonymous/albums/malawi/Thola1.jpg,500,269,130272
95687,8728,0,0,user_pics/8728/flash._f7eba86b0b.jpg,406,406,65669
96630,7963,0,0,user_pics/7963/zebra._23d1860a47.jpg,369,275,114277
149993,11187,0,0,user_pics/11187/images_4e7fdad51f.jpg,117,102,2288
119494,10059,0,0,user_pics/10059/photo0_9917fa3afd.jpg,320,240,21061
172741,12873,0,0,user_pics/12873/images_7107942fab.jpg,271,186,10122
10257,0,0,0,user_pics/anonymous/01_Picture_029.bmp,352,288,304182
170474,12475,0,0,user_pics/12475/dsc000_a5cbf8dbb5.jpg,400,300,132737
169849,12475,0,0,user_pics/12475/dsc000_095221142a.jpg,500,375,218386
15102,0,0,0,user_pics/anonymous/01_ob.jpg,360,270,29562
37893,4163,0,0,user_pics/4163/4163____file_9999_06_tank_005.jpg,256,192,61016
78780,1840,0,0,user_pics/1840/s73086_3ee3d62c35.jpg,400,300,59771
114800,8887,0,0,user_pics/8887/maylan_14041dd3f5.jpg,480,384,16167
36961,4034,0,0,user_pics/4034/01_DSCF0057__2_.JPG,470,384,98242
3862,0,0,0,user_pics/anonymous/albums/african/Dora.jpg,288,202,32850
175861,12475,0,0,user_pics/12475/ask-qu_1e18fa3f20.jpg,550,334,18174
29173,2415,0,0,user_pics/2415/01_Lab_Pearlmutt2.jpg,320,240,49956
120423,10059,0,1,user_pics/10059/photo0_b6c40d9637.jpg,480,480,63136
101168,8621,0,0,user_pics/8621/dem3.j_a6a44ba4cc.jpg,554,356,197816
84925,5829,0,0,user_pics/5829/dsc053_4b6d880228.jpg,480,320,58897
10819,0,0,0,user_pics/anonymous/13_Picture_003.jpg,563,423,92366
84283,4215,0,0,user_pics/4215/0ddcc9_89dc819e91.jpg,450,225,46184
143172,11405,0,1,user_pics/11405/mayanc_e7fdd7e87b.jpg,300,180,8380
85355,6915,0,0,user_pics/6915/rework_53efe38fb7.jpg,125,125,25781
123060,10273,0,0,user_pics/10273/ali_ea_baa3f5b2e8.jpg,193,304,51826
31633,3270,0,0,user_pics/3270/19_3.jpg,125,125,9102
67294,984,0,0,user_pics/984/984____file_01_cit_4.jpg,160,120,3182
17234,1577,0,0,user_pics/1577/01_Fish0033.JPG,400,300,22728
105131,9400,0,0,user_pics/9400/img_12_bb90e9f270.jpg,490,368,39102
1940,0,0,0,user_pics/anonymous/albums/user_gallery/michelle4.jpg,385,313,21393
186091,11902,0,0,user_pics/11902/sc2014_e7fcf11b4d.jpg,308,236,17829
80181,7574,0,0,user_pics/7574/img_32_399fdc8f98.jpg,473,315,74447
160503,13514,0,0,user_pics/12280/group__907d790102.jpg,320,240,12742
148826,10794,0,0,user_pics/10794/youngl_25724a889e.jpg,519,284,61680
95573,8210,0,0,user_pics/8210/blackc_a4f0cff6f5.jpg,258,258,36604
81354,7806,0,0,user_pics/7806/pictur_35f03d5401.jpg,448,336,92825
61900,1579,1,0,user_pics/1579/1579____file_01_New_134.jpg,500,375,39814
48738,4990,0,1,user_pics/4990/01_pic10040.bmp,397,117,6860
154482,7776,1,0,user_pics/7776/369898_eafeb78a5d.jpg,180,232,13753
108714,9528,0,0,user_pics/9528/lab.jp_5f8093fcc4.jpg,600,450,61959
44728,4754,0,1,user_pics/4754/01_m_8987de3d9c55f099be14a5de79a9dcfe.jpg,170,127,7572
119488,10059,0,0,user_pics/10059/photo0_802f629cc5.jpg,320,240,23950
120812,9733,0,0,user_pics/9733/pictur_5447f9d794.jpg,314,235,45350
116361,6149,0,0,user_pics/6149/green__4ea38dd0a4.jpg,567,378,161296
9354,518,0,1,user_pics/518/01_02122006s.JPG,559,479,50441
108327,9528,0,0,user_pics/9528/2-7-20_6b3d0ebbf1.jpg,320,214,46428
1938,0,0,0,user_pics/anonymous/albums/user_gallery/jack.jpg,567,330,44956
17037,1266,0,0,user_pics/1266/01_DSC05650.JPG,600,450,205575
17972,0,0,0,user_pics/anonymous/02_a96c.jpg,480,320,32908
158874,2114,0,0,user_pics/2114/vc_10__9fa2bab5dc.jpg,450,337,76242
125305,10406,0,1,user_pics/10406/assbat_b0a69cf1fb.jpg,446,336,67172
166063,11479,0,0,user_pics/11479/braide_ef55944d82.jpg,450,338,163435
81492,7806,0,0,user_pics/7806/pictur_1bfcd565ff.jpg,448,336,86891
166561,7776,1,0,user_pics/7776/4892il_33a9d18d81.jpg,300,225,16560
150969,8333,0,1,user_pics/8333/7_jpg_9462902ebb.jpg,44,58,791
2971,0,0,0,user_pics/anonymous/albums/album06/julidochromis_2.jpg,512,212,17836
46052,4804,0,0,user_pics/4804/01_55582bf73e.jpg,430,323,39323
73894,1840,0,0,user_pics/1840/1840____file_01_s7307614.jpg,538,404,76104
73089,984,0,0,user_pics/984/984____file_01_jjj_083_edited.jpg,569,467,92567
35002,3467,0,0,user_pics/3467/01_ikolaaug.jpg,400,280,48747
7870,375,0,1,user_pics/375/02_tn2.jpg,600,450,29563
6058,180,0,0,user_pics/180/01_leader_of_the_tank.bmp,462,465,645474
20713,2014,0,0,user_pics/2014/02_Family_136.jpg,518,381,41498
89534,7371,0,0,user_pics/7371/420_ga_a7f6f21d7b.jpg,420,282,35424
27356,2192,0,0,user_pics/2192/01_jewel28.jpg,569,479,255975
138481,9692,0,0,user_pics/9692/images_4120ec3976.jpg,225,224,3480
22379,2180,0,1,user_pics/2180/01_awgwfgawfwfe.jpg,123,82,3868
3589,0,0,0,user_pics/anonymous/albums/malawi/clbillede5m.jpg,450,149,77071
94278,8751,0,0,user_pics/8751/p23080_c83b526ec2.jpg,500,375,72126
3616,0,0,0,user_pics/anonymous/albums/malawi/Assorted.jpg,410,545,78802
1219,0,0,0,user_pics/anonymous/albums/album22/75_Gal5x7.jpg,504,399,143280
107318,3584,0,0,user_pics/3584/hb_bri_db93cf0bdd.jpg,200,185,12905
168799,12801,0,0,user_pics/12801/balloo_9ffc550a8e.jpg,484,306,67833
142510,10747,0,0,user_pics/10747/ce9b82_44c7840b0f.jpg,200,200,6676
102264,8728,0,0,user_pics/8728/zd.jpg_b947a39683.jpg,258,258,29906
3174,0,0,0,user_pics/anonymous/albums/malawi/Compressiceps_female.jpg,500,340,80565
121073,3584,0,0,user_pics/3584/4th_of_5957ee4f43.jpg,300,225,202554
36874,4033,0,0,user_pics/4033/36_1.jpg,296,197,118237
152963,11953,0,1,user_pics/11953/dscf00_0e70d8ad27.jpg,400,300,28237
190475,23,1,1,user_pics/23/30be8e4a-e4ab-4214-9039-6cc44950cf60_alex_portrait.jpg,301,387,94921
106662,9474,0,0,user_pics/9474/4img_2_ccdca45a97.jpg,386,358,35031
139441,11208,0,0,user_pics/11208/img_02_8986c638cb.jpg,479,437,187084
100724,6149,0,0,user_pics/6149/female_b6ee3c4064.jpg,567,378,158751
81353,7806,0,0,user_pics/7806/pictur_85618bc08e.jpg,448,336,100588
6069,0,0,0,user_pics/anonymous/02_92pie_tank.jpg,526,396,20543
63477,5083,0,0,user_pics/5083/5083____file_01_dsc03271.jpg,600,400,10828
86323,7518,0,0,user_pics/7518/1_7184_2ef91a580d.jpg,320,240,12814
154696,9669,0,0,user_pics/9669/3185fe_fa3aeb76c8.jpg,450,338,55287
86738,3130,0,0,user_pics/3130/108727_5a74fc1a89.jpg,500,342,34786
40897,3047,0,1,user_pics/3047/13_fish2.jpg,200,150,5205
181740,13802,0,0,user_pics/13801/cam002_67bdfd05f0.jpg,426,282,43342
116098,8728,0,0,user_pics/8728/color__18aa5fc365.jpg,258,258,27495
78149,7574,0,0,user_pics/7574/img_21_ef4bd0e151.jpg,570,360,122214
19025,1748,0,0,user_pics/1748/02_untitled2.jpg,549,353,34740
55005,4827,0,1,user_pics/4827/01_CIMG0360.JPG,320,240,82535
76948,6888,0,0,user_pics/6888/laparg_79bd55afcf.jpg,145,108,47142
102064,7427,0,0,user_pics/7427/moba1_4e639a36c1.jpg,600,450,51744
25269,2628,0,0,user_pics/2628/01_2715471801.jpg,150,112,4973
16560,1061,0,0,user_pics/1061/01_HPIM1072.JPG,320,238,64211
13717,0,0,0,user_pics/anonymous/01_IMG_0046.jpg,400,297,60140
178184,13500,0,1,user_pics/13500/nnnnn__466cfdb08f.jpg,450,338,76732
360,0,0,0,user_pics/anonymous/albums/tankgallery/8_G_001.jpg,400,267,25671
94065,8721,1,0,user_pics/8721/pm2_10_94e6f5e63b.jpg,500,375,44702
17315,1071,0,0,user_pics/1071/01_Boof.jpg,450,338,34323
135236,9174,0,0,user_pics/9174/img_64_5f5fb55205.jpg,560,420,40716
120735,5674,0,0,user_pics/5674/img_30_bbd6378343.jpg,549,384,104204
61132,3584,0,1,user_pics/3584/58_002.JPG,450,338,50969
17016,1061,0,0,user_pics/1061/01_HPIM1044.JPG,320,238,91919
120651,9931,0,0,user_pics/9931/man_qu_751cf5ea66.jpg,286,359,10984
8556,438,0,0,user_pics/438/03_jewel3.jpg,600,518,75282
37397,753,0,0,user_pics/753/03_IMG_0721.JPG,320,240,26780
11939,615,0,0,user_pics/615/01_IM000905.JPG,400,304,78240
68220,5896,0,0,user_pics/5896/5896____file_01_0908081857.jpg,320,240,40357
190443,23,0,1,user_pics/23/5d552b95-6b08-4959-beda-7f5827cb496b_screen_shot_2018-02-25_at_14.52.26.png,402,100,14069
86,0,0,0,user_pics/anonymous/albums/tankgallery/Barbs_125_gal_111.jpg,432,324,89818
129361,10627,0,0,user_pics/10627/052_jp_7c89ac57e6.jpg,320,480,70010
13100,0,0,0,user_pics/anonymous/01_albino_breeder.jpg,481,282,10767
75851,5623,0,0,user_pics/5623/dempse_313dbfbc13.jpg,450,274,53968
25751,2192,0,0,user_pics/2192/01_geos36.jpg,586,479,254422
66127,6504,0,0,user_pics/6504/6504____file_01_bild4533.jpg,552,558,127760
66498,6620,0,0,user_pics/6620/6620____file_02_0802082155c.jpg,450,338,51972
126126,9894,0,0,user_pics/9894/5_bmp_5eda45ea08.jpg,133,98,39254
103307,7776,1,0,user_pics/7776/lbf_pu_05c78445ee.jpg,295,181,15100
37833,1579,1,0,user_pics/1579/1579____file_9999_02_FISH_069.jpg,500,375,45260
43069,4550,0,0,user_pics/4550/01_112507171814.jpg,240,320,52595
181257,11502,0,0,user_pics/11502/201307_c6692d43f2.jpg,320,320,14968
165570,11479,0,0,user_pics/11479/orange_611716cbf8.jpg,480,280,13733
131749,10498,0,0,user_pics/10498/dirty-_9d883ddca0.jpg,500,349,22862
62847,1579,1,0,user_pics/1579/1579____file_01_natives_037.jpg,500,375,40925
65839,5723,0,0,user_pics/5723/5723____file_01_fish.jpg,170,127,6249
24483,2192,0,0,user_pics/2192/01_fm20.jpg,543,480,215145
60851,1579,1,0,user_pics/1579/01_FISH_003.jpg,450,338,56189
18710,1579,1,0,user_pics/1579/01_BABIES_006.jpg,501,387,34058
20501,1579,1,0,user_pics/1579/01_New_020.jpg,450,338,32924
71819,4843,0,0,user_pics/4843/4843____file_02_001.jpg,505,412,47003
33667,1579,1,0,user_pics/1579/1579____file_9999_20_FISH_006.jpg,500,375,55647
3364,0,0,0,user_pics/anonymous/albums/malawi/Name_That_Stripe.jpg,449,306,52847
30744,3280,0,0,user_pics/3280/01_Fish_Tank_064.jpg,160,120,7006
79915,7574,0,0,user_pics/7574/img_30_b0ff89ef6e.jpg,561,350,107418
173428,7776,1,1,user_pics/7776/392635_93870a725f.jpg,266,320,23112
110537,8728,0,0,user_pics/8728/angel._6c00a1929a.jpg,258,258,39225
74555,5829,0,0,user_pics/5829/5829____file_01_dsc03806.jpg,480,360,90733
23927,1748,0,0,user_pics/1748/12_untitled2.jpg,573,529,62779
110749,9430,0,0,user_pics/9430/downsi_2a1fdcbb91.jpg,512,384,26565
16471,1483,0,0,user_pics/1483/04_blue.jpg,600,450,30464
23595,2454,0,0,user_pics/2454/01_27-03-07_0050.jpg,320,240,48896
517,0,0,0,user_pics/anonymous/albums/Sand-Tanks/Picture_1.jpg,352,288,14305
20233,1597,0,0,user_pics/1597/01_cyphotilapia-frontosa-coppe.jpg,400,340,14946
3279,0,0,0,user_pics/anonymous/albums/malawi/Nim_Fuscotaeniatus.jpg,500,251,76989
189661,5793,0,0,user_pics/5793/tunnel_b5598e7985.jpg,400,300,30117
80746,6816,0,0,user_pics/6816/l_bf80_07f81742c3.jpg,600,450,41617
184039,13934,0,0,user_pics/13934/imagej_d9bf4d0d34.jpg,497,435,55333
29409,47,0,0,user_pics/47/02_Lemon_Jake_2.jpg,532,414,88075
128614,9182,0,0,user_pics/9182/extrav_2d700ebf80.jpg,440,404,47357
16731,0,0,1,user_pics/anonymous/01_vdgwmg.gif,450,150,119494
113809,9778,0,0,user_pics/9778/fish_c_eab9ee13af.jpg,599,594,119351
61843,1579,1,0,user_pics/1579/1579____file_01_New_050.jpg,500,376,48919
71692,5896,0,0,user_pics/5896/5896____file_02_0908081903.jpg,320,240,32127
186004,13436,0,0,user_pics/13436/screen_d68d31e3af.jpg,480,447,358100
8851,438,0,0,user_pics/438/01_aqua31.jpg,600,345,51893
35854,3858,0,0,user_pics/3858/01_untitled7.bmp,320,240,230454
96708,993,0,0,user_pics/993/5f47d8_0a2f9ff9cc.jpg,450,338,52807
3276,0,0,0,user_pics/anonymous/albums/malawi/Buccochromis_Rhoadesii1.jpg,500,208,78706
87863,8031,0,0,user_pics/8031/dsc_33_a0d4d94752.jpg,448,336,57214
100532,9120,0,0,user_pics/9120/138.jp_5192de3889.jpg,312,255,46150
70825,5512,0,0,user_pics/5512/5512____file_01_img_0002.jpg,534,356,77437
1768,0,0,0,user_pics/anonymous/albums/user_gallery/darkblue3.jpg,400,213,18208
100078,8744,0,0,user_pics/8744/n99183_3fca1652ee.jpg,200,146,9652
1482,0,0,0,user_pics/anonymous/albums/album22/Photo0029.jpg,320,240,9792
110758,8728,0,0,user_pics/8728/6.jpg_55b6479841.jpg,258,258,35771
70737,7064,0,0,user_pics/7064/7064____file_01_litho_tank.jpg,600,296,37786
21396,2114,0,0,user_pics/2114/01_kenyi_male_feb_25_edit.jpg,600,450,146565
66847,6652,0,0,user_pics/6652/6652____file_01_011.jpg,320,256,43516
131703,1368,0,0,user_pics/1368/single_7451cd15e4.jpg,400,235,28760
38202,1579,1,0,user_pics/1579/1579____file_9999_03_hongi.jpg,450,338,64519
3778,0,0,0,user_pics/anonymous/albums/malawi/virginalis6.jpg,500,291,133575
1488,0,0,0,user_pics/anonymous/albums/album22/Picture016.jpg,160,120,17124
11740,711,0,0,user_pics/711/01_P5300094.JPG,590,480,95261
61497,1579,1,0,user_pics/1579/09_fish_024.jpg,450,338,63165
83516,5829,0,0,user_pics/5829/dsc052_f68d1a7d4c.jpg,480,320,78765
125029,9805,0,0,user_pics/9805/large__5b7365034c.jpg,540,346,148004
74690,6635,0,0,user_pics/6635/6635____file_01_10-12-08_2204.jpg,320,240,40533
122693,9200,0,0,user_pics/9200/twig_j_bb596a98cf.jpg,170,127,3907
35839,3858,0,0,user_pics/3858/01_untitled3.bmp,320,240,230454
42756,1579,1,0,user_pics/1579/1579____file_9999_11_FISH_045.jpg,500,375,44978
185126,12903,0,0,user_pics/12903/dsc_03_d8627dd517.jpg,319,213,28651
138482,9692,0,1,user_pics/9692/images_b2da52f17d.jpg,225,224,3480
35206,3821,0,0,user_pics/3821/02_RD_FH.JPG,400,300,58827
147549,11479,0,1,user_pics/11479/whitet_7f77fb0162.jpg,220,158,24095
43215,3978,0,0,user_pics/3978/02_DSCF3520.JPG,510,341,141117
102698,9267,0,0,user_pics/9267/cichli_8931e610f1.jpg,188,140,22407
4850,50,0,1,user_pics/50/01_Malawi_dive_4.jpg,210,319,67485
47129,4818,0,0,user_pics/4818/02_010112010202010405200801061c3ba53040bc0f6958006416.jpg,300,225,8744
125303,10406,0,1,user_pics/10406/assbat_575480f886.jpg,446,336,67172
40291,1579,1,0,user_pics/1579/1579____file_9999_06_fish_025.jpg,500,375,38691
5357,126,0,1,user_pics/126/02_Image_91.JPG,160,120,15420
85311,5829,0,0,user_pics/5829/dsc054_3aa1f8f6f9.jpg,480,360,70537
2835,0,0,0,user_pics/anonymous/albums/album18/aquarium_006.jpg,544,408,43987
112611,2981,0,0,user_pics/2981/collll_2ca6b94535.jpg,480,320,331946
134682,7574,0,0,user_pics/7574/downlo_1e2ed8bf40.jpg,156,196,3871
53655,5563,0,0,user_pics/5563/01_Image4.jpg,320,240,21000
23277,2192,0,0,user_pics/2192/01_uaru30.jpg,576,480,166491
9322,0,0,0,user_pics/anonymous/0____file_9999_07_fish1.jpg,504,377,85754
41640,4520,0,0,user_pics/4520/03_fishtank1.jpg,600,450,76939
17476,1266,0,0,user_pics/1266/16_fish.jpg,266,182,39663
13108,383,0,0,user_pics/383/01_Maylandia-estherae-femelle-2.JPG,425,261,14065
59318,3868,0,0,user_pics/3868/01_not_good_friends.jpg,285,228,20145
3455,0,0,0,user_pics/anonymous/albums/malawi/03_G.jpg,499,235,20065
114952,3584,0,0,user_pics/3584/getwel_91d2864e01.jpg,420,237,17925
8158,396,0,0,user_pics/396/02_ReD_head.JPG,500,375,135098
361,0,0,0,user_pics/anonymous/albums/tankgallery/9_G.jpg,400,267,24860
20331,1689,0,0,user_pics/1689/01_saphire.jpg,600,340,66000
77574,5154,0,0,user_pics/5154/100_50_ad12def6fe.jpg,566,425,231492
147567,4615,0,0,user_pics/4615/nu_pic_32776b2902.jpg,448,336,180991
61016,1579,1,0,user_pics/1579/01_NO_FLASH_035.jpg,500,375,39169
147452,11577,0,0,user_pics/11577/redtop_00e9ac31da.jpg,546,422,42900
180395,13436,0,0,user_pics/13436/untitl_cc6da30db3.jpg,225,225,30447
31631,3270,0,0,user_pics/3270/09_5.jpg,125,125,38694
17128,0,0,0,user_pics/anonymous/01_wolvandskyy.jpg,451,391,27200
22048,2014,0,0,user_pics/2014/03_Family_166.jpg,490,391,52927
109482,9528,0,0,user_pics/9528/piebal_9c2d189c55.jpg,512,384,25972
187035,14576,0,0,user_pics/12588/131546_403b68dc3a.jpg,532,400,49144
6423,0,0,0,user_pics/anonymous/02_turq_fish.jpg,480,360,31185
137623,11119,0,0,user_pics/11119/africa_1baa53121c.jpg,600,450,130877
86393,7518,0,0,user_pics/7518/1_6226_5564664ab2.jpg,600,450,32327
2966,0,0,0,user_pics/anonymous/albums/album06/Julidochromis_ornatus.jpg,250,112,7613
168913,7776,1,0,user_pics/7776/thanks_f085aa4dad.jpg,300,130,8366
11217,0,0,0,user_pics/anonymous/01_acuarioholandes.jpg,425,222,29260
64031,1579,1,0,user_pics/1579/1579____file_01_polit1.jpg,500,409,40852
2482,0,0,0,user_pics/anonymous/albums/american/JackDempsey2.jpg,500,376,57251
46659,4911,0,0,user_pics/4911/01_electric-yellow-cichlid-profile.jpg,400,300,58838
99327,8728,0,0,user_pics/8728/hi-fin_ed63e51f9a.jpg,406,406,60836
20495,511,0,0,user_pics/511/01_p00005.jpg,550,380,78628
187330,14331,0,0,user_pics/14331/_20141_b1b8f9ca85.jpg,424,318,99924
147906,11187,0,0,user_pics/11187/help-w_b69b7187ec.jpg,347,265,33873
12812,793,0,0,user_pics/793/01_baby_tank.JPG,576,432,34399
3407,0,0,0,user_pics/anonymous/albums/malawi/aul_stuartgranti_sanga.jpg,500,196,93346
78779,1840,0,0,user_pics/1840/s73085_f1958a66c2.jpg,576,432,83065
123124,2114,0,0,user_pics/2114/elvis__c052b9a7aa.jpg,450,338,43187
8868,438,0,1,user_pics/438/01_aqua55.jpg,600,452,52547
121376,10059,0,0,user_pics/10059/photo0_16e3ee3598.jpg,600,450,64575
103448,8728,0,0,user_pics/8728/2.jpg_eaa63b755e.jpg,258,258,39019
59919,3130,0,0,user_pics/3130/01_4ee3b1b91e.jpg,384,288,42917
16413,1419,0,1,user_pics/1419/01_Oddbal1246.jpg,419,256,11737
163672,13514,0,0,user_pics/12280/riddle_1c153ee77b.jpg,120,300,7076
67055,4304,0,0,user_pics/4304/4304____file_02_img_1078.jpg,493,411,107292
66509,4783,0,0,user_pics/4783/4783____file_01_dscf3683.jpg,450,338,59619
2974,0,0,0,user_pics/anonymous/albums/album11/Altolamprologus_compressiceps_golden_head.jpg,400,256,19762
33620,3418,0,0,user_pics/3418/01_Picture_200.jpg,352,288,13251
94142,8721,1,1,user_pics/8721/julies_bdec31b9ec.jpg,500,500,72949
21005,2063,0,0,user_pics/2063/02_comp.jpg,600,410,78477
16711,1061,0,0,user_pics/1061/01_HPIM1089.JPG,320,238,64833
130670,10505,0,0,user_pics/10505/img_09_0708273b2a.jpg,360,270,57302
448,0,0,0,user_pics/anonymous/albums/Sand-Tanks/P1010042_001.jpg,323,411,81810
13558,0,0,0,user_pics/anonymous/01_New_Image12.BMP,352,288,304182
10934,0,0,0,user_pics/anonymous/01_fryeri_youngmale_preferatul_meu.jpg,320,240,18031
144830,11512,0,0,user_pics/11512/100000_ff10135d7d.jpg,480,358,96877
48341,5046,0,1,user_pics/5046/01_06-01-08_1910.jpg,320,240,12435
7627,199,0,0,user_pics/199/01_blue_dolphin1.jpg,587,389,103484
110541,8728,0,0,user_pics/8728/angel._cb76e3cc9d.jpg,258,258,52523
88703,7776,1,0,user_pics/7776/i_thin_d03bd1c5fa.jpg,500,519,778554
52301,4827,0,0,user_pics/4827/01_stop.jpg,582,480,172424
161256,6550,0,0,user_pics/6550/murago_e2e789e8cc.jpg,512,341,33866
49567,4990,0,0,user_pics/4990/02_z.bmp,320,240,230454
111187,8717,0,0,user_pics/8717/123.jp_c69a64cb86.jpg,147,196,2093
40017,4365,0,1,user_pics/4365/02_s1468950058_30007979_4695.jpg,130,86,4580
60859,1579,1,0,user_pics/1579/01_FISH_012.jpg,450,338,57782
176261,12376,0,0,user_pics/12376/img_20_d3d75a2053.jpg,538,387,123040
109742,9445,0,1,user_pics/9445/pictur_f73a3bb19d.jpg,320,240,16069
146613,982,0,0,user_pics/982/happy__604d8c289a.jpg,270,187,151898
98041,8958,0,0,user_pics/8958/new_me_1e8cc5738b.jpg,600,405,96852
98079,5829,0,0,user_pics/5829/dsc070_45c24f4a77.jpg,480,320,107408
39666,4332,0,0,user_pics/4332/07_albino.jpg,171,228,10193
40118,26,0,0,user_pics/26/01_Neol_Heiliantus_Oct_07_014x7cc.jpg,504,431,150641
5215,71,0,1,user_pics/71/01_not_me_fisch.jpg,550,368,66699
47382,4975,0,0,user_pics/4975/01_100_0440.jpg,360,270,56907
143751,9696,0,0,user_pics/9696/questi_c81e41ca61.jpg,304,320,9019
103258,8728,0,0,user_pics/8728/fyjkry_8b25646b7e.jpg,258,258,12433
179243,12475,0,0,user_pics/12475/images_b0d763904b.jpg,137,142,6157
67230,753,0,0,user_pics/753/753____file_01_th_dscf2524.jpeg,160,120,4018
113586,8728,0,0,user_pics/8728/this_m_fe333d080a.jpg,258,258,36526
158272,12231,0,0,user_pics/12231/38_jpg_253b65032c.jpg,374,266,77005
132695,10834,0,0,user_pics/10834/164537_55c04501b8.jpg,600,450,52532
565,0,0,0,user_pics/anonymous/albums/tankgallery2/fish_tank_001.jpg,562,426,34633
22007,2114,0,0,user_pics/2114/01_new_frank_best.jpg,451,350,163499
189476,1840,0,0,user_pics/1840/2015-1_c010683924.jpg,285,231,112355
39482,4320,0,1,user_pics/4320/01_ob1canobe.jpg,170,116,3386
60876,3584,0,0,user_pics/3584/08_045.JPG,450,338,55758
170360,12873,0,0,user_pics/12873/d2a700_9586075afe.jpg,450,300,40830
61400,1579,1,0,user_pics/1579/01_Zoo_Trip_047.jpg,500,375,58434
107504,993,0,0,user_pics/993/894b2e_39078c2070.jpg,150,113,13692
135494,10816,0,0,user_pics/10816/fish_j_90d20b0e11.jpg,320,240,54358
32091,3450,0,1,user_pics/3450/01_Acei_White_Tail.jpg,379,267,16697
19828,778,0,0,user_pics/778/01_ee434a6f66.jpg,430,323,18860
52552,5438,0,0,user_pics/5438/01_2008_130_2.jpg,270,183,3618
141350,11299,0,0,user_pics/11299/img003_0050cc794c.jpg,528,400,72020
176800,13159,0,0,user_pics/13159/midas3_45e9387fc5.jpg,336,448,20259
1536,0,0,0,user_pics/anonymous/albums/album22/Red_Zebra.jpg,320,240,52713
83917,7149,0,0,user_pics/7149/img003_7957dae78f.jpg,240,320,15828
63290,5523,0,0,user_pics/5523/5523____file_01_cichlid1.bmp,320,240,230454
85339,8110,0,0,user_pics/8110/cylind_cf03757f38.jpg,400,264,19946
23636,2192,0,0,user_pics/2192/01_jewel2.jpg,593,445,231534
100999,6149,0,0,user_pics/6149/male-f_0025b787a9.jpg,567,378,208975
129475,10605,0,0,user_pics/10605/img_20_ec4c7cd6bd.jpg,474,370,24840
6156,0,0,1,user_pics/anonymous/01_Cichlids_&_Babies_010.JPE,320,240,15405
55583,5728,0,1,user_pics/5728/01_paula.jpg,125,100,3408
105672,6149,0,0,user_pics/6149/green__3f320ff6b8.jpg,567,378,169970
122582,10248,0,0,user_pics/10248/fishes_3cb4c1b665.jpg,537,361,206596
31844,0,0,0,user_pics/anonymous/01_DCP_2273.JPG,379,291,43153
75198,23,1,1,user_pics/23/db07bf740820dba25649516faaf2c4fa.jpg,400,120,28114
42215,3764,0,0,user_pics/3764/07_new_tank.jpg,499,154,62413
93913,8721,1,0,user_pics/8721/a15.jp_c5c403fba1.jpg,500,375,47318
161371,12437,0,0,user_pics/12437/zebra__345ad922f4.jpg,201,268,8339
59542,4032,0,1,user_pics/4032/01_some_shit.jpg,512,384,58146
49563,4990,0,0,user_pics/4990/02_a.bmp,320,240,230454
9352,518,0,0,user_pics/518/01_02122006t.JPG,559,448,54629
4753,0,0,0,user_pics/anonymous/01_IM000153.JPG,412,419,96193
19917,0,0,0,user_pics/anonymous/02_Image028.jpg,160,120,9022
5018,0,0,0,user_pics/anonymous/01_Imagen_16.JPG,320,240,11897
5196,23,1,1,user_pics/23/01_cowhead-big.jpg,539,533,55313
94058,8721,1,0,user_pics/8721/pm2_01_b115ac1688.jpg,500,375,62664
101860,7867,0,0,user_pics/7867/cimg13_903df1e6c8.jpg,360,270,66294
160147,12211,0,0,user_pics/12211/questn_98284fbd03.jpg,500,461,4264
3993,0,0,0,user_pics/anonymous/albums/african/DSC01052_3.jpg,494,292,31509
191640,16054,0,0,user_pics/16054/e7eec203-85a1-4b35-801c-aafa17675658_img_1917.jpeg,550,304,51476
1467,0,0,0,user_pics/anonymous/albums/album22/Peacock_Pic.jpg,320,240,62860
147848,3584,0,1,user_pics/3584/thumbn_9f47d3237b.jpg,250,250,6573
188068,14331,0,0,user_pics/14331/screen_5df51027bd.jpg,480,549,21182
15917,1061,0,0,user_pics/1061/01_HPIM0937.JPG,320,238,71548
164662,2439,0,0,user_pics/2439/2012-0_5182d7a9a3.jpg,480,480,55058
105294,9403,0,0,user_pics/9403/14.jpg_c1b296ea2e.jpg,400,240,26108
29969,3182,0,1,user_pics/3182/01_a-flav-mbamba.jpg,190,133,12213
79403,6915,0,0,user_pics/6915/ob_pea_3a90b6486a.jpg,406,406,47317
62604,1579,1,0,user_pics/1579/1579____file_01_today_036.jpg,500,376,55545
27021,0,0,0,user_pics/anonymous/03_Fish_010.jpg,450,338,92129
7525,0,0,1,user_pics/anonymous/01_103677070341_290.jpg,296,224,15226
2931,0,0,0,user_pics/anonymous/albums/tropheus/Tropheus_duboisi_maswa_group.jpg,383,275,20875
172363,13128,0,1,user_pics/13128/041f2e_563d2b48c0.jpg,150,113,3424
111569,8746,0,0,user_pics/8746/fake_s_8200efbf75.jpg,386,369,44738
39763,4344,0,1,user_pics/4344/03_parrots.jpg,401,285,24839
55257,3868,0,0,user_pics/3868/01_7ae00c4bd872.jpg,304,228,14685
12612,0,0,0,user_pics/anonymous/01_01_01_Photo_%252324.jpg,320,240,8592
151719,3584,0,0,user_pics/3584/371327_a00ff3b2cf.jpg,180,239,10040
183209,3497,0,0,user_pics/3497/81a96c_df8aa69433.jpg,450,338,79266
17539,1603,0,0,user_pics/1603/01_bigdragon.JPG,546,555,80517
3861,0,0,0,user_pics/anonymous/albums/african/in_the_mix.jpg,288,253,41977
14125,0,0,0,user_pics/anonymous/01_tank1clear.gif,400,226,57096
61952,4304,0,0,user_pics/4304/4304____file_01_hpim4404.jpg,600,447,43491
175397,12475,0,0,user_pics/12475/ask-qu_d58bbc4e76.jpg,550,334,18174
86588,8210,0,0,user_pics/8210/sattan_7b27d873b5.jpg,500,375,220141
61456,3584,0,1,user_pics/3584/12_043.JPG,450,338,56697
2195,0,0,0,user_pics/anonymous/albums/user_gallery/IM000010_001.jpg,555,395,68264
172737,12929,0,0,user_pics/12929/41zff2_120d7368ab.jpg,300,300,13846
146250,7776,1,0,user_pics/7776/ag_022_a5e0e63b7a.jpg,338,468,206735
13096,830,0,0,user_pics/830/01_100_03831.jpg,450,338,62837
161752,3497,0,0,user_pics/3497/2_big__db7aded48c.jpg,450,338,79266
19087,1597,0,0,user_pics/1597/01_CIMG4081.JPG,320,240,65023
48743,4990,0,0,user_pics/4990/01_u.jpg,320,240,7886
26385,1509,0,0,user_pics/1509/01_HEroina_Cichlid.jpg,450,281,39125
112245,4215,0,0,user_pics/4215/questi_9f79f8638d.jpg,324,313,24168
184810,14134,0,0,user_pics/14134/fronto_9c1f571a6f.jpg,521,468,138588
98670,3584,0,0,user_pics/3584/61-610_75279e7c6d.jpg,400,340,38142
182384,13802,0,0,user_pics/13802/cam011_885d088265.jpg,356,508,59986
160310,13514,0,0,user_pics/12280/ready__e51b67d090.jpg,320,240,11008
12872,0,0,0,user_pics/anonymous/01_Photo007.jpg,352,288,54894
189271,14930,0,0,user_pics/14930/2015-0_334cefe435.jpg,401,240,105206
106558,8672,0,0,user_pics/8672/fishki_6f86b0b1ec.jpg,400,247,39230
117698,9833,0,0,user_pics/9833/262_jp_0469d5224f.jpg,240,320,14326
87111,7427,0,0,user_pics/7427/fishgr_009e3a1da5.jpg,600,450,51898
23447,2192,0,0,user_pics/2192/01_polleni31.jpg,585,480,204108
8878,438,0,0,user_pics/438/01_jewel9.jpg,600,546,50090
106699,8767,0,0,user_pics/8767/whodat_e61b1810d9.jpg,190,70,1208
45827,1146,0,1,user_pics/1146/01_deleteduplicateimage.jpg,491,311,5334
