uid,fe_user,deleted,hidden,image
44721,2362,1,0,01_2007_Dunsmuir_Summer_Trip._114.jpg
25679,318,1,0,01_Uaru_hallo.jpg
40638,4120,1,0,01_Barb2.jpg
48768,2958,1,0,01_newbies_and_males_013.jpg
32414,3333,1,0,01_fhhome.JPG
42064,2362,1,0,01_10-26-07_007.jpg
33420,2362,1,0,01_Pictures_night_134.jpg
54474,5487,1,0,01_2_046.JPG
30067,318,1,0,03_Shreck2.jpg
6603,0,1,1,01_What\\'s_this_2.JPG
17534,1622,1,0,01_IMG_5034.jpg
35473,2362,1,0,01_new_guys_031.jpg
7471,249,1,1,05_mixed_foto\\'s_002.jpg
8600,0,1,1,01_Captured_2026-8-19_00000.JPG
57711,5487,1,0,01_fisj_026.JPG
33906,318,1,0,01_Cuban__and__Pearsei.jpg
37728,4120,1,0,01_inkfin.jpg
32265,2362,1,0,01_Blue_Dempsey_2.jpeg
28790,318,1,0,02_WILD_SHOT.jpg
49511,3333,1,0,02_fish_286.JPG
60261,5487,1,0,01_monday_014.JPG
27913,2362,1,0,01_2_019.jpg
33836,3333,1,0,01_front_tank.JPG
42084,318,1,0,01_Have_a_nice_weekend.jpg
41985,2958,1,0,01_pictures_100.jpg
43017,2362,1,0,02_10-01-07_093.jpg
2798,0,1,0,albums/american/Fish_002.jpg
26996,2339,1,0,01_IMG_0934[1].JPG
46302,2958,1,0,01_xmas3_038.jpg
47010,3333,1,0,01_IMG_5484.JPG
59689,2362,1,0,01_04-16-08_074.jpg
38187,2362,1,0,01_09-24-07_064.jpg
18814,318,1,0,01_new_boy_Jack.jpg
30525,2362,1,0,01_3_023.jpg
34704,318,1,0,01_Meeki_5_inch_male.jpg
60018,2362,1,0,01_Copy_of_IMG_0514.jpg
59321,5487,1,0,05_fish_016.JPG
3243,0,1,0,albums/malawi/Electric_Yellow.jpg
45208,318,1,0,01_Heros_Efasciatus_female.jpg
35980,2362,1,0,01_IMG_1809.jpg
29127,2362,1,0,01_2_069.jpg
46238,318,1,0,01_Heros_Efasciatus_female__and_Blue_Botia.jpg
58558,318,1,0,04_Botias.jpg
42155,4120,1,0,01_groupshot.jpg
5016,0,1,1,06_em\\'s_first_pictures_010.jpg
52604,2362,1,0,01_02-25-08_002.jpg
58352,318,1,0,01_What_buckets2.jpg
44942,2362,1,0,01_10-26-07_132.jpg
50782,2958,1,0,02_2_045.jpg
36330,318,1,0,01_Cuban!!!!.jpg
50573,4120,1,0,01_IMG_3251.jpg
42625,318,1,0,01_Cubanka__and__Convict.jpg
38968,2958,1,0,11_Picture_023.jpg
43024,4120,1,0,01_roger.jpg
32655,3333,1,0,01_morphy.JPG
48548,2958,1,0,03_xmas2_002.jpg
59136,2362,1,0,01_04-16-08_024.jpg
41761,2362,1,0,01_09-24-07_103.jpg
2648,0,1,0,albums/american/salvini.jpg
19364,318,1,0,01_Jakie2.jpg
51107,2958,1,0,01_4_021.jpg
50296,2958,1,0,01_feb_024.jpg
42052,2362,1,0,01_11-15-07_028.jpg
190466,23,1,0,user_pics/23/ff855733-e57e-47e2-9078-39d76d1ad8f9_alex_portrait_q.jpg
36069,318,1,0,02_Fiona.jpg
50926,2958,1,0,01_4_014.jpg
30608,318,1,0,01_Cuban_or_Cubanka.jpg
29115,2362,1,0,01_2_082.jpg
42959,4120,1,0,01_al_copy.jpg
46305,2958,1,0,01_xmas3_030.jpg
55224,5487,1,0,03_fish_048.JPG
55565,2362,1,1,01_hunchback.jpeg
41953,2958,1,0,01_pictures_097.jpg
46971,2958,1,0,01_xmas3_078.jpg
17625,318,1,0,01_Trimac.jpg
28252,2362,1,0,01_2_002.jpg
49172,3333,1,0,01_fish_024.JPG
53155,5487,1,0,01_fishes_012.JPG
37414,3333,1,0,26_fish_003.JPG
33664,3333,1,0,01_puffy.JPG
21363,1799,1,0,01_DSCN0218.JPG
56860,5487,1,0,03_fish_036.JPG
5468,123,1,1,02_Webby\\'s_New_Tank_Whole_COMP.jpg
22324,318,1,0,03_Jakie.jpg
50245,4120,1,0,01_julie100.jpg
190468,23,1,0,user_pics/23/a6a8632b-c546-499c-9c76-c7a78dc76477_alex_portrait_q.jpg
5088,0,1,0,01_fish_005_7de47101a30f8be66ecfde8e146a228d.jpg
9952,318,1,0,01_Scavangers.jpg
50703,2958,1,0,02_2_027.jpg
21286,1840,1,0,02_DSC00142[1].JPG
33959,2362,1,0,01_New_setup_set2_044.jpg
45448,2958,1,0,01_xmas_027.jpg
53769,5487,1,0,01_fish_012.JPG
60338,2362,1,0,01_04-21-08_058.jpg
45410,2958,1,0,01_xmas_006.jpg
1318,0,1,0,albums/album22/ELECTRIC_BLUE.jpg
27512,2362,1,0,01_New_Fish_014.jpg
27726,1840,1,0,03_DSC00143[1].JPG
49620,4120,1,0,01_ad1.jpg
43101,2362,1,0,01_10-17-07_040.jpg
27831,2362,1,0,01_2_027.jpg
45477,2958,1,0,01_xmas_037.jpg
33233,2362,1,0,01_Pictures_night_029.jpg
48263,3333,1,0,57_1.JPG
50491,2958,1,0,01_1_013.jpg
56079,2362,1,0,02_DSC00004.JPG
44599,318,1,0,01_Supra_pictures_009.jpg
48321,318,1,0,01_Pearsei__and__Convict_with_fry.jpg
4975,0,1,1,01_em\\'s_first_pictures_011.jpg
6558,0,1,1,01_joels_foto\\'s_052.jpg
46093,4120,1,0,01_jewelmale2-02-08.jpg
44606,318,1,0,01_Supra_pictures_107.jpg
48463,2362,1,0,01_01-15-08_013.jpg
44357,4120,1,0,01_strawberry2.jpg
50500,2958,1,0,01_1_008.jpg
24357,318,1,0,01_Uaru_male_2.jpg
30947,2958,1,0,07_fish_016.jpg
47150,3333,1,0,09_c.JPG
39798,2958,1,0,02_pictures_002.jpg
41731,3333,1,0,31_2.JPG
58412,2362,1,0,01_04-07-08_091.jpg
33414,2362,1,0,01_Pictures_night_094.jpg
15456,318,1,0,01_My_Jakie3_b.jpg
14573,1061,1,0,01_HPIM1316.JPG
51594,318,1,0,06_Pearsei2.jpg
39317,2958,1,0,10_Picture_046.jpg
43897,3333,1,0,50_1.jpg
40146,318,1,0,01_Heros_male.jpg
37462,2362,1,0,01_09-17-07_019.jpg
43900,3333,1,0,07_bb.jpg
30507,2362,1,0,01_3_060.jpg
59421,5487,1,0,03_IMG_0057.JPG
33266,2362,1,0,01_Pictures_night_090.jpg
42373,2362,1,1,01_10-26-07_090.jpg
50492,2958,1,0,01_1_011.jpg
56654,2362,1,0,01_02-25-08_023.jpg
34778,318,1,0,01_JD_kiss.jpg
56379,2362,1,0,01_03-26-08_173.jpg
59687,2362,1,0,01_04-21-08_038.jpg
58560,318,1,0,14_Cuban.jpg
53816,2362,1,0,01_02-25-08_031.jpg
11361,0,1,1,01_IMGP0569.JPG
28984,2362,1,0,01_2_062.jpg
43463,318,1,0,01_Tetra_Jumbo.jpg
48730,2362,1,0,01_11-15-07_011.jpg
52018,1622,1,0,01_7_male_golden_fire_phoenix.jpg
24310,2114,1,1,02_tex\\'s.jpg
45445,4120,1,0,01_featherrock.jpg
41628,318,1,0,11_Pearsei.jpg
21085,1840,1,0,01_DSC00141[1].JPG
40817,2362,1,0,02_09-24-07_020.jpg
13343,0,1,1,01_!cid_DE73E720202B11DBBEF990D33495ED01@snj-us-pcwp-703.kodak[1]
33245,2362,1,0,01_Pictures_night_180.jpg
33317,2362,1,0,01_Pictures_night_137.jpg
45443,4120,1,0,01_12-26-03.jpg
21681,318,1,0,01_Meeki_male_Hello!4.jpg
24569,2362,1,0,05_Picture_072.jpg
59004,318,1,0,07_Pearsei2.jpg
2654,0,1,0,albums/american/jack.jpg
50263,2958,1,0,01_feb.jpg
40637,2362,1,0,01_10-26-07_095.jpg
50172,2362,1,0,01_01-31-08_011.JPG
23955,318,1,0,01_Arina_URO.jpg
51493,318,1,0,01_Convict_and_babies.jpg
50832,3333,1,0,01_IMG_3757_170.jpg
45881,3333,1,0,03_r.JPG
42294,4120,1,0,01_pyton3.jpg
47341,4120,1,0,01_1-13-02.jpg
42254,2362,1,0,01_10-26-07_038.jpg
46788,2362,1,0,01_01-08-08_050.jpg
17535,1622,1,0,01_20070312161919!Red_Texas-1-.jpg
12313,0,1,1,"02_2006-06-12\\"""
39503,2958,1,0,12_Picture_055.jpg
5759,0,1,1,01_David\\'s_Fish_017.jpg
41443,3333,1,0,06_fronts.JPG
26248,318,1,0,02_Cuban.jpg
11091,650,1,1,01_pic_of_eggs_2.jpg
51215,5271,1,0,01_100_2326.jpg
39704,2958,1,0,12_Picture_070.jpg
27940,2339,1,0,01_IMG_1070[1].JPG
26894,2796,1,1,03_sid\\'s_tank_.JPG
32854,318,1,0,01_Cuban_and_Sev.jpg
45459,3333,1,0,01_fish_554.JPG
19155,1840,1,0,01_DSC00123[1].JPG
41137,2958,1,0,02_pictures_047.jpg
42492,2362,1,0,01_10-26-07_044.jpg
56650,2362,1,0,01_03-26-08_100.jpg
6745,249,1,1,01_mixed_foto\\'s_023.jpg
49141,2362,1,0,02_01-15-08_193.jpg
59320,5487,1,0,01_fish_005.JPG
31900,3333,1,0,01_need.JPG
13989,945,1,1,04_Matt\\'s_Pictures_534.jpg
23607,2362,1,0,04_IMG_0475.JPG
34771,318,1,0,01_8_inch_JD.jpg
55748,318,1,0,13_Cuban.jpg
41477,4120,1,0,01_lemon04.jpg
17629,318,1,0,01_Festae_pair.jpg
21678,318,1,0,01_Meeki_male_Hello!.jpg
47318,3333,1,0,01_eat.JPG
53194,5487,1,0,01_02_29_006.jpg
42338,3333,1,0,06_c.JPG
45651,4120,1,0,01_img_1814-1.jpg
56628,318,1,0,01_cichlasoma_bocourti_5__grange_.jpg
13719,0,1,0,02_Terry\\'s-Tank-3.jpg
53217,5487,1,0,01_03_01_053.jpg
28473,2339,1,0,01_IMG_1183[1].JPG
45215,4120,1,0,01_x-mas1.jpg
46088,4120,1,0,01_jewelfemale1-02-08.jpg
55840,5487,1,0,01_fishes_038.JPG
45074,318,1,0,09_Cuban.jpg
41144,2958,1,0,01_pictures_051.jpg
23258,2362,1,0,01_IMG_0473.JPG
44964,4120,1,0,01_hongi0002.jpg
57429,2362,1,0,01_03-26-08_148.jpg
61443,5487,1,0,"01_mn,m,_001.JPG"
41991,318,1,0,04_JD_pair.jpg
55701,2362,1,1,01_easter-bunny-cartoon.jpeg
51943,318,1,0,01_Grisha__and__Shreck.jpg
44674,4120,1,0,01_hongi12-16.jpg
44943,2362,1,0,03_10-17-07_040.jpg
46103,318,1,0,01_Efasciatus_male__and__large_female.jpg
46229,4120,1,0,01_solo1.jpg
22276,318,1,0,01_Sevy_eats_travky.jpg
2801,0,1,0,albums/american/Fish_009.jpg
4974,0,1,1,01_em\\'s_first_pictures_010.jpg
33635,3333,1,0,05_new.JPG
43218,2362,1,0,01_10-01-07_068.jpg
50684,2958,1,0,01_2_006.jpg
47548,2362,1,0,01_01-15-08_164.jpg
51209,5271,1,0,01_100_2321.jpg
29405,318,1,0,01_Sev_love_Mussels2.jpg
34776,318,1,0,02_Pearsie.jpg
40190,2362,1,0,01_10-17-07_076.jpg
27473,2362,1,0,01_New_Fish_061.jpg
8610,342,1,1,01_Picture_1879.jpg
26916,2796,1,1,04_sid\\'s_tank_.JPG
45478,2958,1,0,01_xmas_039.jpg
81739,5012,0,0,user_pics/5012/nádrž__a84d5419ed.jpg
59857,2362,1,0,01_04-16-08_071.jpg
44673,4120,1,0,01_pleco12-16.jpg
46515,3333,1,0,55_1.JPG
46332,2362,1,0,01_11-15-07_012.jpg
27826,2362,1,0,01_2_037.jpg
15292,1061,1,1,01_HPIM0707.JPG
43399,4120,1,0,01_l-081-2.jpg
46150,3333,1,0,01_peek.JPG
43814,4120,1,0,03_redtop.jpg
37126,2362,1,1,01_THUMBA3.JPG
40285,2958,1,0,01_pictures_030.jpg
41108,318,1,0,01_Large_Heros_male.jpg
29429,318,1,0,01_Korovi.jpg
30508,2362,1,0,01_3_048.jpg
43054,2958,1,0,01_pictures3_005.jpg
43407,318,1,0,02_Large_Heros.jpg
46970,2362,1,0,01_01-08-08_030.jpg
13765,909,1,1,01_IMG_1363.JPG
30229,318,1,0,01_Firemouth2.jpg
48231,3333,1,0,01_IMG_7566_001.jpg
24486,318,1,0,01_BolivianMaleUpdate3.jpg
15097,0,1,1,01_Alpha_Chewere.jpg
26022,2667,1,1,17_jonnie\\'s_tank_pics_002.jpg
50781,2958,1,0,02_2_046.jpg
31312,3333,1,0,04_IMG_0075.JPG
33794,318,1,0,02_Gang2.jpg
3161,0,1,1,albums/malawi/Cnv0017.jpg
35574,3333,1,0,03_fronts.JPG
47467,3333,1,0,24_a.JPG
38627,318,1,0,01_Heros_Efasc_male.jpg
49516,318,1,0,01_Pink_Kissing_gourami.jpg
59951,2362,1,0,01_04-16-08_161.jpg
23606,2362,1,0,01_IMG_0312.JPG
38538,2362,1,0,01_10-01-07_008.jpg
24312,2114,1,1,03_tex\\'s.jpg
42693,3333,1,0,01_christmas.jpg
55051,5487,1,0,02_fish_048.JPG
58381,5487,1,0,03_fish_013.JPG
2505,0,1,0,albums/american/fish_009.jpg
58691,5487,1,0,09_Untitled-1.jpg
56861,5487,1,0,01_fish_032.JPG
30152,2958,1,0,17_fish_001.jpg
49517,318,1,0,02_The_King.jpg
50180,2362,1,0,02_01-08-08_144.jpg
46596,4120,1,0,01_002-07-08.jpg
45413,2958,1,0,01_xmas_010.jpg
55019,5487,1,0,01_291849335_f5ec079c6c.jpg
25922,2653,1,1,01_jody\\'s_photo\\'s_048.jpg
81,0,1,0,albums/tankgallery/my_tank.jpg
6907,0,1,1,01_DSCF1427.JPG
22553,1779,1,1,01_fish3_098.jpg
53487,5487,1,0,01_move002.jpg
1321,0,1,0,albums/album22/Electric_Blue.jpg
19361,0,0,1,user_pics/anonymous/01_african_cichlid_tank.JPG
33793,318,1,0,04_Gang.jpg
42146,3333,1,0,01_daddy.JPG
42055,2958,1,1,01_pictures2.jpg
41602,4120,1,0,03_red3.jpg
42104,3333,1,0,05_c.JPG
50571,4120,1,0,01_IMG_3264.jpg
46588,3333,1,0,03_tanks.JPG
56942,5487,1,0,01_sunday_051.JPG
38724,2362,1,0,01_10-01-07_011.jpg
36395,318,1,0,01_Firemouth_flares_2.jpg
49760,4120,1,0,01_juliecloseup.jpg
41954,2958,1,0,01_pictures_093.jpg
50029,3333,1,0,01_fish_025.JPG
38024,2362,1,0,01_Pictures_night_087.jpg
22287,318,1,0,01_LargeClown2.jpg
59407,5487,1,0,02_fishes_003.JPG
10779,249,1,1,04_mixed_foto\\'s_023.jpg
28069,318,1,0,01_Scavangers_and_Firemouth.jpg
44605,318,1,0,01_Supra_pictures_012.jpg
59778,2362,1,0,01_04-21-08_011.jpg
41211,2958,1,0,01_pictures_063.jpg
21600,318,1,0,01_cichlasoma_festae_f_(grange).jpg
48042,4120,1,0,01_01-18-01.jpg
38947,2958,1,0,25_Picture_012.jpg
33880,2362,1,0,01_Pictures_night_088.jpg
31086,318,1,0,01_Sm_Sev__and__Cuban.jpg
29403,318,1,0,01_Sev_love_Mussels.jpg
21084,1840,1,0,01_DSC00149[1].JPG
57428,2362,1,0,01_03-26-08_055.jpg
41488,4120,1,0,01_Frankie1.jpg
53775,5487,1,0,03_fish_030.JPG
39850,4120,1,1,01_rock2.jpg
45061,318,1,0,01_Dempseys.jpg
41111,318,1,0,01_Eating_green.jpg
50178,2362,1,0,01_01-18-08_250.JPG
13709,686,1,0,01_IMGP1074.JPG
26776,2653,1,1,04_jody\\'s_photo\\'s_048.jpg
58161,2362,1,0,01_04-07-08_179.jpg
54271,5487,1,0,01_sat_071.JPG
47574,4120,1,0,01_01-15-02.jpg
40337,2362,1,0,01_10-01-07_013.jpg
45521,4120,1,0,01_12-27-07-5.jpg
31232,318,1,0,05_wild_shot.jpg
38542,2362,1,0,01_10-01-07_079.jpg
38565,318,1,0,10_Wild_shot.jpg
46921,4120,1,0,01_1-10-03.jpg
53152,5487,1,0,5487____file_9999_02_fish_017.JPG
25809,2667,1,1,01_jonnie\\'s_tank_pics_001.jpg
28983,2362,1,0,01_2_058.jpg
49627,4120,1,1,01_ad2.jpg
45531,2958,1,0,01_xmas2_002.jpg
8550,0,1,1,01_now_that\\'s_a_tank_cleaner!!!!.JPG
54242,5487,1,0,01_sat_068.JPG
30954,2958,1,0,05_fish_012.jpg
6985,0,1,1,01_Fishyy_007.jpg
22986,2362,1,0,12_Picture_064.jpg
41105,318,1,0,01_Nemo_flare_gills.jpg
51091,5271,1,0,01_106_3797.jpg
6766,162,1,1,01_DCP_0006_0008.JPG
50794,2958,1,0,01_2_052.jpg
57930,2362,1,0,01_04-07-08_066.jpg
51211,5271,1,0,01_100_2320.jpg
41988,318,1,0,01_vxv.jpg
37679,4120,1,0,01_femalejewel.jpg
46551,3333,1,0,01_hrp.JPG
46089,4120,1,0,01_jewelfemale2-02-08.jpg
46831,2958,1,0,01_xmas3_063.jpg
30607,318,1,0,01_Sev__and__Cuban.jpg
48083,318,1,0,05_Group_shot.jpg
43234,2362,1,0,02_11-15-07_024.jpg
25023,2362,1,0,08_Picture_083.jpg
29005,1835,1,0,01_Haplochromis_red_fire_[1].jpg
24570,2362,1,0,01_DSC00215.JPG
39551,2958,1,0,14_Picture_063.jpg
49103,318,1,0,02_Heros_male.jpg
37762,318,1,0,01_Efasciatus_male.jpg
24044,2362,1,0,02_IMG_0432.JPG
46153,3333,1,0,10_group.JPG
30663,2362,1,0,01_3_032.jpg
45522,4120,1,0,01_12-27-07-6.jpg
46599,3333,1,0,01_IMG_4592.JPG
39808,2362,1,0,01_10-17-07_021.jpg
49851,318,1,1,01_Alex_Sanding.jpg
28371,318,1,0,01_Uaru_Large.jpg
48075,3333,1,0,17_fish_010.JPG
41149,2958,1,0,01_pictures_057.jpg
60117,5487,1,0,01_2008_04_26_102.jpg
48938,4120,1,0,01_img_2737.jpg
11976,0,1,1,01_06-01-2006_10;49;01PM.BMP
7126,0,1,1,01_attachment.php?attachmentid=4019
52495,2362,1,0,01_IMG_4815.JPG
51172,5271,1,0,01_enhanced.jpg
39944,2362,1,0,01_10-17-07_034.jpg
59810,5487,1,0,01_ffffff_086.JPG
53014,5487,1,0,01_2285547705_b5ea3a3616.jpg
50028,3333,1,0,01_fish_009.JPG
6524,199,1,1,01_blank.jpg
29511,318,1,0,06_Pearsei.jpg
42253,2362,1,0,01_10-26-07_080.jpg
54473,5487,1,0,01_2_054.JPG
60116,5487,1,0,01_2008_04_26_046.jpg
27502,2339,1,0,01_IMG_0983[1].JPG
44821,4120,1,0,01_sa1-1.jpg
17113,318,1,0,02_10.jpg
59765,2362,1,0,01_04-16-08_125.jpg
21599,318,1,0,01_cichlasoma_festae_m_(grange).jpg
41790,4120,1,0,04_hybrid.jpg
44939,2362,1,0,01_12-17-07_065.jpg
29339,2362,1,0,01_2_056.jpg
190465,23,1,0,user_pics/23/c14fecd3-668d-4482-951d-07dae3ca3b40_alex_portrait_q.jpg
37068,318,1,0,01_Large_Heros.jpg
42335,3333,1,0,02_playing.JPG
44815,3333,1,0,40_fish_001.JPG
43495,2362,1,0,01_12-03-07_008.jpg
29490,2362,1,0,01_New_Fish_039.jpg
19367,318,1,0,01_Gang.jpg
35981,2362,1,0,01_IMG_1945.jpg
46329,2362,1,0,01_11-15-07_007.jpg
58312,2362,1,0,01_04-07-08_120.jpg
53581,5487,1,0,01_ooo_005.JPG
43315,318,1,0,12_Pearsei.jpg
14087,0,1,1,03_Terry\\'s-Tank-3.jpg
809,0,1,0,albums/tankgallery2/our_tank_2.jpg
23937,2362,1,0,01_IMG_0419.JPG
190470,23,1,0,user_pics/23/220ae593-2031-42f0-9bf2-3224862d14f8_63langer.jpg
10408,610,1,0,01_100_2100.jpg
27477,0,1,0,01_IMG_0966[1].JPG
27828,2362,1,0,01_2_001.jpg
45089,318,1,0,02_Convict_pair.jpg
48885,3333,1,0,01_b.JPG
58358,318,1,0,01_Clown_and_Heros2.jpg
34037,3352,1,0,01_kens_fish__13_.jpg
47259,4120,1,0,01_01-11-08-2.jpg
39975,2958,1,0,01_pictures_021.jpg
57431,2362,1,0,01_02-25-08_013.jpg
56523,318,1,0,02_JD_female.jpg
18505,0,1,1,01_My_Fish.jpg
16213,1281,1,1,01_akvarij_21.JPG
42256,3333,1,0,07_babies.JPG
55268,5487,1,0,02_fishes_014.JPG
36062,2362,1,0,01_IMG_1843.jpg
50704,2958,1,0,02_2_029.jpg
28319,1835,1,0,01_Uaru_fernand[1].jpg
42382,4120,1,0,01_crocspin.jpg
43558,2362,1,0,01_12-03-07_111.jpg
36706,318,1,0,01_Nemo_first_picture.jpg
55056,5487,1,0,01_fish_103.JPG
22072,2219,1,0,02_145867d8d13a[1].jpg
55866,5487,1,0,02_fish_015.JPG
32412,3333,1,0,03_IMG_0101.JPG
27433,318,1,0,01_Zveri.jpg
14599,1061,1,1,01_HPIM0625.JPG
30944,2958,1,0,10_fish_013.jpg
22282,318,1,0,01_Sev_Female.jpg
59865,5487,1,0,01_fishes_009.JPG
9745,0,1,0,01_fish_016[1].jpg
56253,2362,1,1,01_IMG_4760.JPG
27469,2362,1,0,01_New_Fish_038.jpg
59408,5487,1,0,01_fishes_027.JPG
59866,5487,1,0,01_puppies_009.JPG
23784,0,1,0,01_Scientific??.JPG
38381,2362,1,0,01_10-01-07_041.jpg
38019,2362,1,0,01_09-24-07_109.jpg
43534,3333,1,0,08_oscar.jpg
37054,318,1,0,01_Shreck_going_crazy.jpg
57095,2362,1,0,01_03-26-08_084.jpg
48749,3333,1,0,01_krib__2_.JPG
39631,3333,1,0,07_fish_048.JPG
51108,2958,1,0,01_4_005.jpg
50780,2958,1,0,01_2_042.jpg
44270,2362,1,0,01_11-15-07_025.jpg
30604,2362,1,0,01_3_019.jpg
35965,2362,1,0,01_IMG_1791.jpg
37916,2362,1,0,01_09-24-07_058.jpg
42458,2362,1,0,01_10-26-07_045.jpg
39318,2958,1,0,12_Picture_045.jpg
39528,2958,1,0,12_Picture_062.jpg
57464,5487,1,0,05_fish_011.JPG
46392,318,1,0,01_JDs_pair.jpg
41289,318,1,0,01_Heros_female2.jpg
43799,2362,1,0,02_10-17-07_040.jpg
43865,3333,1,0,01_g.jpg
9180,0,1,1,02_MY_TANK.jpg
51208,5271,1,0,01_100_2319.jpg
46298,2958,1,0,01_xmas3_025.jpg
21330,318,1,0,02_best_for_now.jpg
5739,0,1,1,01_mixed_foto\\'s.jpg
48880,2958,1,0,01_big_tank.jpg
17621,318,1,0,01_Mix1998.jpg
38026,2362,1,0,01_09-24-07_100.jpg
32368,3333,1,0,04_front.JPG
36389,2362,1,0,01_IMG_1870.jpg
59134,2362,1,0,01_04-16-08_123.jpg
33948,2362,1,0,01_Pictures_night_075.jpg
31088,318,1,0,05_Big_Sev.jpg
21951,23,1,1,01_ding.txt
12548,0,1,1,01_CIMG3414.JPG
59158,318,1,1,01_Supra_pictures_037.jpg
33843,3333,1,0,03_a.JPG
39601,3333,1,0,02_sev.JPG
56522,318,1,0,01_Pearsei_small.jpg
24358,318,1,0,01_Uaru_couple.jpg
52182,2362,1,0,02_10-26-07_147.jpg
46908,2362,1,0,01_01-08-08_152.jpg
27886,318,1,0,01_Eating_greens.jpg
46892,2362,1,0,01_01-08-08_193.jpg
48529,318,1,0,02_Michael_huge_pearseiman_478.jpg
46034,4120,1,0,02_yellow2.jpg
53893,5487,1,0,01_2271005070_448067e8f4.jpg
13975,0,1,1,02_Matt\\'s_Pictures_534.jpg
9793,0,1,0,01_03-17-06_2046[1].JPG
43408,318,1,0,02_Heros_Female2.jpg
47465,3333,1,0,14_6.JPG
45537,2958,1,0,01_xmas2_014.jpg
32650,318,1,0,01_Heros_Appendiculatus_male.jpg
59934,2362,1,0,01_04-16-08_115.jpg
35,0,1,0,albums/tankgallery/Fish.jpg
45648,4120,1,0,01_img_1929-2.jpg
39325,2362,1,0,01_10-01-07_053.jpg
56943,5487,1,0,01_sunday_062.JPG
36059,2362,1,1,01_IMG_2067.jpg
43223,2362,1,0,01_10-01-07_059.jpg
47442,4120,1,0,01_01-14-08.jpg
51555,318,1,0,01_pink_chelsea_mine.jpg
41950,2958,1,0,01_pictures_089.jpg
46209,2958,1,0,01_xmas2_050.jpg
22066,2219,1,0,03_145867d8d13a[1].jpg
49209,318,1,0,01_Heros_male2.jpg
35966,2362,1,0,01_IMG_1909.jpg
52754,2362,1,0,01_02-25-08_064.jpg
27846,2362,1,0,01_2_030.jpg
30621,318,1,0,01_Silver_Dollars_and_Pearsei.jpg
57328,5487,1,0,01_fish_060.JPG
2604,0,1,0,albums/american/Firemouth.jpg
25926,2653,1,1,01_jody\\'s_photo\\'s_050.jpg
31387,318,1,0,01_Shark_the_friend.jpg
7284,0,1,1,03_fish_003.jpg
33252,2362,1,0,01_Pictures_night_172.jpg
45845,2958,1,1,02_xmas2.jpg
45321,4120,1,0,01_pythoncloseup3.jpg
20096,1989,1,1,01_IM000490.JPG
9797,0,1,1,03_03-17-06_2046[1].JPG
48351,3333,1,0,01_fishes_050.JPG
42624,318,1,0,02_JD_pair2.jpg
10146,0,1,1,01_IM000020[1]
50811,2958,1,0,01_3_002.jpg
33952,2362,1,0,01_Pictures_night_076.jpg
41425,3333,1,0,08_albino.JPG
46589,4120,1,0,01_007-08-08.jpg
38308,3333,1,0,08_fish_021.JPG
54118,318,1,0,01_Freddies_hideout!.jpg
40005,318,1,0,03_Botias.jpg
50337,2958,1,0,01_feb_037.jpg
27646,2339,1,0,01_IMG_1008[1].JPG
57400,2362,1,0,01_03-26-08_062.jpg
21666,318,1,0,01_!.jpg
28229,2362,1,0,01_2_025.jpg
58291,5487,1,0,01_2378695480_796351b6c5.jpg
28471,2339,1,0,01_IMG_1170[1].JPG
46834,2958,1,0,01_xmas3_070.jpg
59764,2362,1,0,01_04-16-08_072.jpg
41993,318,1,0,01_Nemo_vs_Pearsei.jpg
56683,5487,1,0,01_fidh_019.JPG
51994,2362,1,0,01_01-15-08_207.jpg
51751,5345,1,1,01_eretmoduskigomaf0.jpg
46258,2958,1,0,01_xmas3_018.jpg
4712,0,1,1,01_fish\\'_144.jpg
37051,318,1,0,12_Shreck.jpg
33958,2362,1,0,01_Pictures_night_187.jpg
27939,2339,1,0,01_IMG_1063[1].JPG
41968,2362,1,0,01_11-15-07_024.jpg
18821,318,1,0,01_New_beggining_Jan_15_2007_3.jpg
54984,5487,1,0,01_fish_019.JPG
41048,3333,1,0,01_hALLOWEEN_07_012.jpg
25246,0,1,1,02_jody\\'s_photo\\'s_008.jpg
48552,3333,1,0,01_2187450599_29b725d319.jpg
50688,2958,1,0,01_2_011.jpg
57092,2362,1,0,01_02-25-08_070.jpg
41522,3333,1,0,08_ram.JPG
52782,2362,1,0,01_02-25-08_030.jpg
44408,2362,1,0,01_10-26-07_125.jpg
36838,2362,1,0,01_IMG_1930.jpg
18823,318,1,0,01_New_beggining_Jan_15_2007_5.jpg
21613,1840,1,0,01_DSC00159[1].JPG
52756,2362,1,0,01_02-25-08_056.jpg
43219,2362,1,0,01_10-26-07_039.jpg
50384,4120,1,0,01_02-06-05.jpg
61656,5487,1,0,03_fish_064.JPG
42075,4120,1,0,01_Calv_and_Clown.jpg
35978,2362,1,0,01_IMG_1849.jpg
21598,318,1,0,01_cichlasoma_festae_p1_(grange).jpg
35277,2362,1,0,01_new_guys_006.jpg
38870,4120,1,0,01_dadgoldcomp.jpg
5296,123,1,1,01_Webby\\'s_New_Tank_Whole_2.JPG
45056,318,1,0,01_Rainbow_sharks__and__Odessa_Barb.jpg
55753,5487,1,0,02_fish_088.JPG
59688,2362,1,0,01_04-21-08_036.jpg
17460,0,1,1,01_Fry\\'s_and_others_004.jpg
56610,318,1,0,01_cichlasoma_bocourti_3__grange_.jpg
51217,2362,1,0,01_Copy_of_11-15-07_006.jpg
42016,2958,1,0,01_pictures2_004.jpg
41629,318,1,0,05_Gang.jpg
55846,5487,1,0,05_fish_031.JPG
61454,5487,1,0,01_fish_055.JPG
49778,3333,1,0,01_monsters.JPG
27942,2339,1,0,01_IMG_1074[1].JPG
34550,318,1,0,02_Arina_URO.jpg
1707,0,1,0,albums/album22/peacock.jpg
25801,318,1,0,01_sev_and_jd_f3a1672d02fa3935140bbb7ae107bcf7.jpg
31142,3333,1,0,03_baby.JPG
39347,318,1,0,01_Big_Efasciatus.jpg
36703,3333,1,0,03_IMG_0046.JPG
36672,3333,1,0,04_fronts.JPG
48747,2362,1,0,01_01-15-08_224.jpg
48510,3333,1,0,26_a.JPG
50831,3333,1,0,15_5.jpg
56374,2362,1,0,01_03-26-08_096.jpg
51056,5271,1,0,01_100_0130.JPG
39797,2958,1,0,01_pictures_001.jpg
21597,318,1,0,03_cichlasoma_festae_j_(grange).jpg
28474,2339,1,0,01_IMG_1187[1].JPG
51270,5271,1,0,04_cyclopsalbino1.jpg
40495,3333,1,0,03_hap.JPG
48515,3333,1,0,05_Untitled-1.jpg
35291,2362,1,0,01_new_guys_008.jpg
41110,318,1,0,01_Heros_smaller_male.jpg
46181,2958,1,0,01_xmas2_045.jpg
43556,2362,1,0,01_12-03-07_085.jpg
963,0,1,0,albums/tankgallery2/Tank_001.jpg
48729,2362,1,0,01_10-17-07_009.jpg
48676,4120,1,0,01_01-22-01.jpg
9953,318,1,0,01_Scavangers2.jpg
36292,2362,1,0,01_Memorial_weekend_pictures_2007_004.jpg
56660,2362,1,0,01_03-26-08_159.jpg
43313,3333,1,0,01_dec1_079.jpg
48895,3333,1,0,01_h.JPG
49207,318,1,0,01_Pearsei_and_Firemouth.jpg
45419,2958,1,0,01_xmas_016.jpg
28470,2339,1,0,01_IMG_1152[1].JPG
26039,2736,1,1,03_Skip\\'s_stock_pics_004.jpg
20366,318,1,0,01_6!.jpg
38564,318,1,0,01_Uaru_and_Convict_female.jpg
54058,2362,1,0,01_11-05-07_006.jpg
6582,249,1,1,03_joels_foto\\'s_053.jpg
22721,2314,1,1,01_s303800095_1094_541[1].jpg
14466,0,1,1,02_fish.JPG
28369,1835,1,0,01_5700931.RedTexas[1].jpg
41210,2958,1,0,01_pictures_061.jpg
50776,318,1,0,01_None.jpg
44189,4120,1,0,01_rockfish.jpg
55640,5487,1,0,01_fishes_106.JPG
31091,318,1,0,01_Shreck_zevaet.jpg
13245,0,1,0,01_IMG_0704[1].jpg
49676,2362,1,0,01_01-31-08_002.JPG
27914,2362,1,0,01_New_Fish_063.jpg
52682,318,1,0,01_Group_shot2.jpg
54663,2362,1,0,01_01-15-08_081.jpg
35630,3333,1,0,05_a.JPG
57710,5487,1,0,01_fisj_064.JPG
35236,318,1,0,05_Cuban.jpg
50335,2958,1,0,01_feb_029.jpg
7466,249,1,1,03_mixed_foto\\'s_001.jpg
49203,318,1,0,02_Heros_female.jpg
56513,2362,1,0,01_03-18-08_046.jpg
50144,3333,1,0,01_salt_001.jpg
45517,4120,1,0,01_12-27-07-2.jpg
27515,2362,1,0,01_New_Fish_064.jpg
5237,117,1,0,01_fish_5cdf35afa39733c8869f9de819466303.jpg
48041,3333,1,0,15_fish_021.JPG
41107,318,1,0,01_Pink_Convict_Female.jpg
28182,318,1,0,06_Shreck.jpg
35453,318,1,0,01_Pearsey_2.jpg
46949,3333,1,0,22_a.JPG
37640,318,1,0,01_My_friends.jpg
55736,318,1,0,01_Convict_male.jpg
2800,0,1,0,albums/american/Fish_004.jpg
19646,1508,1,1,01_IMG_0092.JPG
32537,2362,1,0,01_New_setup_set2_070.jpg
1464,0,1,0,albums/album22/Peacock.jpg
43259,3333,1,0,01_November_29th_015.jpg
32547,2362,1,0,01_New_setup_set2_064.jpg
30524,2362,1,0,01_3_008.jpg
43308,4120,1,0,01_jewelm1.jpg
39510,2958,1,0,04_Picture_053.jpg
45785,3333,1,0,36_2.JPG
13947,0,1,0,01_Matt\\'s_Pictures_534.jpg
45662,2958,1,0,01_xmas2_032.jpg
42015,2958,1,0,01_pictures2_008.jpg
1906,0,1,0,albums/user_gallery/big_red.jpg
39319,2958,1,0,13_Picture_047.jpg
58901,2362,1,0,01_04-07-08_114.jpg
41751,4120,1,0,01_hongipopup.jpg
190467,23,1,0,user_pics/23/54869a6c-f242-43b0-8dba-bc5c496f58ff_alex_portrait_q.jpg
51554,2362,1,0,01_01-15-08_110.jpg
39999,318,1,0,01_Pearsei_fighting_both_Meeki2.jpg
49659,3333,1,0,02_b.JPG
45417,2958,1,0,01_xmas_019.jpg
36386,2362,1,0,01_IMG_1792.jpg
42902,2362,1,0,01_10-26-07_062.jpg
42078,4120,1,0,02_dominat.jpg
47422,4120,1,0,01_01-14-03.jpg
37270,3333,1,0,06_a.JPG
48307,3333,1,0,25_fish_005.JPG
34773,318,1,0,01_JD_pissed.jpg
41784,2362,1,0,01_10-01-07_037.jpg
28468,2339,1,0,01_IMG_1140[1].JPG
33751,318,1,0,01_Fiona.jpg
32615,2362,1,0,01_New_setup_set2_004.jpg
36078,318,1,0,01_Heros_Efasciatus_male.jpg
46246,2958,1,0,01_xmas3_001.jpg
46266,2958,1,0,01_xmas3_022.jpg
190471,23,1,0,user_pics/23/eed8235e-37d7-47d2-8981-5574b84ef730_alex_portrait_q.jpg
47366,3333,1,0,13_b.JPG
42358,4120,1,0,01_pyton4.jpg
45952,4120,1,0,01_party.jpg
53824,5487,1,0,01_dod_047.JPG
33517,2362,1,0,01_Pictures_night_139.jpg
40433,2362,1,0,01_10-26-07_083.jpg
11348,0,1,1,01_chlids_033.jpg
50578,3333,1,0,01_baby_029.JPG
59014,5487,1,0,02_fish_038.JPG
51551,2362,1,0,01_01-15-08_014.jpg
22536,318,1,0,03_Festae_and_Loiselie.jpg
49885,2362,1,0,01_12-17-07_013.jpg
31010,2958,1,0,01_new_fish_002.jpg
29549,318,1,0,02_Big_Sev2.jpg
47540,2362,1,0,01_01-15-08_012.jpg
48046,4120,1,0,01_01-18-06.jpg
40754,2362,1,0,01_10-17-07_036.jpg
50806,2958,1,0,02_3_006.jpg
46629,4120,1,0,01_007-12-08.jpg
59856,2362,1,0,01_Fish_imported_on_04-20-08603.JPG
27302,318,1,1,01_tetracanthus.jpg
35237,318,1,0,01_Angry_Cuban.jpg
60471,2362,1,1,01_04-21-08_191.jpg
39853,4120,1,0,01_rock5.jpg
30595,2362,1,0,01_3_057.jpg
5915,180,1,1,01_kenyi\\'s.bmp
27645,2339,1,0,01_IMG_1002[1].JPG
41694,2362,1,0,01_10-26-07_042.jpg
46231,4120,1,0,01_solo3.jpg
46343,318,1,0,05_8.jpg
27496,2339,1,0,01_IMG_0964[1].JPG
40144,318,1,0,01_Both_Pearsei.jpg
45697,3333,1,0,18_a.JPG
8245,0,1,1,01_February_012.jpg
47443,4120,1,0,01_img_2447.jpg
30505,2362,1,0,01_3_054.jpg
42330,2958,1,0,20_Picture_026.jpg
49515,318,1,0,01_GROUP.jpg
31087,318,1,0,01_Meeki_zevaet.jpg
26016,2667,1,1,15_jonnie\\'s_tank_pics_002.jpg
42370,2362,1,0,01_10-01-07_026.jpg
48048,4120,1,0,01_01-18-08jpg.jpg
37596,2362,1,0,01_IMG_1994.jpg
36322,318,1,0,03_Shreck_and_Fiona.jpg
3090,0,1,0,albums/malawi/zebra.jpg
25803,318,1,0,01_First_courtship2.jpg
46411,3333,1,0,13_6.JPG
43317,318,1,0,02_vvv.jpg
55405,5487,1,0,02_fish_012.JPG
48066,318,1,0,02_Rainbow_shark.jpg
37642,318,1,0,01_Waro_and_hand.jpg
48762,2958,1,0,01_newbies_and_males_003.jpg
59175,5487,1,0,01_2008_04_15_070.jpg
48067,318,1,0,10_Cuban.jpg
28450,318,1,0,03_Festae_pair_4.jpg
36055,2362,1,0,01_IMG_1830.jpg
44230,3333,1,0,08_a1.jpg
44586,3333,1,1,01_bud.JPG
22985,2362,1,0,05_Picture_075.jpg
28985,2362,1,0,02_2_075.jpg
30523,2362,1,0,01_3_022.jpg
54827,5487,1,0,01_2332490796_6cd54be5ee.jpg
17627,318,1,0,01_Hogoborum_and_Festae_Female.jpg
45764,2958,1,0,01_xmas2_037.jpg
48090,3333,1,0,40_fish_003.JPG
46016,3333,1,0,12_blue.jpg
48775,2958,1,0,01_newbies_and_males_027.jpg
30606,318,1,0,03_Sev_female.jpg
35782,2362,1,0,01_new_guys_028.jpg
9040,0,1,1,01_Jacqui\\'s_Pictures_128.jpg
49736,4120,1,0,01_02-03.jpg
55745,318,1,0,318____file_9999_02_Firemouth.jpg
18097,318,1,0,01_Getting_ready_for_set_up.jpg
44419,2362,1,0,01_10-26-07_150.jpg
38025,2362,1,0,01_09-24-07_022.jpg
44427,2362,1,0,01_12-03-07_130.jpg
51620,318,1,0,01_Fiona__and__Cuban.jpg
46253,2958,1,0,01_xmas3_015.jpg
28998,2362,1,0,01_2_077.jpg
46891,2362,1,0,01_01-08-08_019.jpg
26061,318,1,0,01_Feona_2.jpg
14351,1010,1,1,07_Matt\\'s_Pictures_534.jpg
44291,2958,1,0,01_cali_005.jpg
43236,2362,1,0,01_10-26-07_147.jpg
36707,318,1,0,01_Nemo_2.jpg
30051,2362,1,0,01_2_055.jpg
50922,2958,1,0,01_4_016.jpg
33784,2362,1,0,01_Pictures_night_084.jpg
17950,0,1,0,02_IMG_3283.JPG
44273,2362,1,0,01_12-03-07_150.jpg
35022,2362,1,0,01_New_setup_set2_062.jpg
40653,3333,1,0,01_eye.JPG
39728,2362,1,0,01_10-17-07_074.jpg
25853,2667,1,1,06_jonnie\\'s_tank_pics_002.jpg
58318,2362,1,0,01_04-07-08_170.jpg
44941,2362,1,0,01_10-26-07_089.jpg
50812,2958,1,0,01_3_004.jpg
54448,5487,1,0,01_fishes_040.JPG
40249,2362,1,0,01_IMG_1925.jpg
36121,3333,1,0,04_group.JPG
33238,2362,1,0,01_Pictures_night_010.jpg
38013,2362,1,0,01_09-24-07_018.jpg
837,0,1,0,albums/tankgallery2/fishtank.jpg
15193,1200,1,1,01_MEMORY_STICK_2_022.jpg
45332,2958,1,0,01_home_003.jpg
41148,2958,1,0,01_pictures_058.jpg
21812,1840,1,0,02_DSC00146[1].JPG
41112,318,1,0,01_Eating_green2.jpg
13718,0,1,1,01_Terry\\'s-Tank-3.jpg
25677,318,1,0,01_feeding_88ee573a567ed29b889bbb4857b819e3.jpg
32639,3333,1,0,03_group.JPG
6765,0,1,1,01_2005_1220Fish0024.JPG
8244,0,1,1,01_February_014.jpg
46406,3333,1,0,01_zues.JPG
5217,0,1,1,01_Ben\\'s_fish_named_Oscar.rtf
46833,2958,1,0,01_xmas3_066.jpg
45154,3333,1,0,15_a.JPG
49687,2362,1,0,01_01-18-08_086.JPG
46836,2958,1,0,01_xmas3_075.jpg
45661,2958,1,0,01_xmas2_017.jpg
45787,3333,1,0,18_4.JPG
10908,0,1,0,01_DSCN1945.JPG
50164,2362,1,0,01_01-18-08_177.JPG
23450,318,1,0,01_Wild_shot3.jpg
47342,4120,1,0,01_1-13-03.jpg
59360,2362,1,0,01_04-16-08_085.jpg
48468,3333,1,0,02_bab.JPG
58356,318,1,0,01_Dovi_cover2.jpg
27476,0,1,0,01_IMG_0962[1].JPG
23442,318,1,0,01_Shreck_5_inch_3.jpg
8093,308,1,1,01_james\\'s_catfish.jpg
45452,2958,1,0,01_xmas_031.jpg
39746,2362,1,0,01_10-17-07_077.jpg
29407,318,1,0,01_Meeki_female.jpg
27428,318,1,0,03_Cuban.jpg
57944,2362,1,0,01_04-07-08_132.jpg
45054,318,1,0,01_Heros_Efasciatus_group2.jpg
27891,318,1,0,01_Cuban2.jpg
40650,2362,1,0,01_10-01-07_018.jpg
52894,2362,1,1,01_IMG_4740.JPG
19366,318,1,0,01_Jakie3.jpg
52464,2362,1,0,01_IMG_4850.JPG
23137,2362,1,1,01_A.jpeg
35939,3333,1,0,01_liv.JPG
24441,318,1,1,01_Michael_huge_pearseiman_478.jpg
24399,1835,1,1,01_payara2[1].jpg
49362,318,1,0,01_Blue_Botia__and__Convict.jpg
39680,318,1,0,02_Pink_Convict.jpg
27095,1835,1,1,01_images[10].jpg
50143,3333,1,0,03_tanks.jpg
20363,318,1,0,01_1!!.jpg
41449,3333,1,0,01_our_tanks_030.JPG
30226,318,1,0,02_Barbs.jpg
190491,23,1,1,user_pics/23/713e7e03-6e55-4168-b23e-c62f32208b90_201803_267446bf47.jpg
46731,3333,1,0,01_suck.jpg
25482,1835,1,0,01_firemouth2[1].jpg
56658,2362,1,0,01_03-26-08_077.jpg
57467,5487,1,0,03_fish_007.JPG
56323,2362,1,0,01_03-18-08_005.jpg
2463,0,1,0,albums/american/Jack.jpg
23253,2407,1,1,01_Cichlid1.JPG
59369,2362,1,0,01_04-16-08_086.jpg
56280,5487,1,0,06_fish_008.JPG
59880,5487,1,0,11_Untitled-1.jpg
31901,3333,1,0,04_flower.JPG
42713,3333,1,0,13_a.jpg
21082,1840,1,0,01_DSC00145[1].JPG
37756,4120,1,0,01_pairofjewels.jpg
34988,2362,1,0,01_2007_Dunsmuir_Summer_Trip._132.jpg
30950,2958,1,0,05_fish_015.jpg
41783,4120,1,1,01_11133.jpg
42014,2958,1,0,01_pictures2_011.jpg
26798,1840,1,1,01_tn_Cisyn_u0[1].jpg
35023,2362,1,0,02_new_setup_033.jpg
43741,2362,1,0,01_10-17-07_002.jpg
42374,3333,1,0,06_id.JPG
41142,2958,1,0,01_pictures_052.jpg
23107,2373,1,1,01_dual_fish.JPG
30671,3187,1,0,02_IMG_0075.JPG
43803,2362,1,0,01_09-24-07_015.jpg
50035,3333,1,0,01_fish_057.JPG
47702,2958,1,0,02_xmas_037.jpg
36329,318,1,0,01_Cuban!!!.jpg
32561,2362,1,0,01_New_setup_set2_056.jpg
31185,2362,1,0,01_new_setup_027.jpg
23434,318,1,0,01_Uaru_3_inch.jpg
32310,318,1,0,01_Meeki_pair_and_Sev.jpg
45217,4120,1,0,01_x-mas2.jpg
57678,5487,1,0,01_fidh_023.JPG
45450,2958,1,0,01_xmas_028.jpg
45442,3333,1,0,10_b.JPG
34772,318,1,0,02_JD_pair.jpg
38869,4120,1,0,01_shell3.jpg
30014,3187,1,0,02_IMG_0031.JPG
33241,2362,1,0,01_Pictures_night_160.jpg
48043,4120,1,0,01_01-18-02.jpg
52680,318,1,0,02_Heros_male2.jpg
47696,2362,1,0,01_01-15-08_189.jpg
51938,318,1,0,07_Shreck2.jpg
40424,318,1,0,04_Festae_pair_4.jpg
22012,2153,1,1,02_Brad\\'s2.jpg
14462,0,1,1,04_fish2.JPG
22522,1840,1,0,01_DSC00131[1].JPG
55351,2362,1,0,01_03-18-08_002.jpg
37727,4120,1,0,01_python2.jpg
64435,4304,1,1,4304____file_01_img_0046.jpg
17153,318,1,1,01_Jackie_&_Clown_King_picking.jpg
54092,5487,1,0,01_fishes_007.JPG
24655,2362,1,0,02_IMG_0411.JPG
44290,2958,1,1,03_pictures_061.jpg
35235,318,1,0,01_Mr_Firemouth.jpg
38760,318,1,0,01_Botias2.jpg
50498,2958,1,0,01_1_012.jpg
35024,2362,1,0,01_New_setup_set2_057.jpg
6584,0,1,1,01_convict.JPG
36317,318,1,0,01_Rainbow_shark_and_my_hand.jpg
45659,4120,1,0,01_cover.jpg
32514,2362,1,0,01_New_setup_set2_020.jpg
59373,5487,1,0,04_fish_030.JPG
17110,318,1,1,01_Jackie_&_Rediesh.jpg
41967,2362,1,0,01_11-15-07_002.jpg
33320,2362,1,0,01_Pictures_night_138.jpg
33456,3333,1,0,04_id.JPG
11063,0,1,1,01_&#50500;&#54532;&#47532;&#52884;_&#49884;&#53356;&#47000;&#46300;.JPG
46212,2958,1,0,01_xmas2_053.jpg
55755,5487,1,0,01_fishey_010.JPG
21285,1840,1,0,02_DSC00145[1].JPG
31743,2362,1,0,01_new_setup_001.jpg
49867,3333,1,0,01_fishes_024.JPG
45535,2958,1,0,01_xmas2_004.jpg
41113,318,1,0,01_Eating_green3.jpg
44936,2362,1,0,01_12-17-07_083.jpg
35021,2362,1,0,01_Pictures_night_191.jpg
33191,3333,1,0,01_hon.JPG
857,0,1,0,albums/tankgallery2/FishTank.jpg
24782,318,1,0,01_Pearsie3.jpg
27661,2339,1,0,01_IMG_1031[1].JPG
58537,5487,1,0,01_fishes_006.JPG
48877,318,1,0,02_JDs_pair.jpg
24564,2362,1,0,08_Picture_085.jpg
41989,318,1,0,01_Shreck__and__Alien.jpg
27157,318,1,0,01_Sev_med.jpg
17463,23,1,1,01_Winter.jpg
24367,318,1,0,01_Sev_eats_green.jpg
51353,2362,1,0,01_01-15-08_223.jpg
40932,3333,1,0,05_fronts.JPG
34708,3333,1,0,01_hred.JPG
28469,2339,1,0,01_IMG_1142[1].JPG
58076,5487,1,0,01_fish_113.JPG
46400,2958,1,0,01_xmas3_049.jpg
10057,0,1,0,01_Waht?.JPG
60195,5487,1,0,01_sunday_083.JPG
39321,2362,1,0,01_10-01-07_015.jpg
59807,5487,1,0,01_ffffff_107.JPG
45283,4120,1,0,01_serv2inch.jpg
1931,0,1,0,albums/user_gallery/Electric_Blue_Peacock_3.jpg
41487,4120,1,0,01_Frankie2.jpg
48878,318,1,0,01_Heros_female_small2.jpg
44332,2958,1,0,01_cali_013.jpg
25411,2664,1,1,03_my_first_tsnl;10_gallon.JPG
41956,2958,1,0,01_pictures_094.jpg
27500,2339,1,0,01_IMG_0980[1].JPG
47694,2362,1,0,01_01-15-08_188.jpg
3262,0,1,0,albums/malawi/Placidochromis_phenochilus.jpg
59770,2362,1,0,01_04-16-08_127.jpg
50290,3333,1,0,01_fish_052.JPG
8551,0,1,1,02_now_that\\'s_a_tank_cleaner!!!!.JPG
45649,4120,1,0,01_img_1913-1.jpg
60233,5487,1,0,01_sunday048.jpg
35085,2362,1,0,01_2007_Dunsmuir_Summer_Trip._138.jpg
37829,3333,1,0,20_fish_007.JPG
28194,318,1,0,01_Shreck_and_Fiona.jpg
58644,5487,1,0,06_fish_011.JPG
24568,2362,1,0,04_Picture_084.jpg
18822,318,1,0,01_New_beggining_Jan_15_2007_4.jpg
190472,23,1,0,user_pics/23/ff429609-01c8-45a6-9ddd-e83e737b7014_alex_portrait_q.jpg
41572,3333,1,0,01_mut.jpg
40142,318,1,0,01_Dominate_Meeki.jpg
22626,1840,1,0,02_DSC00143[1].JPG
35027,2362,1,0,02_New_setup_set2_062.jpg
40338,2362,1,0,01_10-17-07_013.jpg
44187,4120,1,0,01_peekabo.jpg
19881,1353,1,1,01_NilePerchNorthernKenya[1].jpg
22120,2219,1,1,04_145867d8d13a[1].jpg
49743,4120,1,0,01_james.jpg
9629,0,1,1,01_DSC_0022.JPG
39726,2362,1,0,01_10-01-07_064.jpg
48480,2362,1,0,01_01-15-08_049.jpg
46407,3333,1,0,01_os.JPG
37929,2362,1,0,01_09-24-07_034.jpg
5252,71,1,0,01_female_h.bimaculatus_07fb8ee592a5817103b9d240025d5603.jpg
35012,2362,1,0,01_2007_Dunsmuir_Summer_Trip._142.jpg
48519,318,1,0,11_Cuban.jpg
47425,4120,1,0,01_01-14-02.jpg
49189,3333,1,0,01_g.JPG
41214,2958,1,0,01_pictures_062.jpg
41955,2958,1,0,01_pictures_092.jpg
50779,318,1,0,01_Jd_Pair.jpg
58970,318,1,0,03_Rainbow_shark.jpg
8256,0,1,1,01_525.jpg
49062,318,1,0,01_JD__and__Conv_fight2.jpg
46887,2362,1,0,01_01-08-08_018.jpg
28751,1224,1,1,03_May_12_2007_Kilesa\\'s_spawning.JPG
44549,4120,1,0,01_pattysoscar.jpg
46595,3333,1,0,01_cubby.JPG
45440,3333,1,0,16_a.JPG
50496,2958,1,0,01_1_003.jpg
28264,318,1,0,01_Clown__and__Clown.jpg
49738,4120,1,0,01_02-01.jpg
23612,2362,1,0,03_IMG_0403.JPG
50705,2958,1,0,01_2_035.jpg
17108,318,1,0,01_Jackie__2_y_old.jpg
46031,4120,1,1,02_yellow1.jpg
42479,3333,1,0,01_fish_180.jpg
50105,2958,1,0,01_feb_022.jpg
1895,0,1,0,albums/user_gallery/Big_Red.jpg
23616,2362,1,0,04_IMG_0344.JPG
48642,318,1,0,01_Heros_female_small.jpg
59809,5487,1,0,01_ffffff_145.JPG
3405,0,1,0,albums/malawi/aul_maylandi.jpg
27484,0,1,0,01_IMG_0972[1].JPG
31089,318,1,0,01_Pearsei__and__Meeki.jpg
40579,2362,1,0,01_10-26-07_129.jpg
55333,2362,1,0,01_03-18-08_013.jpg
39838,2958,1,0,01_pictures_017.jpg
59670,2362,1,0,01_04-16-08_099.jpg
27479,0,1,0,01_IMG_0967[1].JPG
41995,4120,1,0,22_tank1.jpg
42012,2958,1,0,01_pictures2_009.jpg
11447,0,1,1,02_Fish_Pics_008.jpg
59887,5487,1,0,01_fish_067.JPG
32411,3333,1,0,02_IMG_0101.JPG
9792,0,1,0,01_01-04-06_2215[1].JPG
45516,4120,1,0,01_12-27-07.jpg
33754,318,1,0,01_Shreck_3.jpg
46691,2362,1,0,01_11-15-07_036.jpg
47457,3333,1,0,19_5.jpg
46067,2958,1,0,02_xmas2_002.jpg
33466,3333,1,0,05_babies.JPG
29116,2362,1,0,01_2_076.jpg
49886,2362,1,0,01_01-18-08_053.JPG
46260,2958,1,0,01_xmas3_017.jpg
48763,2958,1,0,01_newbies_and_males_008.jpg
43494,2362,1,0,01_12-03-07_027.jpg
49789,3333,1,0,01_salt_017.JPG
50111,2958,1,0,01_feb_023.jpg
42386,4120,1,0,01_inkfincloseup.jpg
32367,3333,1,0,01_afric.JPG
46320,2362,1,0,01_12-17-07_051.jpg
37687,318,1,0,01_Clown_and_JD.jpg
54276,5487,1,0,04_fish_008.JPG
45272,4120,1,0,03_blues.jpg
40497,3333,1,0,01_parrott.JPG
47697,2362,1,0,01_01-15-08_193.jpg
5828,0,1,1,01_tank2.JPG
42465,3333,1,0,08_front.jpg
50575,4120,1,0,01_IMG_3235.jpg
44289,2958,1,0,02_pictures_061.jpg
44952,2362,1,0,01_12-17-07_063.jpg
41601,4120,1,0,02_red2.jpg
39571,2958,1,0,15_Picture_066.jpg
47250,4120,1,0,01_01-11-08.jpg
37944,4120,1,0,01_frankie.jpg
59946,2362,1,0,01_Fish_imported_on_04-20-08605.JPG
35452,318,1,0,01_Pearsey.jpg
33578,3352,1,0,01_SANY0005.JPG
56414,5487,1,0,08_fish_001.JPG
12121,0,1,1,02_000_0244.jpg
30605,2362,1,0,01_3_006.jpg
32516,2362,1,0,01_New_setup_set2_029.jpg
33616,3333,1,0,05_IMG_0051.JPG
26309,1835,1,0,01_geophagus_steindachneri1[1].jpg
41992,318,1,0,01_Silver_Dollars.jpg
23441,318,1,0,01_Shreck_5_inch_2.jpg
54237,5487,1,0,01_sat_101.JPG
48639,318,1,0,02_Group_2.jpg
43261,3333,1,0,01_November_29th_013.jpg
3931,0,1,0,albums/african/BLUE.jpg
45765,2958,1,0,01_xmas2_039.jpg
37946,4120,1,0,01_pleco1.jpg
42394,2362,1,0,01_IMG_1949.jpg
49684,2362,1,0,01_01-31-08_007.JPG
5358,126,1,0,03_Jimmy\\'s_Tank2.JPG
52317,2362,1,0,01_01-08-08_134.jpg
46301,2958,1,0,01_xmas3_033.jpg
1250,0,1,0,albums/album22/Cichlid_002.jpg
30672,3187,1,0,03_IMG_0075.JPG
29341,2362,1,0,01_2_029.jpg
53263,5487,1,0,01_03_01_038.jpg
41236,2958,1,0,01_pictures_069.jpg
21079,1840,1,0,01_DSC00142[1].JPG
49218,318,1,0,01_Botia2_moving_rocks.jpg
45803,3333,1,0,01_Untitled-1.jpg
55791,5487,1,0,03_fish_026.JPG
44950,2362,1,0,01_12-03-07_104.jpg
23454,318,1,0,01_Uaru_2_inch.jpg
58440,2362,1,0,01_04-07-08_094.jpg
70551,7049,1,0,7049____file_01_colisalalia.jpg
46304,2958,1,0,01_xmas3_039.jpg
45843,2958,1,0,01_xmas2.jpg
51333,2362,1,0,01_01-29-08_014.jpg
54607,5487,1,0,01_v.JPG
43312,318,1,0,01_Brigada.jpg
49788,3333,1,0,01_salt_049.JPG
55737,318,1,0,07_JD_pair.jpg
46261,2958,1,0,01_xmas3_019.jpg
49005,2958,1,0,01_pictures2_018.jpg
38628,318,1,0,01_Heros_Santarem_male.jpg
50709,2958,1,0,01_2_040.jpg
27647,2339,1,0,01_IMG_1011[1].JPG
37761,4120,1,0,01_lemon1.jpg
54091,5487,1,0,01_fishes_011.JPG
45647,4120,1,0,01_img_1895-1.jpg
40361,2362,1,0,01_10-01-07_090.jpg
31092,318,1,0,01_Sevka__and__Firemouth_pair.jpg
2714,0,1,0,albums/american/fish_004.jpg
49868,3333,1,0,01_fishes.jpg
55443,5487,1,0,01_2344766130_ab1061b09b.jpg
44086,2362,1,0,13_Picture_023.jpg
53764,5487,1,0,01_fish_041.JPG
41957,4120,1,0,01_lg0002.jpg
59240,2362,1,0,01_04-16-08_064.jpg
24728,1840,1,0,02_DSC00159[1].JPG
58851,318,1,0,01_Waroo_vs_Meeki.jpg
55232,5487,1,0,01_b-_005.JPG
43821,4120,1,0,01_lginkfin.jpg
39998,318,1,0,01_Pearsei_fighting_both_Meeki.jpg
50104,2958,1,0,01_feb_020.jpg
32316,318,1,0,01_Cuban_and_his_mates2.jpg
50778,2958,1,0,01_2_050.jpg
22742,2322,1,1,01_Cita\\'s_Pics_002.jpg
27429,318,1,0,05_Shreck.jpg
34887,318,1,0,01_Convict__and__gang.jpg
48887,3333,1,0,01_3.JPG
17632,318,1,0,02_Festae_pair_4.jpg
51223,2362,1,0,01_Copy_of_01-15-08_125.jpg
58159,2362,1,0,01_04-07-08_104.jpg
17624,318,1,0,01_My_old_Red_Devil.jpg
45055,4120,1,0,01_Hongi-feeding.jpg
44949,2362,1,0,01_10-01-07_052.jpg
42095,3333,1,0,02_r.jpg
27641,2362,1,0,01_New_Fish_059.jpg
72,0,1,0,albums/tankgallery/DSCF0002.jpg
54089,5487,1,0,01_fishes_003.JPG
35836,2362,1,0,01_Pictures_night_001.jpg
51102,5271,1,0,02_ruby.jpg
34994,2362,1,0,01_2007_Dunsmuir_Summer_Trip._136.jpg
26250,318,1,0,01_big_sev_24fb6d5da53c5ecd483c50c4ecd4027d.jpg
42452,3333,1,0,01_1st.jpg
41604,4120,1,0,01_red4.jpg
53380,5487,1,0,03_fish_031.JPG
55741,318,1,0,01_Pearsei__and__Firemouth.jpg
24398,1835,1,1,01_P2_f_fea_sutton_payara1[1].jpg
56659,2362,1,0,01_03-26-08_088.jpg
38307,3333,1,0,01_grabage.JPG
45669,2958,1,0,01_xmas2_034.jpg
44711,2362,1,0,01_12-17-07_045.jpg
27251,318,1,0,01_Whole_Shrimp.jpg
43802,2362,1,0,01_09-24-07_019.jpg
44856,2362,1,0,01_12-03-07_140.jpg
8586,0,1,1,01_IMGP11443.JPG
53527,5487,1,0,5487____file_9999_01_fish_015.JPG
58850,318,1,0,05_Meeki.jpg
50124,2958,1,0,01_feb_014.jpg
59131,2362,1,0,01_TORR_AND_TISS.JPG
59860,5487,1,0,06_fish_013.JPG
32724,2362,1,0,01_New_setup_set2_019.jpg
27490,0,1,0,01_IMG_0974[1].JPG
25835,971,1,0,02_gtok4[1].jpg
58411,2362,1,0,01_04-07-08_095.jpg
46909,2362,1,0,02_12-17-07_050.jpg
38563,318,1,0,08_Pearsei.jpg
37465,2362,1,0,01_09-17-07_020.jpg
49205,318,1,0,01_JD_female.jpg
48047,4120,1,0,01_01-18-07jpg.jpg
58514,5487,1,0,01_fish_114.JPG
35975,2362,1,0,01_IMG_1829.jpg
30662,2362,1,0,01_3_042.jpg
40421,2362,1,0,01_10-26-07_035.jpg
49842,4120,1,0,01_01-02.jpg
37055,318,1,0,01_Red_fin_Botia.jpg
50701,2958,1,0,01_2_034.jpg
25020,2362,1,0,12_Picture_068.jpg
55358,2362,1,0,01_03-18-08_036.jpg
50372,4120,1,0,01_02-06-02.jpg
39852,4120,1,1,01_rock4.jpg
56936,318,1,0,01_Heros_PAIR.jpg
42357,4120,1,0,01_julie1.jpg
41725,4120,1,0,01_red7.jpg
56661,2362,1,0,01_03-26-08_073.jpg
33113,3333,1,0,01_mor.JPG
43102,2362,1,1,01_10-17-07_092.jpg
48080,3333,1,0,18_fish_017.JPG
45050,4120,1,0,01_closeup-sp35.jpg
38746,318,1,0,02_Botias.jpg
43052,2958,1,0,01_pictures3_004.jpg
59257,2362,1,0,01_04-16-08_142.jpg
23511,318,1,0,01_BAD_GUY2.jpg
52121,318,1,0,04_Festae_pair_2.jpg
36148,318,1,0,06_Cuban.jpg
44705,2362,1,0,01_12-17-07_108.jpg
190490,23,1,1,user_pics/23/6e06591f-f77e-45b4-a59f-aa0fbf6e6665_201803_267446bf47.jpg
30467,3187,1,0,06_oscar.JPG
37641,318,1,0,01_Rainbow_shark.jpg
22286,318,1,0,01_LargeClown.jpg
11753,715,1,1,02_my_fish_024.jpg
43817,3333,1,0,01_dec_006.jpg
45415,2958,1,0,01_xmas_013.jpg
59250,2362,1,0,01_04-16-08_153.jpg
50423,3333,1,0,01_fish_007.JPG
49101,3333,1,0,01_IMG_0673_014.jpg
46254,2958,1,0,02_xmas3_015.jpg
40175,2362,1,0,01_10-01-07_019.jpg
22739,0,1,1,01_Cita\\'s_Pics_003.jpg
39727,2362,1,0,01_10-01-07_065.jpg
23943,2362,1,0,02_IMG_0423.JPG
27889,318,1,0,01_Eating_greens3.jpg
45664,2958,1,0,01_xmas2_031.jpg
44706,318,1,0,01_Cenote_Manati__sea_.jpg
2508,0,1,0,albums/american/fish_002.jpg
541,0,1,0,albums/tankgallery2/tank.jpg
23455,318,1,0,01_Pearsei2.jpg
53770,5487,1,0,01_fish_042.JPG
51103,5271,1,0,01_100_2315.jpg
40816,2362,1,0,02_09-24-07_011.jpg
46344,318,1,0,06_10.jpg
56086,2362,1,0,01_03-18-08_029.jpg
9110,0,1,0,01_my_kirbensis\\'s.bmp
46778,2958,1,0,01_xmas3_062.jpg
29414,318,1,0,01_SevUarBotia.JPG
56380,2362,1,0,01_03-26-08_125.jpg
41043,2362,1,0,01_10-26-07_046.jpg
30232,3187,1,0,01_june8.jpg
53153,5487,1,0,01_fish_048.JPG
24949,318,1,0,01_Dempsey_female.jpg
56909,5487,1,0,02_fishey_065.JPG
25800,318,1,0,01_Move_complete_1.jpg
32910,2362,1,0,01_New_setup_set2_040.jpg
48646,3333,1,0,27_a.JPG
41485,4120,1,0,01_croc4.jpg
46625,4120,1,0,01_007-09-08.jpg
48438,2362,1,0,01_01-15-08_067.jpg
31139,3333,1,0,05_IMG_0015.JPG
38745,318,1,0,02_Red_Fin_Botia.jpg
44649,4120,1,0,01_smack.jpg
41951,2958,1,0,01_pictures_098.jpg
42300,4120,1,0,01_egitain.jpg
46237,318,1,0,01_Cuban3.jpg
14464,0,1,1,01_fish_3.JPG
30425,318,1,0,04_Wild_shot.jpg
9250,0,1,1,01_STA70237.JPG
33792,318,1,0,01_Uaru_3.jpg
46381,2362,1,0,01_10-26-07_122.jpg
25148,2362,1,0,01_IMG_0318.JPG
49628,4120,1,0,02_ad2.jpg
39320,2362,1,0,01_09-24-07_050.jpg
41426,3333,1,0,03_sev.JPG
26632,318,1,0,03_Pearsei.jpg
59259,2362,1,0,01_04-16-08_040.jpg
49883,2362,1,0,01_12-17-07_032.jpg
32627,2362,1,0,01_New_setup_set2_039.jpg
27250,318,1,0,04_Shreck.jpg
45441,4120,1,0,01_12-26-02.jpg
44714,318,1,0,01_Eden_Garden_2__JD_.jpg
58682,318,1,0,04_Uaru.jpg
44954,2362,1,0,01_12-17-07_067.jpg
8048,0,1,1,01_Fish_tank_2.jpg
31389,318,1,0,01_Cubanka.jpg
49148,2958,1,0,02_pictures_012.jpg
22285,318,1,0,01_convict_50d8635610a8007cdef848a2d831b48c.jpg
56684,5487,1,0,01_fidh_022.JPG
53813,2362,1,0,01_02-25-08_048.jpg
45805,3333,1,0,09_fish_046.JPG
41233,2958,1,0,01_pictures_064.jpg
31084,318,1,0,01_Big_Sev__and__Cuban.jpg
27158,318,1,0,01_Firemouth_and_Sev.jpg
27487,0,1,0,01_IMG_0973[1].JPG
39974,2958,1,0,01_pictures_022.jpg
38487,318,1,0,01_JD_male.jpg
45447,2958,1,0,01_xmas_026.jpg
141385,10741,0,1,user_pics/10741/img_02_3c8000d1b5.jpg
39607,318,1,0,01_Pearsei2!.jpg
42067,2362,1,0,01_10-26-07_010.jpg
57003,5487,1,0,03_fish_052.JPG
55728,5487,1,0,01_fish_018.JPG
45045,318,1,0,02_Heros_Efasciatus.jpg
22280,318,1,1,01_Silver_Dollar_$_Sev.jpg
46239,318,1,0,07_SHRECK2.jpg
37683,318,1,0,01_Midium_Efasciatus.jpg
50689,2958,1,0,02_2_001.jpg
58074,5487,1,0,01_fish_106.JPG
38399,2362,1,0,01_10-01-07_009.jpg
25245,0,1,1,01_jody\\'s_photo\\'s_008.jpg
43953,4120,1,0,01_cruising.jpg
56283,5487,1,0,02_fish_064.JPG
32312,318,1,0,01_Shreck__and__Fiona.jpg
42322,4120,1,0,01_lemon05.jpg
17537,1622,1,0,01_005_30b16d7c21faa0cff6c353bfaabcb8a5.jpg
46328,2958,1,0,01_xmas3_045.jpg
51496,318,1,0,01_Group.jpg
49674,2362,1,0,01_01-31-08_038.JPG
45660,2958,1,0,01_xmas2_015.jpg
23345,1840,1,0,05_DSC00146[1].JPG
40346,2958,1,0,01_pictures_036.jpg
46249,2958,1,0,01_xmas3_004.jpg
42827,318,1,0,01_Waroo.jpg
43728,2362,1,0,01_12-03-07_077.jpg
42018,2958,1,0,01_pictures2_010.jpg
17633,318,1,0,01_Festae_pair_5.jpg
53013,5487,1,0,01_2285560127_76defa954d_b.jpg
25892,318,1,0,01_Fiona2.jpg
36067,2362,1,1,01_IMG_2013.jpg
30231,318,1,0,01_Shreck_and_Barbs.jpg
37947,4120,1,0,01_vic1.jpg
29506,318,1,0,01_Botias_blue.JPG
59129,2362,1,0,01_04-16-08_078.jpg
44226,2362,1,0,02_10-17-07_020.jpg
36113,318,1,0,01_Shreck__and__Firemouth.jpg
20516,318,1,0,01_firemouth_2adad07d77e7e8c4c44c1aca2e44f643.jpg
35557,2362,1,0,01_new_guys_024.jpg
22952,1840,1,0,04_DSC00146[1].JPG
17653,1637,1,0,01_Image000[1].JPG
38964,2958,1,0,17_Picture_028.jpg
7286,230,1,1,01_Fishie_002.jpg
41215,2958,1,0,01_pictures_059.jpg
39842,2958,1,0,01_pictures_020.jpg
37155,3333,1,0,05_fh.JPG
57935,2362,1,0,01_04-07-08_101.jpg
10265,588,1,1,01_P1010005.jpg
70552,7049,1,0,7049____file_01_chromis.jpg
39862,318,1,0,02_Shreck3.jpg
41288,318,1,0,01_VVV.jpg
48085,3333,1,0,01_tail.JPG
53771,5487,1,0,02_fish_052.JPG
46791,2362,1,0,01_01-08-08_116.jpg
14560,0,1,1,01_My_pics_0229.JPG
6986,0,1,1,01_rotn&#337;_(kicsi).JPG
52183,2362,1,0,01_01-15-08_209.jpg
33795,318,1,0,01_Uaru_and_Silvie.jpg
21616,1840,1,0,01_DSC00162[1].JPG
37688,318,1,0,08_wild_shot.jpg
41948,2958,1,0,01_pictures_091.jpg
41138,2958,1,0,01_pictures_050.jpg
23425,318,1,0,01_Opaline_Gourami_4_inch.jpg
33902,318,1,0,01_we_love_greens2.jpg
22133,318,1,0,01_young_gang.jpg
20069,318,1,0,01_Little_Jackie2.jpg
17479,318,1,0,03_the_team_2.jpg
598,0,1,0,albums/tankgallery2/tank_001.jpg
22982,2362,1,0,08_Picture_063.jpg
1583,0,1,0,albums/album22/cichlid_002.jpg
27659,2339,1,0,01_IMG_1024[1].JPG
41585,3333,1,0,01_b_and_p.jpg
57433,5487,1,0,02_fish_046.JPG
6560,0,1,1,01_mixed_foto\\'s_022.jpg
25368,318,1,0,01_My_old_Trimac.jpg
14327,0,1,1,05_Matt\\'s_Pictures_534.jpg
53580,5487,1,0,03_3.JPG
17481,318,1,0,01_the_team_6.jpg
51068,5271,1,0,01_100_2118.jpg
47340,4120,1,0,01_1-13-01.jpg
36068,2362,1,1,01_IMG_2014.jpg
40639,2362,1,0,01_10-26-07_111.jpg
46920,4120,1,0,01_1-10-02.jpg
47447,3333,1,0,05_baby.jpg
33723,2362,1,0,01_Pictures_night_058.jpg
57001,5487,1,0,02_fish_103.JPG
46233,4120,1,0,01_01-03-01.jpg
54268,5487,1,0,01_sat_053.JPG
30625,318,1,0,01_Cuban_or_Cubanka2.jpg
48796,2958,1,0,01_30_gal._013.jpg
16227,0,1,1,01_CIMG0211.JPG
49380,318,1,0,01_Silvie_and_others.jpg
42068,2362,1,0,01_10-26-07_012.jpg
41136,2958,1,0,01_pictures_048.jpg
18325,0,1,0,01_Photoshop_Album_Starter_Edition.exe
9948,318,1,0,01_Just_a_begining61.jpg
50774,3333,1,0,02_fish_036.JPG
11878,318,1,0,01_Clown_the_King.jpg
45044,318,1,0,01_Bathromm_reading.jpg
59245,2362,1,0,01_04-16-08_132.jpg
5307,0,1,1,02_Ben\\'s_fish_named_Oscar.rtf
44409,2362,1,0,01_12-03-07_064.jpg
44707,318,1,0,01_Cenote_Manati_2__sea_.jpg
41194,4120,1,0,01_lemon2.jpg
28318,1835,1,0,01_34859619._MG_2634m[1].jpg
44940,2362,1,0,01_10-26-07_113.jpg
46838,4120,1,0,01_1-10-01.jpg
1879,0,1,0,albums/user_gallery/fish_006.jpg
27673,318,1,0,04_Pearsei.jpg
21690,971,1,0,01_jackyky4[1].jpg
29550,318,1,0,02_Meeki.jpg
49678,2362,1,0,01_01-29-08_002.jpg
39836,2362,1,0,01_10-01-07_103.jpg
37757,318,1,0,01_Food.jpg
39285,2958,1,0,14_Picture_040.jpg
42996,2362,1,0,02_10-26-07_085.jpg
42359,4120,1,0,01_icebass.jpg
39942,2362,1,0,01_10-17-07_057.jpg
13687,0,1,1,01_Terry\\'s_Tank_1.JPG
35026,2362,1,0,01_New_setup_set2_061.jpg
13433,0,1,1,01_3475%3B7%3B98%7Ffp344%3Enu%3D326%3A%3E7%3B8%3E%3B77%3EWSNRCG%3D323362949663%3Anu0mrj[1].jpg
46267,2958,1,0,01_xmas3_023.jpg
11869,318,1,1,03_the_team.jpg
42486,3333,1,0,01_h.jpg
54768,5487,1,0,01_03_12_092.jpg
58310,2362,1,0,01_04-07-08_115.jpg
12542,0,1,1,02_O\\'s_fish_010.jpg
51057,5271,1,0,01_100_0127.JPG
26019,2667,1,1,16_jonnie\\'s_tank_pics_002.jpg
39572,2958,1,1,16_Picture_066.jpg
46139,3333,1,0,01_zz.JPG
26997,2339,1,0,01_IMG_0935[1].JPG
22523,1840,1,0,02_DSC00141[1].JPG
49052,318,1,0,03_Pearsei3.jpg
29406,318,1,0,01_Big_Meeki__and__orange_fin_botia.jpg
46603,4120,1,0,01_elitecichlids2.jpg
26258,318,1,0,01_Diet.jpg
43225,2362,1,0,01_10-26-07_068.jpg
30590,2362,1,0,01_3_012.jpg
27601,2339,1,0,01_IMG_0991[1].JPG
14118,952,1,1,01_xerdar\\'s.jpg
11414,0,1,1,01_fish_tank_036.jpg
59135,2362,1,0,01_04-16-08_138.jpg
25248,2653,1,1,04_jody\\'s_photo\\'s_008.jpg
37381,2362,1,0,02_09-17-07_006.jpg
50681,2958,1,0,04_2_008.jpg
37763,318,1,0,01_Efasciatus_male__and__Convict_female.jpg
13976,919,1,1,01_fishies_083.jpg
24397,2362,1,0,02_IMG_0346.JPG
42057,2362,1,0,01_10-26-07_005.jpg
49769,4120,1,0,01_02-04jpg.jpg
36063,2362,1,0,01_IMG_2011.jpg
58561,318,1,0,08_Cuban2.jpg
41703,3333,1,0,12_a.JPG
40582,2362,1,0,01_10-26-07_081.jpg
33772,2362,1,0,01_Pictures_night_123.jpg
50793,2958,1,0,01_2_051.jpg
44937,2362,1,0,01_12-17-07_085.jpg
39068,2958,1,0,10_Picture_036.jpg
55112,5487,1,0,01_03_16_051.jpg
49438,2958,1,1,03_images.jpg
45279,4120,1,0,01_ebjd-1.jpg
56974,2362,1,0,01_03-26-08_091.jpg
41727,4120,1,0,01_red6.jpg
51508,318,1,0,01_Odessa_barb.jpg
46630,4120,1,0,01_007-11-08.jpg
57963,2362,1,0,01_04-07-08_167.jpg
59824,5487,1,0,01_ffffff064.jpg
55867,318,1,0,03_Heros_male2.jpg
55439,5487,1,0,02_tue_006.JPG
49183,4120,1,0,01_lemoncloseup1.jpg
58351,318,1,0,01_What_buckets.jpg
17873,1642,1,1,01_Peyton\\'s_Aquarium_010.jpg
41997,4120,1,0,21_tank2.jpg
48102,2362,1,0,01_01-18-08_187.JPG
46296,2958,1,0,01_xmas3_035.jpg
58336,5487,1,0,02_fish_006.JPG
50293,2958,1,0,01_feb_027.jpg
50679,2958,1,0,03_2_002.jpg
6514,0,1,1,03_PICT0003.JPG
17626,318,1,0,01_Loiselie.jpg
50373,4120,1,0,01_02-06-01.jpg
20068,318,1,0,01_small_Jack2.jpg
37052,318,1,0,05_Shreck2.jpg
56373,2362,1,0,01_03-26-08_099.jpg
28050,2339,1,0,01_IMG_1101[1].JPG
48764,2958,1,0,01_newbies_and_males_009.jpg
49819,3333,1,0,01_baby_006.JPG
27470,2362,1,0,01_New_Fish_012.jpg
58409,2362,1,0,01_04-07-08_022.jpg
21083,1840,1,0,01_DSC00146[1].JPG
50925,2958,1,0,01_4_012.jpg
46372,2362,1,0,01_12-03-07_108.jpg
59775,2362,1,0,01_04-16-08_152.jpg
190492,23,1,1,user_pics/23/1724e7bb-5de1-4737-aad6-9e19eaa3c3c1_201803_267446bf47.jpg
48110,2362,1,0,01_01-18-08_025.JPG
58335,5487,1,0,01_fish_058.JPG
45539,2958,1,0,01_xmas2_011.jpg
12556,0,1,1,01_CIMG3349.JPG
6389,0,1,1,01_PICT0003.jpg
50333,2958,1,0,01_feb_041.jpg
57625,5487,1,0,01_saturday_036.JPG
33533,2362,1,0,01_P4280258.JPG
36077,318,1,0,01_Cichlid_tankmates.jpg
50341,2958,1,0,01_feb_039.jpg
27253,318,1,0,01_Preditor.jpg
53790,5487,1,0,01_fish_071.JPG
40079,318,1,0,03_Clown.jpg
47796,2362,1,1,09_024.JPG
4982,0,1,1,04_em\\'s_first_pictures_010.jpg
45861,4120,1,0,01_happynewyear.jpg
19664,1353,1,0,01_toronto[1].jpg
50792,2958,1,0,02_2_057.jpg
43000,2362,1,0,01_11-15-07_008.jpg
11446,0,1,1,01_Fish_Pics_008.jpg
8823,290,1,0,01_red_top_zebra_and_??.JPG
27678,318,1,0,02_Pearsei3.jpg
41355,4120,1,0,01_croc2.jpg
38965,2958,1,0,15_Picture_026.jpg
22627,1840,1,0,03_DSC00142[1].JPG
6602,0,1,1,02_what\\'s_this.JPG
49075,3333,1,0,01_fish_001.JPG
23262,2362,1,0,01_IMG_0449.JPG
42077,4120,1,1,01_dominat.jpg
35020,2362,1,0,04_New_setup_set2_064.jpg
11012,0,1,1,01_000_0011[1]
33508,2362,1,0,01_Pictures_night_032.jpg
40194,2362,1,0,02_IMG_1923.jpg
57909,2362,1,0,01_04-07-08_149.jpg
48881,2958,1,0,01_big_tank_004.jpg
50675,2958,1,0,01_2_018.jpg
22018,2153,1,1,03_Brad\\'s2.jpg
35354,2362,1,0,01_new_guys_035.jpg
27834,2362,1,0,01_2_012.jpg
36064,2362,1,1,01_IMG_2015.jpg
41998,4120,1,0,01_jewel9jpg.jpg
11489,0,1,0,01_717278119_m[1].jpg
50692,2958,1,0,02_2_012.jpg
38189,2362,1,0,01_IMG_2016.jpg
50677,2958,1,0,01_2_017.jpg
40284,2958,1,0,01_pictures_025.jpg
17480,318,1,0,01_the_team_4.jpg
43474,2362,1,0,01_12-03-07_129.jpg
57914,2362,1,0,01_04-07-08_074.jpg
21327,318,1,0,01_wild_shot4.jpg
42083,318,1,0,01_Convict__and__barb.jpg
39165,2362,1,0,01_09-24-07_030.jpg
3135,0,1,0,albums/malawi/P2100116.jpg
36284,2362,1,0,01_Memorial_weekend_pictures_2007_026.jpg
53264,5487,1,0,01_03_01_025.jpg
56016,5487,1,0,01_2008_03_23_Fish_077.jpg
56679,318,1,0,01_All_Heros.jpg
58429,2362,1,0,01_04-07-08_050.jpg
12087,0,1,1,01_IMGP0687.JPG
37450,2362,1,0,01_09-17-07_012.jpg
53528,5487,1,0,02_fish_009.JPG
49675,2362,1,0,01_01-29-08_017.jpg
10260,588,1,1,01_P1010004.jpg
76917,7556,0,1,user_pics/7556/orihim_3e8aec7964.jpg
31093,318,1,0,01_Sev__and__Shreck.jpg
55598,5487,1,0,03_fish_010.JPG
54413,5487,1,0,01_sunday_005.JPG
29413,318,1,0,02_Sev_Female.JPG
46606,4120,1,0,01_004-07-08.jpg
15459,318,1,0,01_My_Jakie2.jpg
33162,2362,1,0,01_2_048.jpg
22984,2362,1,0,25_Picture_010.jpg
41695,2362,1,0,01_10-01-07_040.jpg
50918,2958,1,0,01_4_010.jpg
7186,0,1,1,01_new_tank_pic.JPG
28065,318,1,0,01_Sev_and_Pearsei.jpg
59694,5487,1,0,04_fish_018.JPG
15457,318,1,0,01_2_kings.jpg
190493,23,1,1,user_pics/23/150f5955-863a-4584-b1da-38dda2fd603d_201803_267446bf47.jpg
46010,3333,1,0,04_baby.jpg
48766,2958,1,0,01_newbies_and_males_014.jpg
59777,2362,1,0,01_04-21-08_013.jpg
11013,0,1,1,02_000_0011[1]
43950,4120,1,0,01_face.jpg
43491,2362,1,0,01_12-03-07_100.jpg
22740,2322,1,1,01_Cita\\'s_Pics_001.jpg
48644,318,1,0,01_Group_1.jpg
22625,1840,1,0,02_DSC00149[1].JPG
48145,3333,1,0,01_fishes_162.JPG
27890,318,1,0,01_Small_Uaru.jpg
42032,2362,1,0,01_11-15-07_005.jpg
60119,5487,1,0,01_2008_04_26_088_-_Copy.jpg
30234,318,1,0,03_Wild_shot.jpg
46792,2958,1,0,01_xmas3.jpg
50807,2958,1,0,01_3_005.jpg
41472,4120,1,0,01_inkfin14.jpg
51066,5271,1,0,01_flash.jpg
28479,318,1,0,01_both_botias.jpg
13443,0,1,1,01_DSC01924.JPG
50707,2958,1,0,01_2_038.jpg
40550,3333,1,0,41_1.jpg
28837,1835,1,0,01_microgeophagus_ramirezi_20031209012119[1].jpg
53706,5487,1,0,03_fish_037.JPG
5214,71,1,1,01_not_me_fisch_;).jpg
46973,2958,1,0,01_xmas3_079.jpg
46210,2958,1,0,01_xmas2_051.jpg
22134,318,1,0,01_Arulius_and_Jack.jpg
40691,2362,1,0,02_10-01-07_090.jpg
43056,2958,1,0,01_pictures3_006.jpg
53901,2362,1,0,01_02-25-08_032.jpg
45058,318,1,0,01_Crew.jpg
48259,3333,1,0,01_skip.JPG
44102,2362,1,0,01_Feb_27th_Snowstorm_004.jpg
55271,5487,1,0,01_fishes_071.JPG
50493,2958,1,0,01_1_005.jpg
39803,2958,1,0,03_pictures_007.jpg
41186,4120,1,0,01_jdeb1.jpg
56056,5487,1,0,01_2349142244_e100e7710e.jpg
15843,1353,1,1,01_DSC05947.JPG
50855,2958,1,1,01_3_010.jpg
7846,0,1,1,03_Killer\\'s_good_one.JPG
26014,2667,1,1,13_jonnie\\'s_tank_pics_002.jpg
46236,4120,1,0,01_01-03-03.jpg
38710,4120,1,0,01_croc3.jpg
49664,3333,1,0,01_fish_306.JPG
48647,318,1,0,03_Uaru.jpg
37713,2362,1,0,01_09-17-07_027.jpg
41773,2362,1,0,01_10-26-07_155.jpg
21325,318,1,0,01_cool_shot.jpg
32931,2362,1,0,01_New_setup_set2_066.jpg
27931,2339,1,0,01_IMG_1037[1].JPG
53902,2362,1,0,01_01-15-08_144.jpg
44713,2362,1,0,01_12-17-07_035.jpg
41974,2362,1,0,01_11-15-07_041.jpg
2415,0,1,0,albums/american/reddevil.jpg
35232,318,1,0,07_wild_shot.jpg
50339,2958,1,0,01_feb_033.jpg
30624,318,1,0,01_Pcheli3.jpg
37382,2362,1,0,01_09-17-07_010.jpg
46265,2958,1,0,01_xmas3_021.jpg
51268,5271,1,0,02_100_2344.jpg
23621,2362,1,0,01_IMG_0337.JPG
56525,318,1,0,01_Pearsei__and__Cuban.jpg
54693,5487,1,0,01_fishes_014.JPG
54443,5487,1,0,02_fish_026.JPG
43862,3333,1,0,14_a.jpg
16328,1061,1,1,01_HPIM0901.JPG
36539,2362,1,0,01_IMG_1765.jpg
6820,0,1,1,01_PICT0004a.JPG
44145,4120,1,0,02_ma6.jpg
36393,318,1,0,01_Firemouth_pair.jpg
37940,2362,1,0,01_09-24-07_011.jpg
40557,4120,1,0,01_mixed_copy.jpg
56026,5487,1,0,01_2008_03_23_Fish_062.jpg
53218,5487,1,0,01_03_01_029.jpg
41234,2958,1,0,01_pictures_071.jpg
57929,2362,1,0,01_04-07-08_061.jpg
53305,318,1,0,02_Convict_female.jpg
27506,2339,1,0,01_IMG_0965[1].JPG
38971,2958,1,0,18_Picture_022.jpg
50777,318,1,0,01_Botia.jpg
48233,3333,1,0,04_parrots.jpg
48861,318,1,0,04_Meeki_male.jpg
32521,2362,1,0,01_New_setup_set2_052.jpg
24030,2362,1,0,01_img_0391_62cabcb349fdc8b0c654410a3b7abaa4.jpg
36721,3352,1,0,01_SANY0013.jpg
40419,2362,1,0,01_10-26-07_034.jpg
58353,318,1,0,01_Dovi_cover.jpg
1465,0,1,0,albums/album22/Peacock_001.jpg
54060,2362,1,0,01_01-15-08_166.jpg
41285,318,1,0,02_Pearsei!.jpg
25409,2664,1,1,02_my_first_tsnl;10_gallon.JPG
28982,2362,1,0,01_2_046.jpg
42828,3333,1,0,33_2.jpg
39705,2362,1,0,01_10-17-07_039.jpg
43316,318,1,0,01_8_inch_Heros_Efasciatus__male_.jpg
45538,2958,1,0,01_xmas2_013.jpg
44700,2362,1,0,01_12-17-07_107.jpg
11250,0,1,1,01_100_0303.JPG
23579,23,1,1,02_keinbild.txt
45076,318,1,0,16_sHRECK.jpg
17109,318,1,1,02_Jackie_&_Clown.jpg
21326,318,1,0,01_wild_shot_!!.jpg
49080,3333,1,0,02_a.JPG
46717,3333,1,0,01_fromts.JPG
45087,318,1,0,05_Cuban2.jpg
48645,318,1,0,01_Heros_male_large.jpg
42336,3333,1,0,01_pout.JPG
46334,2362,1,0,01_12-17-07_050.jpg
40933,3333,1,0,01_Untitled-2.jpg
41973,2362,1,0,01_11-15-07_016.jpg
2892,0,1,0,albums/frontosa/frontosa.jpg
41245,2958,1,0,01_Labidochromis_caeruleus.jpg
9743,0,1,0,01_fish_009[1].jpg
44709,2362,1,0,01_12-17-07_031.jpg
41532,3333,1,0,11_a.JPG
190469,23,1,0,user_pics/23/1e8ad2e3-2a82-4721-8d29-ffd5260710b8_alex_portrait.jpg
53214,5487,1,0,01_hrp.jpg
49025,3333,1,0,06_Untitled-1.jpg
36318,318,1,0,01_Rainbow_shark_and_my_hand3!!!!.jpg
39082,2362,1,0,01_09-17-07_023.jpg
39679,318,1,0,01_Cubanka!.jpg
25805,318,1,0,01_First_courtship.jpg
29117,2362,1,0,01_2_063.jpg
55743,5487,1,0,01_fish_072.JPG
23427,318,1,0,01_Shreck_5_inch.jpg
31718,2362,1,0,01_3_014.jpg
45786,3333,1,0,54_1.JPG
29231,318,1,0,01_143_4340.JPG
39070,2958,1,0,16_Picture_035.jpg
45879,3333,1,0,01_IMG_2471_001.jpg
44231,3333,1,0,08_c.jpg
39183,2362,1,0,01_09-24-07_067.jpg
23954,318,1,0,01_Bes_Pal_Uro.jpg
13688,0,1,0,01_JackDempsey[1].JPG
30233,318,1,0,02_Shreck_and_Sev.jpg
44224,4120,1,0,01_sawallpaper_copy.jpg
50997,318,1,0,02_Mix1998_2.jpg
56692,5487,1,0,07_fish_008.JPG
48940,4120,1,0,01_img_2636.jpg
43309,4120,1,0,01_jewelf1.jpg
42011,2958,1,0,01_pictures_101.jpg
49752,318,1,0,01_Red_Tail__Shark__not_Rainbow_.jpg
6891,0,1,1,01_rotn&#337;.JPG
23509,318,1,0,01_BAD_GUY.jpg
57907,2362,1,0,01_04-07-08_189.jpg
27933,2339,1,0,01_IMG_1046[1].JPG
50244,4120,1,0,01_wild100.jpg
42372,2362,1,0,01_10-26-07_112.jpg
36070,2362,1,0,02_IMG_1767.jpg
27238,318,1,0,01_Banda2.jpg
37274,3333,1,0,02_fish_099.JPG
50179,2362,1,0,01_01-18-08_238.JPG
19423,318,1,0,01_Jakie4.jpg
51898,2362,1,0,01_01-29-08_044.jpg
45433,4120,1,0,01_hand_feed.jpg
7198,0,1,1,01_boofhead640.jpg
58563,318,1,0,02_Cuban3.jpg
48074,3333,1,0,02_af.jpg
2715,0,1,0,albums/american/marble_angel.jpg
19421,318,1,0,01_Convict_boss.jpg
52343,2362,1,0,01_01-08-08_012.jpg
30046,2362,1,0,01_2_057.jpg
58680,318,1,0,01_Efasciatus_male_best2.jpg
20524,318,1,0,01_wild_shot_3.jpg
41284,318,1,0,04_Cuban2.jpg
54978,5487,1,0,04_fish_011.JPG
9796,0,1,1,02_03-17-06_2046[1].JPG
50858,2958,1,0,01_3_009.jpg
44824,3333,1,0,09_b.JPG
40287,2958,1,0,01_pictures_029.jpg
33410,318,1,0,01_01_Botias_blue.jpg
35011,2362,1,0,01_2007_Dunsmuir_Summer_Trip._133.jpg
50495,2958,1,0,01_1_007.jpg
41290,318,1,0,01_Convicts_staya.jpg
8271,411,1,1,01_CAMEDIA_Master.exe
47343,4120,1,0,01_1-13-04.jpg
27941,2339,1,0,01_IMG_1072[1].JPG
38540,2362,1,0,01_10-01-07_032.jpg
59174,5487,1,0,01_2008_04_15_086.jpg
42997,4120,1,0,01_moba_copy.jpg
40937,3333,1,0,10_a.JPG
36394,318,1,0,01_Firemouth_flares.jpg
21328,318,1,0,01_good_shot.jpg
2608,0,1,0,albums/american/firemouth.jpg
51089,5271,1,0,01_106_3839.jpg
45518,4120,1,0,01_12-27-07-3.jpg
30622,318,1,0,01_silver_dollars_all.jpg
46948,3333,1,0,07_sev.JPG
50123,2958,1,0,01_feb_011.jpg
46094,4120,1,0,01_jewelmale3-02-08.jpg
28789,318,1,0,01_WILD_SHOT.jpg
17350,318,1,1,05_Jackie_&_Clown.jpg
44849,2362,1,0,01_12-17-07_105.jpg
40601,4120,1,0,02_Barb1.jpg
49057,318,1,0,01_JD__and__Conv_fight.jpg
44963,4120,1,0,01_hongi0001.jpg
36053,2362,1,0,01_IMG_1999.jpg
51265,5271,1,0,01_100_2352.jpg
52239,2362,1,0,01_12-03-07_145.jpg
49837,318,1,0,05_JD_pair.jpg
28263,318,1,0,01_Sevs__and__Clown.jpg
42365,2362,1,0,01_10-17-07_010.jpg
59164,318,1,1,01_100_0046.JPG
45079,318,1,0,01_Red_Tail_Shark.jpg
46342,318,1,0,17_5.jpg
17631,318,1,0,02_Festae_pair_3.jpg
58355,318,1,0,05_Heros_male.jpg
53151,5487,1,0,01_fish_043.JPG
20059,1840,1,0,02_DSC00121[1].JPG
25680,318,1,0,01_Uaru_hallo2.jpg
48759,2958,1,0,01_newbies_and_males_005.jpg
6563,0,1,1,02_joels_foto\\'s_053.jpg
37268,3333,1,0,01_pea.JPG
24654,2362,1,1,01_IMG_0411.JPG
47125,3333,1,0,01_IMG_5629.JPG
48028,2362,1,0,01_01-15-08_125.jpg
14328,1010,1,1,01_Matt\\'s_Pictures_021.jpg
56581,318,1,0,03_JD_pair2.jpg
49624,4120,1,0,01_ad5.jpg
59686,2362,1,0,01_04-21-08_039.jpg
57121,5487,1,0,04_fish_015.JPG
8609,0,1,1,01_DSCF0917.JPG
50738,3333,1,0,01_baby_041.JPG
53333,5487,1,0,03_fish_025.JPG
12314,0,1,1,"03_2006-06-12\\"""
58384,5487,1,0,01_fish_028.JPG
39034,2958,1,0,18_Picture_030.jpg
56411,5487,1,0,01_fisf_029.JPG
24944,318,1,0,01_Convicts_and_Cloan_loach2.jpg
13990,945,1,1,01_Matt\\'s_Pictures_055.jpg
51106,5271,1,0,01_100_2314.jpg
43014,4120,1,0,01_python_copy.jpg
42059,4120,1,0,01_perfectcroc1.jpg
20364,318,1,0,01_4!.jpg
24353,318,1,0,01_Funny_pic.jpg
39996,318,1,0,10_Pearsei.jpg
23439,318,1,0,02_Severum.jpg
41794,3333,1,0,11_fish_044.JPG
8892,0,1,0,01_chlids_003.jpg
46829,3333,1,0,01_bjack.jpg
41103,318,1,0,01_Nemo_vs_Cuban.jpg
48778,2958,1,0,01_newbies_and_males_017.jpg
34888,318,1,0,01_Cuban__and__Santarem.jpg
21668,318,1,0,01_!!.jpg
43283,3333,1,0,01_mom_and_Dad.jpg
11173,670,1,0,01_bloods_&_Jelly\\'s.jpg
22325,318,1,0,01_vse.jpg
50346,2958,1,0,01_feb_042.jpg
47614,3333,1,0,25_a.JPG
11879,318,1,0,02_the_team_2.jpg
45273,4120,1,0,01_relaxed.jpg
49514,318,1,0,01_Looking_for_food.jpg
48884,3333,1,0,01_a.JPG
46847,3333,1,0,01_IMG_5257.JPG
3204,0,1,0,albums/malawi/Placidochromis_Phenochilus.jpg
50920,2958,1,0,01_4_011.jpg
37380,2362,1,0,01_09-17-07_007.jpg
6909,0,1,1,01_My_Tank.JPG
25812,318,1,0,01_Male_FM.jpg
47001,2362,1,0,01_01-08-08_113.jpg
19153,1840,1,0,01_DSC00121[1].JPG
38471,2362,1,0,01_10-01-07_074.jpg
53714,5487,1,0,03_fish_002.JPG
60232,5487,1,0,01_fishes032.jpg
57856,5487,1,0,04_fish_003.JPG
30952,2958,1,0,11_fish_018.jpg
38379,2362,1,0,01_10-01-07_063.jpg
60168,5487,1,0,04_fish_025.JPG
48068,318,1,0,06_Cuban2.jpg
39713,2362,1,0,01_10-17-07_071.jpg
31649,2362,1,0,36_Picture_003.jpg
41949,2958,1,0,01_pictures_090.jpg
22281,318,1,0,01_Silver_Dollar__Sev.jpg
49683,2362,1,0,01_01-31-08_013.JPG
23512,318,1,0,01_BAD_GUY3.jpg
28363,318,1,0,01_Fiona_the_princess.jpg
29510,318,1,0,01_Pearsei_and_Meeki.jpg
49658,3333,1,0,07_a.JPG
44423,2362,1,0,01_12-03-07_110.jpg
20060,1840,1,0,02_DSC00123[1].JPG
40420,4120,1,0,03_lemoninternet.jpg
36150,318,1,0,01_Cuban4!.jpg
55340,2362,1,0,02_02-25-08_056.jpg
44188,4120,1,0,01_ticked.jpg
12312,0,1,1,"01_2006-06-12\\"""
45408,2958,1,0,01_xmas_001.jpg
59910,5487,1,0,01_fish078-1.jpg
42478,2362,1,0,01_11-15-07_033.jpg
37934,2362,1,0,01_09-24-07_095.jpg
54067,5487,1,0,03_fish_009.JPG
40489,2958,1,0,02_pictures_013.jpg
57432,5487,1,0,01_fish_163.JPG
30068,318,1,0,01_Shreck3.jpg
27514,2362,1,0,01_New_Fish_042.jpg
34777,318,1,0,01_JD!.jpg
44703,318,1,0,01_Other_side_of_Cenote_Manati__sea_.jpg
47232,2958,1,1,01_xmas3_087.jpg
41235,2958,1,0,01_pictures_073.jpg
58978,318,1,0,01_Clown_and_Heros3.jpg
3955,0,1,0,albums/african/blue.jpg
30948,2958,1,0,10_fish_011.jpg
33374,1622,1,0,01_IMG_6103.jpg
40925,3333,1,0,09_fish_032.JPG
36302,2362,1,0,01_Memorial_weekend_pictures_2007_022.jpg
40709,2362,1,0,01_10-01-07_071.jpg
41899,2362,1,0,01_10-01-07_096.jpg
45532,4120,1,0,01_12-27-07-9.jpg
27654,2362,1,0,01_New_Fish_051.jpg
33236,2362,1,0,01_Pictures_night_009.jpg
46952,3333,1,0,03_90.JPG
37758,4120,1,0,01_crocpair.jpg
50891,2362,1,0,01_IMG_4721.JPG
42626,318,1,0,01_Shreck_close_up.jpg
50706,2958,1,0,01_2_036.jpg
46776,2958,1,0,01_xmas3_060.jpg
27915,2362,1,0,01_2_033.jpg
59757,2362,1,0,01_04-16-08_069.jpg
57091,2362,1,0,01_03-26-08_078.jpg
44732,4120,1,0,23_tank1.jpg
53262,5487,1,0,01_03_01_068.jpg
27936,2339,1,0,01_IMG_1057[1].JPG
40425,318,1,0,03_Festae_pair.jpg
42257,2362,1,0,02_09-24-07_103.jpg
57426,2362,1,0,01_03-18-08_042.jpg
41987,318,1,0,01_Shreck_and_Fiona_playing.jpg
30592,2362,1,0,01_3_027.jpg
40139,318,1,0,01_Cuban_Heros_etc.jpg
32318,318,1,0,01_Sev_male_2_and_Meeki.jpg
59157,318,1,1,01_Supra_pictures_136.jpg
6750,249,1,1,01_mixed_foto\\'s_001.jpg
42995,2362,1,0,01_10-17-07_015.jpg
41570,3333,1,0,01_afr.JPG
17874,1642,1,1,01_Peyton\\'s_Aquarium_002.jpg
28370,318,1,0,01_Gourami_and_Uaru.jpg
40323,2362,1,0,01_09-24-07_104.jpg
48616,3333,1,0,26_fish_005.JPG
58961,5487,1,0,01_2008_04_15_080.jpg
37684,318,1,0,01_Clowns_crew.jpg
37065,318,1,0,01_Big_Meeki.jpg
40510,3333,1,0,09_a.JPG
27233,318,1,0,01_JD_pair.jpg
3641,0,1,0,albums/malawi/electric_yellow.jpg
36535,2362,1,0,01_Memorial_weekend_pictures_2007_015.jpg
48427,2362,1,0,01_01-08-08_147.jpg
38717,4120,1,0,01_momdad.jpg
52606,2362,1,0,01_01-08-08_035.jpg
42066,2362,1,0,01_10-26-07_015.jpg
39505,318,1,0,02_Cubanka.jpg
48087,3333,1,0,14_fish_026.JPG
37799,3333,1,0,27_fish_003.JPG
44271,2362,1,0,01_12-03-07_149.jpg
38133,2362,1,0,01_new_setup_009.jpg
22987,2362,1,0,10_Picture_062.jpg
58354,318,1,0,01_Clown_and_Heros.jpg
2970,0,1,0,albums/album06/julidochromis_1.jpg
34886,318,1,0,01_JD_pair2.jpg
33193,318,1,0,01_Medium_Convict.jpg
45153,3333,1,0,07_new.jpg
53304,318,1,0,01_Cuban_and_Pearsei.jpg
51269,5271,1,0,02_100_2326.jpg
42884,2362,1,0,01_10-17-07_022.jpg
59894,5487,1,0,01_fish_090.JPG
25050,318,1,0,01_01_huge_festae.jpg
38383,2362,1,0,01_10-01-07_042.jpg
46148,3333,1,0,01_432573463_414fe674bb.jpg
50758,4120,1,0,02_lol.jpg
24359,318,1,0,01_Orange_fin_botia.jpg
55702,2362,1,0,01_02-25-08_024.jpg
37069,318,1,0,01_Pearsey_and_Heros.jpg
9950,318,1,0,01_Just_a_begining4.jpg
32386,318,1,0,01_Cuban!.jpg
59001,318,1,0,01_Jd_female.jpg
29949,318,1,0,01_143_4379.JPG
58515,5487,1,0,01_fish_128.JPG
27956,318,1,0,01_small_granch_festa.jpg
43822,4120,1,0,01_crock21.jpg
43739,2362,1,0,02_11-05-07_007.jpg
41527,3333,1,0,09_ram.JPG
39358,318,1,0,01_Shreck__and__Misha.jpg
33548,2362,1,0,01_Rebate_CompUSA_RAM_3_002.jpg
27835,2362,1,0,01_2_016.jpg
45046,318,1,0,01_Efasciatus__and__Meeki_male.jpg
60241,5487,1,0,01_2444984492_d98957e05b.jpg
35561,2362,1,0,01_Pictures_night_046.jpg
45409,2958,1,0,01_xmas_003.jpg
45460,3333,1,0,01_fish_615.JPG
31090,318,1,0,07_Pearsei.jpg
50295,2958,1,0,01_feb_026.jpg
59853,5487,1,0,01_ffffff028.jpg
45542,2958,1,0,01_xmas2_010.jpg
37643,318,1,0,01_1_Waro_and_hand.jpg
28430,2944,1,0,01_RedTexasClear[1].jpg
23398,2192,1,1,01_sev35.jpg
30155,2958,1,0,19_fish_006.jpg
29548,318,1,0,04_Big_Sev.jpg
8031,0,1,1,01_DSCN1437.JPG
46413,3333,1,0,37_2.JPG
24945,318,1,0,01_Convicts_and_Cloan_loach3.jpg
51067,5271,1,0,01_flash_off.jpg
27648,2362,1,0,01_New_Fish_068.jpg
28049,2339,1,0,01_IMG_1100[1].JPG
36390,2362,1,0,01_IMG_1740.jpg
47365,3333,1,0,23_a.JPG
6988,0,1,0,03_rotn&#337;_(kicsi).JPG
40735,2362,1,0,01_10-26-07_123.jpg
24360,318,1,0,02_Shreck.jpg
59776,2362,1,0,01_04-21-08_006.jpg
50710,2958,1,0,01_2_041.jpg
50166,2362,1,0,02_01-18-08_234.JPG
48464,3333,1,0,04_gold.JPG
46777,2958,1,0,01_xmas3_061.jpg
41364,318,1,0,01_vetsday07.jpg
47965,3333,1,0,10_front.jpg
51511,318,1,0,16_Pearsei.jpg
39345,318,1,0,14_Shreck.jpg
16232,0,1,1,01_CIMG0224.JPG
54697,5487,1,0,01_fish_004.JPG
39553,2958,1,0,16_Picture_064.jpg
49105,318,1,0,01_Piton.jpg
59292,5487,1,0,01_thurs_093.JPG
42907,2362,1,0,01_11-15-07_001.jpg
43228,2362,1,0,01_IMG_1880.jpg
5760,0,1,1,01_David\\'s_Fish_007.jpg
23958,2362,1,0,02_IMG_0452.JPG
26995,2339,1,0,01_IMG_0933[1].JPG
31902,3333,1,0,01_90.JPG
55399,5487,1,0,01_fish_173.JPG
21324,318,1,0,01_wild_shot_3!.jpg
56376,2362,1,0,01_03-26-08_141.jpg
59767,2362,1,0,01_04-16-08_134.jpg
12450,0,1,1,02_stanley\\'s_tank.JPG
32315,318,1,0,01_Cuban_and_his_mates.jpg
54117,318,1,0,02_Eden_Garden_2__JD_.jpg
5424,0,1,0,01_fish_001_f5985a7719f535855049aa6c30d3e185.jpg
25909,2015,1,1,02_Grace\\'s_pics_040.jpg
31751,318,1,0,01_Cuban_and_Botia.jpg
190474,23,1,0,user_pics/23/bb09c592-5497-4465-a80d-1490717ce29d_alex_portrait_q.jpg
40431,2362,1,0,01_10-26-07_084.jpg
50292,2958,1,0,01_feb_025.jpg
36120,3333,1,0,01_angles.JPG
55328,2362,1,0,01_03-18-08_027.jpg
30230,318,1,0,01_Shreck_and_Sev.jpg
28960,2362,1,0,01_2_064.jpg
9951,318,1,1,01_Just_a_begining3.jpg
37156,3333,1,0,05_id.JPG
40286,2958,1,0,02_pictures_026.jpg
59294,5487,1,0,01_thurs_052.JPG
6743,249,1,1,04_joels_foto\\'s_053.jpg
52093,2362,1,0,01_01-15-08_105.jpg
48678,4120,1,0,01_01-22-04.jpg
42157,4120,1,0,01_inkfin15.jpg
11874,318,1,1,01_the_team_2.jpg
22283,318,1,0,01_JackSevHug.jpg
20518,318,1,0,01_Shreck2.jpg
59959,2362,1,0,01_Copy_of_IMG_0539.jpg
37645,318,1,0,01_2_Waro_and_hand.jpg
48462,2362,1,0,01_01-15-08_003.jpg
50169,2362,1,0,02_01-08-08_152.jpg
50809,2958,1,0,01_3_007.jpg
11872,318,1,1,01_jr.jpg
2972,0,1,0,albums/album06/Julidochromis_1.jpg
23347,1840,1,0,04_DSC00144[1].JPG
39526,2958,1,0,09_Picture_057.jpg
24940,318,1,0,02_Big_Sev.jpg
9906,520,1,0,04_03-17-06_2046[1].JPG
18816,318,1,0,01_Severum_right_side.jpg
41577,4120,1,0,01_questionmark.jpg
48773,2958,1,0,01_newbies_and_males_026.jpg
42484,3333,1,0,02_fish_177.jpg
47995,2958,1,0,02_xmas3_083.jpg
33165,2362,1,0,01_new_setup_005.jpg
46033,4120,1,0,03_yellow1.jpg
38269,4120,1,0,01_asst.jpg
52017,1622,1,0,01_7_golden_fire_phoenix.jpg
55315,2362,1,0,01_03-18-08_003.jpg
40078,318,1,0,12_Wild_shot.jpg
56863,5487,1,0,03_fish_015.JPG
43734,2362,1,0,01_12-03-07_124.jpg
40417,4120,1,0,02_goldheadinternet.jpg
47420,4120,1,0,01_01-14-01.jpg
48648,318,1,0,01_Convict_female.jpg
54085,5487,1,0,01_fish_049.JPG
33791,318,1,0,01_Uaru_2.jpg
19422,318,1,0,01_Convicti.jpg
27650,2339,1,0,01_IMG_1016[1].JPG
27644,2362,1,0,01_New_Fish_019.jpg
42156,4120,1,0,01_hap4.jpg
4711,0,1,1,01_fish\\'_139.jpg
3137,0,1,0,albums/malawi/Cichlids_2_4_04_004.jpg
6163,0,1,1,01_buddy\\'s.jpg
42487,2362,1,0,01_11-15-07_030.jpg
39501,318,1,0,11_Wild_shot.jpg
47438,4120,1,0,01_01-14-04.jpg
1880,0,1,0,albums/user_gallery/fish_007.jpg
25618,318,1,0,01_02_Loiselie.jpg
49770,4120,1,1,02_02-04jpg.jpg
49669,3333,1,0,01_dish_022.JPG
40427,2362,1,0,01_10-26-07_075.jpg
40405,2958,1,0,01_pictures_037.jpg
21332,318,1,0,01_best_for_now6.jpg
17349,318,1,0,03_143_4331.JPG
35451,318,1,0,01_Cuban_3.jpg
38962,2958,1,0,17_Picture_029.jpg
46102,318,1,0,01_Heros_Meeki_and_Blue_botias.jpg
51941,318,1,0,01_8.5_inch_Heros_female.jpg
34775,318,1,0,01_JD_playing2.jpg
27156,318,1,0,01_Sev!.jpg
24941,318,1,0,02_convict_3b71fff60b912f7b287939270ae79030.jpg
58491,318,1,0,01_Heros_all.jpg
56629,2362,1,0,01_03-26-08_102.jpg
31390,318,1,0,01_Sev.jpg
54074,2362,1,0,01_01-08-08_180.jpg
21651,1840,1,0,01_DSC00161[1].JPG
50274,3333,1,0,01_fish_033.JPG
33441,2362,1,0,02_Pictures_night_026.jpg
48772,2958,1,0,01_newbies_and_males_024.jpg
46590,4120,1,0,01_005-07-08.jpg
37765,318,1,0,03_Cuban!.jpg
3134,0,1,1,albums/malawi/macs_fish_007.jpg
58162,2362,1,0,01_04-07-08_180.jpg
30227,318,1,0,03_Pearsei2.jpg
27254,318,1,0,02_Shreck2.jpg
29508,318,1,0,07_Shreck.jpg
30427,318,1,0,01_Zuzuka.jpg
37834,318,1,0,03_Meeki_male.jpg
38567,318,1,0,01_Cuban__and__Pearsey.jpg
58490,318,1,0,04_Heros_male2.jpg
14078,0,1,0,01_000_0439[1]
58357,318,1,0,01_All.jpg
27912,2362,1,0,01_2_026.jpg
28788,318,1,0,01_Fiona_half.jpg
4979,0,1,1,03_em\\'s_first_pictures_010.jpg
48045,4120,1,0,01_01-18-05.jpg
50708,2958,1,0,01_2_039.jpg
18817,318,1,0,01_Just_an_idea.jpg
49215,3333,1,0,01_fishes_004.JPG
43400,4120,1,0,01_servums.jpg
35264,2362,1,0,01_3_052.jpg
24947,318,1,0,01_Convicts_and_Cloan_loach4.jpg
7052,0,1,1,01_100_0542.jpg
47439,4120,1,0,01_01-14-05.jpg
40496,3333,1,0,03_sev1.JPG
38136,2362,1,0,01_IMG_1950.jpg
54412,5487,1,0,01_sunday_107.JPG
41441,318,1,0,04_Meeki.jpg
3288,0,1,0,albums/malawi/Aul_Maylandi.jpg
61455,5487,1,0,03_fish_088.JPG
55403,5487,1,0,01_fish_040.JPG
5216,0,1,1,01_Ben\\'s_fish.rtf
38963,2958,1,1,28_Picture_018.jpg
11670,660,1,1,01_DSC00060(1)[1].JPG
15458,318,1,0,01_Fish_gang_2.jpg
38945,2958,1,0,28_Picture_017.jpg
47453,3333,1,0,39_3.jpg
30147,2362,1,0,01_2_081.jpg
53202,5487,1,0,01_fish_038.JPG
46044,3333,1,0,11_b.JPG
27932,2339,1,0,01_IMG_1041[1].JPG
47145,4120,1,0,01_1-10-05.jpg
35552,2362,1,0,01_2007_Dunsmuir_Summer_Trip._135.jpg
31229,318,1,0,01_Meeki_pair_off.jpg
34774,318,1,0,01_JD_playing.jpg
34637,3333,1,0,12_fish_011.JPG
24356,318,1,0,01_Uaru_male.jpg
42904,4120,1,0,01_hongi_copy.jpg
48073,318,1,0,04_Cuban!.jpg
31011,2958,1,0,03_new_fish_001.jpg
28265,318,1,0,01_Cuban_and_Odessa_barbs.jpg
47117,3333,1,0,19_4.JPG
51093,5271,1,0,03_best_ruby.jpg
920,0,1,0,albums/tankgallery2/Our_tank_2.jpg
42477,3333,1,0,02_liv.jpg
50126,2958,1,0,01_feb_007.jpg
1708,0,1,0,albums/album22/peacock_001.jpg
48777,2958,1,0,01_newbies_and_males_020.jpg
36540,2362,1,0,01_IMG_1938.jpg
53022,5479,1,0,04_ruby.jpg
36060,2362,1,1,02_IMG_2067.jpg
27516,2362,1,0,01_New_Fish_001.jpg
42017,2958,1,0,01_pictures2_013.jpg
36404,3333,1,0,03_fish_046.JPG
48322,318,1,0,01_Convict_defend_the_fry.jpg
57957,2362,1,0,01_04-07-08_119.jpg
37383,2362,1,0,01_09-17-07_026.jpg
50676,2958,1,0,02_2_019.jpg
45545,4120,1,0,01_strip.jpg
50857,2958,1,0,02_3_010.jpg
40339,2362,1,0,01_10-17-07_004.jpg
5015,0,1,1,05_em\\'s_first_pictures_010.jpg
37764,318,1,0,01_Cuban_and_Convicts.jpg
41785,2362,1,0,01_10-01-07_099.jpg
28152,2339,1,0,01_IMG_1116[2].JPG
31388,318,1,0,01_Shark_the_friend2.jpg
42133,3333,1,0,01_bab.JPG
50579,3333,1,0,01_nf.JPG
48752,3333,1,0,01_morphey.JPG
37129,2362,1,0,01_IMG_1991.jpg
34843,3333,1,0,03_c.JPG
43620,2362,1,0,01_10-17-07_038.jpg
4688,53,1,0,01_oscars_2366d654fe89de365d6b31a37ba07327.jpg
41753,2362,1,0,01_09-24-07_012.jpg
60123,5487,1,0,01_saturday_021.JPG
43555,2362,1,0,01_12-03-07_056.jpg
44710,2362,1,0,01_12-17-07_042.jpg
9949,318,1,1,01_Just_a_begining6.jpg
57908,2362,1,0,01_04-07-08_014.jpg
37273,3333,1,0,02_55.JPG
70554,7049,1,0,7049____file_01_chilid.jpg
47794,2362,1,1,11_008.JPG
53529,2362,1,0,01_01-08-08_061.jpg
37606,2362,1,0,01_IMG_1866.jpg
37122,2362,1,0,01_IMG_1850.jpg
30150,2958,1,0,14_fish_002.jpg
8987,276,1,1,01_Picture_067_(3).jpg
5761,0,1,1,02_David\\'s_Fish_017.jpg
21679,318,1,0,01_Meeki_male_Hello!2.jpg
32553,3333,1,0,03_id.jpg
6164,0,1,1,02_buddy\\'s.jpg
26373,318,1,0,03_firemouth_57a436bafbb64af06a1a9022c06784fd.jpg
33629,3333,1,0,05_front.JPG
13864,0,1,1,01_Jaguar\\'s_First_Eggs!.JPG
59763,2362,1,0,01_04-16-08_106.jpg
27495,2339,1,0,01_IMG_0975[1].JPG
46518,3333,1,0,07_fronts.JPG
45449,2958,1,0,01_xmas_025.jpg
37467,2362,1,0,01_09-17-07_015.jpg
42021,2958,1,0,01_pictures2_012.jpg
49739,4120,1,0,01_02-02.jpg
55104,5487,1,0,01_fish_157.JPG
21692,971,1,0,01_callainosfrontcs3[1].jpg
14918,1125,1,1,05_O\\'s_fish_010.jpg
40356,2362,1,0,01_09-24-07_001.jpg
2115,0,1,0,albums/user_gallery/Fish_006.jpg
36145,318,1,0,01_Botias_and_others.jpg
22759,1368,1,1,01_FSCN0388.JPG
23004,1763,1,1,01_100_1617.JPG
49604,4120,1,0,01_1-31-1.jpg
53234,5487,1,0,01_03_01_076.jpg
41952,2958,1,0,01_pictures_096.jpg
48094,3333,1,0,01_IMG_6967_003.jpg
26633,318,1,0,01_Big_sev2.jpg
31141,3333,1,0,01_de.JPG
52119,318,1,0,05_Festae_pair_4.jpg
51549,2362,1,0,02_10-01-07_096.jpg
27930,2339,1,0,01_IMG_1049[1].JPG
35560,2362,1,0,01_new_guys_016.jpg
50678,2958,1,0,01_2_014.jpg
54758,5487,1,0,01_03_11_176.jpg
37695,2362,1,0,01_09-17-07_018.jpg
39035,2958,1,0,21_Picture_031.jpg
51550,2362,1,0,01_01-15-08_090.jpg
46414,3333,1,0,01_IMG_3923.JPG
13372,852,1,0,01_IMG_0734[1].jpg
44134,4120,1,0,01_inkfinyawn1.jpg
40588,2362,1,0,01_10-26-07_104.jpg
43864,3333,1,0,01_lucky.jpg
40262,2362,1,0,01_10-17-07_075.jpg
39806,2958,1,0,01_pictures_010.jpg
48798,2958,1,0,01_ca_tank_003.jpg
11870,318,1,0,01_Jakie.jpg
37053,318,1,0,02_Nemo.jpg
49779,3333,1,0,02_fish_031.JPG
50888,2362,1,0,01_IMG_4708.JPG
58646,5487,1,0,04_fish_013.JPG
21811,1840,1,0,02_DSC00157[1].JPG
2461,0,1,0,albums/american/Marble_Angel.jpg
42368,2362,1,0,01_IMG_2005.jpg
48839,2362,1,0,02_12-03-07_144.jpg
12080,697,1,1,01_IMG_0395.JPG
56413,5487,1,0,01_fisf_032.JPG
44708,318,1,0,01_Cenote_Manati_3__sea_.jpg
27119,318,1,0,01_Big_Sev!.jpg
45536,4120,1,0,01_12-27-07-8.jpg
36293,2362,1,0,01_Memorial_weekend_pictures_2007_008.jpg
51447,2362,1,0,01_Copy_of_01-29-08_057.jpg
50119,2958,1,0,01_feb_006.jpg
43954,4120,1,0,01_hongi3.jpg
51349,2362,1,0,01_01-29-08_045.jpg
13988,945,1,1,01_Matt\\'s_Pictures_075.jpg
38270,4120,1,0,01_java_fern.jpg
48323,318,1,0,01_Cuban_patroling.jpg
33313,2362,1,0,01_Pictures_night_188.jpg
38490,318,1,0,03_JD_pair.jpg
50813,2958,1,0,02_3_001.jpg
27934,2339,1,0,01_IMG_1052[1].JPG
46256,2958,1,0,01_xmas3_011.jpg
6906,0,1,1,01_DSCF1436.JPG
53723,5487,1,0,01_tank_001.JPG
33579,3352,1,0,01_SANY0009.JPG
37928,2362,1,0,01_09-24-07_071.jpg
51598,318,1,0,04_Pearsei3.jpg
21614,1840,1,0,01_DSC00160[1].JPG
47026,2958,1,0,01_xmas3_083.jpg
45214,318,1,0,01_Meek_male.jpg
38948,2958,1,0,35_Picture_010.jpg
42058,2362,1,0,01_10-26-07_027.jpg
51519,318,1,0,01_Breeding_Heros2__trying_.jpg
48746,2362,1,0,01_01-15-08_058.jpg
48912,3333,1,0,01_`fish_032.JPG
59241,2362,1,0,01_04-16-08_054.jpg
39851,4120,1,1,01_rock3.jpg
27628,2362,1,0,01_New_Fish_020.jpg
27431,318,1,0,01_fIREMOUTH.jpg
25880,318,1,0,01_Orange_Roses_Galore_zoom_copy.jpg
35266,2362,1,0,01_new_guys_004.jpg
33749,318,1,0,09_Shreck.jpg
45418,2958,1,0,02_xmas_018.jpg
58559,318,1,0,02_Botia.jpg
55336,2362,1,0,01_03-18-08_039.jpg
44951,2362,1,0,01_10-26-07_136.jpg
46211,2958,1,0,01_xmas2_052.jpg
48795,2958,1,0,01_30_gal._007.jpg
50434,3333,1,0,01_fish_076.JPG
23583,23,1,1,09_0004574.jpg
47027,2958,1,0,01_xmas3_085.jpg
9285,0,1,0,01_D\\'s_fish-05.jpg
50887,2362,1,0,01_IMG_4690.JPG
37480,2362,1,0,01_09-17-07_024.jpg
49853,4120,1,0,01_ad4.jpg
48511,3333,1,0,08_bb.JPG
40348,2958,1,0,01_pictures_033.jpg
13026,0,1,1,01_jamie.bmp
46922,4120,1,0,01_1-10-04.jpg
50775,3333,1,0,13_a.JPG
48838,3333,1,0,01_fish_011.JPG
37677,4120,1,0,01_hapsp34.jpg
46627,4120,1,0,01_007-10-08.jpg
42738,3333,1,0,06_b.jpg
53804,2362,1,0,01_02-25-08_019.jpg
46347,318,1,0,01_laminate_floor_instalation3.jpg
42314,318,1,0,01_Kubinka.jpg
11985,0,1,1,01_Trey\\'s_lobster.jpg
54405,5487,1,0,01_sunday_045.JPG
36049,2362,1,0,02_IMG_1935.jpg
38065,4120,1,0,18_tank2.jpg
45667,2958,1,0,01_xmas2_030.jpg
6512,0,1,1,01_PICT0003.JPG
29111,2362,1,0,01_2_085.jpg
10147,0,1,1,02_IM000020[1]
47539,2362,1,0,01_01-15-08_204.jpg
51071,5271,1,0,03_100_2121.jpg
10154,0,1,1,01_dsc01_002.jpg
40758,3333,1,0,02_mom.JPG
115,0,1,0,albums/tankgallery/My_Tank.jpg
51086,5271,1,0,06_f1_polit.jpg
50808,2958,1,0,02_3_008.jpg
50108,2958,1,1,02_feb_022.jpg
33992,3352,1,0,01_africa__36_.jpg
46049,3333,1,0,06_eggs.jpg
42489,3333,1,0,32_2.jpg
33399,2362,1,0,01_New_setup_set2_026.jpg
36324,318,1,0,01_Shreck_Big_mouth.jpg
49930,3333,1,0,07_Untitled-1.jpg
51451,2362,1,0,01_01-29-08_046.jpg
23053,2362,1,0,09_Picture_070.jpg
24621,318,1,0,01_Shreck_and_Orange_Botias.jpg
50848,3333,1,0,01_tank_change_029.JPG
19424,318,1,0,01_Jakie5.jpg
36065,2362,1,0,01_IMG_2057.jpg
48327,318,1,0,06_Group_shot.jpg
40753,2362,1,0,01_10-17-07_024.jpg
54140,5487,1,0,04_fish_031.JPG
2527,0,1,0,albums/american/red.jpg
24942,318,1,0,01_Convict_fas.jpg
32313,318,1,0,08_Shreck.jpg
44953,2362,1,0,01_12-17-07_099.jpg
22275,318,1,0,01_Sev_!.jpg
40818,2362,1,0,01_10-17-07_018.jpg
44717,2362,1,0,01_12-17-07_052.jpg
57952,2362,1,0,01_04-07-08_090.jpg
49560,318,1,0,03_Meeki.jpg
57943,2362,1,0,01_04-07-08_085.jpg
23456,318,1,0,01_Pearsei3.jpg
12315,0,1,1,"04_2006-06-12\\"""
10814,568,1,0,01_Picture_0190.JPG
36841,2362,1,0,01_IMG_1896.jpg
40418,2362,1,0,01_10-26-07_030.jpg
60038,5487,1,0,01_fish_friday_141.JPG
60472,2362,1,1,01_04-21-08_132.jpg
54453,5487,1,0,01_fishes_063.JPG
7185,0,1,1,01_baby_fire_mouths.JPG
44277,2958,1,0,01_cali_012.jpg
39177,2362,1,0,01_09-24-07_048.jpg
58215,5487,1,0,01_fish_102.JPG
35351,2362,1,0,01_new_guys_020.jpg
46248,2958,1,0,01_xmas3_003.jpg
33845,3333,1,0,02_big_mouth.JPG
17693,1214,1,1,01_FotoStation_Easy.EXE
33402,2362,1,0,01_New_setup_set2_027.jpg
36870,2362,1,0,01_IMG_1873.jpg
48526,318,1,0,01_Big_guns.jpg
30157,2958,1,0,13_fish_005.jpg
23727,2362,1,0,03_IMG_0331.JPG
46839,4120,1,1,02_1-10-01.jpg
20368,318,1,0,01_8!.jpg
33950,2362,1,0,02_Pictures_night_069.jpg
59926,2362,1,0,01_04-16-08_158.jpg
43396,4120,1,0,01_bags.jpg
27474,0,1,0,01_IMG_0957[1].JPG
58158,2362,1,0,01_10-17-07_045.jpg
57074,2362,1,0,01_01-29-08_042.jpg
5738,0,1,1,01_mixed_foto\\'s_002.jpg
46092,4120,1,0,01_jewelmale1-02-08.jpg
51558,2362,1,0,02_10-17-07_046.jpg
28353,318,1,0,01_King.jpg
9325,0,1,0,01_Pic\\'s_003.jpg
51506,318,1,0,03_Heros_male.jpg
39799,2958,1,0,02_pictures_003.jpg
59267,2362,1,0,01_04-16-08_128.jpg
38961,2958,1,0,12_Picture_020.jpg
46830,3333,1,0,07_tex.jpg
59664,2362,1,0,03_DSC00020.JPG
35230,318,1,0,01_Heros_Efasciatus.jpg
190494,23,1,1,user_pics/23/95420505-ac7b-4e07-9e6d-73e0828cb0d6_201803_267446bf47.jpg
37461,2362,1,0,01_09-17-07_013.jpg
42703,3333,1,0,01_IMG_7031_011.jpg
26375,318,1,0,01_uaru_09a835956bc9eb38b79c6f5e6aa0258e.jpg
46832,2958,1,0,01_xmas3_064.jpg
41356,4120,1,0,01_inkfin11.jpg
48757,2958,1,0,01_newbies_and_males_002.jpg
39795,2362,1,0,01_10-17-07_056.jpg
44755,3333,1,0,08_b.JPG
54606,5487,1,0,5487____file_9999_02_1.JPG
44340,2362,1,0,01_10-01-07_020.jpg
26379,318,1,0,01_sev2.jpg
33900,318,1,0,01_we_love_greens.jpg
1900,0,1,0,albums/user_gallery/FISH_007.jpg
45666,2958,1,0,01_xmas2_035.jpg
40336,2362,1,0,01_10-01-07_049.jpg
36066,318,1,0,02_Shreck_and_Fiona.jpg
49108,3333,1,0,01_IMG_0664_013.jpg
56693,5487,1,0,01_fish_020.JPG
56078,2362,1,0,01_DSC00005__1_.JPG
24574,2362,1,0,03_Picture_078.jpg
22981,2362,1,0,01_pic_008_ab8e3adffa70de8da0019d887f57d2a7.jpg
41373,2958,1,0,01_pictures_076.jpg
49202,3333,1,0,01_IMG_0702_023.jpg
39805,2958,1,0,02_pictures_008.jpg
49614,4120,1,0,01_breeding_project.jpg
22277,318,1,0,01_Sevy_eats_travky2.jpg
27935,2339,1,0,01_IMG_1055[1].JPG
39552,2958,1,0,14_Picture_065.jpg
45086,318,1,0,13_Pearsei.jpg
28457,2362,1,0,01_New_Fish_060.jpg
46357,2362,1,0,01_12-03-07_061.jpg
50685,2958,1,0,01_2_024.jpg
39840,2362,1,0,01_10-17-07_006.jpg
56662,2362,1,0,01_03-26-08_080.jpg
50494,2958,1,0,01_1_006.jpg
2467,0,1,0,albums/american/Salvini.jpg
23435,318,1,0,01_Wild_shot2.jpg
52122,318,1,0,04_Festae_pair.jpg
40283,2958,1,0,01_pictures_024.jpg
57942,2362,1,0,01_04-07-08_100.jpg
42387,2362,1,0,02_10-26-07_090.jpg
40717,2958,1,1,01_pictures_039.jpg
56933,5487,1,0,03_1.JPG
13373,852,1,0,01_IMG_0733[1].jpg
26327,2362,1,0,01_img_0390_ea32947fb80986654bc2ac44111c386a.jpg
48518,4120,1,0,01_01-18-09jpg.jpg
26062,318,1,0,01_Cuban.jpg
33903,318,1,0,01_Heros_Efasciautus.jpg
35970,2362,1,0,01_IMG_1819.jpg
43576,2362,1,0,01_12-03-07_133.jpg
24371,318,1,0,01_Big_Sev.jpg
18802,318,1,0,01_Jackie2.jpg
31186,2362,1,0,01_new_setup_031.jpg
37689,318,1,0,02_JD_pissed.jpg
51526,318,1,0,06_JD_pair.jpg
35019,2362,1,1,03_New_setup_set2_064.jpg
25894,318,1,0,03_gang.jpg
44369,3333,1,0,01_ba.JPG
33267,2362,1,0,01_Pictures_night_055.jpg
40759,3333,1,0,02_dad.JPG
53833,5487,1,1,01_dod_010.JPG
55242,5487,1,0,01_fish_088.JPG
29507,318,1,0,01_Cubanka_with_2_Convicts.jpg
36328,318,1,0,01_Cuban!!.jpg
37128,3333,1,0,03_angel.JPG
48069,318,1,0,01_Heros_Pearsei_Silvers.jpg
53021,5479,1,0,01_neyerei.jpg
33953,2362,1,0,01_Pictures_night_015.jpg
56381,2362,1,0,01_03-26-08_068.jpg
59258,2362,1,0,01_04-16-08_026.jpg
39973,2958,1,0,01_pictures_023.jpg
50890,2362,1,0,01_IMG_4724.JPG
22904,2203,1,0,01_labridens-01[1].jpg
48566,3333,1,0,02_Untitled-2.jpg
20522,318,1,0,01_wild_shot_2.jpg
48017,2362,1,0,01_01-15-08_051.jpg
41337,2362,1,0,01_11-05-07_007.jpg
11880,318,1,0,02_Jakie__Redies2.jpg
18017,1642,1,1,02_Peyton\\'s_Aquarium_002.jpg
34402,3333,1,0,01_af.JPG
38188,2362,1,0,01_09-24-07_038.jpg
15785,1339,1,1,02_Jason\\'s_wedding_024.jpg
51502,318,1,0,17_Shreck.jpg
49217,318,1,0,01_My_little_help.jpg
49686,2362,1,0,01_01-31-08_023.JPG
27827,2362,1,0,01_2_004.jpg
48769,2958,1,0,01_newbies_and_males_023.jpg
24662,318,1,0,01_silver_dollar_7f52e4ab09228a657068ec9e7dd6d7e3.jpg
46835,2958,1,0,01_xmas3_074.jpg
49210,318,1,0,01_Royals.jpg
14219,970,1,1,01_Tank_Pics_011.jpg
38069,4120,1,0,17_tank1.jpg
42705,3333,1,0,01_IMG_7086_034.jpg
47444,2958,1,0,01_xmas3_076.jpg
25930,2653,1,1,02_jody\\'s_photo\\'s_048.jpg
45520,4120,1,0,01_12-27-07-4.jpg
32511,2362,1,0,02_New_setup_set2_071.jpg
44422,2362,1,0,01_IMG_1934.jpg
34401,3333,1,0,31_1.jpg
24661,318,1,0,01_Meeki2.jpg
51213,5271,1,0,01_100_2328.jpg
40652,4120,1,0,01_barbsdolpins.jpg
50810,2958,1,0,01_3_003.jpg
45088,318,1,0,02_Waroo.jpg
4048,0,1,0,albums/other/Ancistrus.jpg
7451,249,1,1,02_mixed_foto\\'s_001.jpg
46235,4120,1,0,01_01-03-02.jpg
42390,3333,1,0,07_c.JPG
44740,318,1,0,01_Alex_and_Fish3.jpg
38380,2362,1,0,01_10-01-07_039.jpg
42826,318,1,0,01_Heros_Efasciatus_S_female.jpg
57360,5487,1,0,01_fish_112.JPG
55710,2362,1,0,01_03-18-08_026.jpg
10688,0,1,1,01_&#22823;&#40857;.jpg
35267,2362,1,0,01_new_guys_012.jpg
45322,4120,1,0,01_pythoncloseup4.jpg
24939,318,1,0,01_Big_sev_for_Ben_and_Debra.jpg
31184,2362,1,0,01_new_setup_033.jpg
27651,2362,1,0,01_New_Fish_057.jpg
46192,2362,1,0,01_IMG_3398.jpg
9567,0,1,1,01_Pic\\'s_016.jpg
46255,2958,1,0,01_xmas3_014.jpg
39891,2958,1,0,01_pictures_012.jpg
39804,2958,1,0,01_pictures_008.jpg
22911,2356,1,1,03_Angel\\'s.tif
50118,2958,1,0,01_feb_010.jpg
25893,318,1,0,02_Pearsei.jpg
51517,318,1,0,01_Breeding_Heros__trying_.jpg
190473,23,1,1,user_pics/23/b8efa781-37d7-4dbf-877e-3cf8b16f09ec_alex_portrait_q.jpg
6987,0,1,1,02_rotn&#337;_(kicsi).JPG
47295,3333,1,0,01_at.jpg
54757,5487,1,0,01_03_13_024.jpg
59841,2362,1,0,01_04-16-08_146.jpg
27432,318,1,0,02_Pearsei2.jpg
11871,318,1,1,02_Jakie__Redies3.jpg
24781,318,1,0,01_Pearsie2.jpg
26378,318,1,0,01_mix_a2ef4b9a6a3e0de7009d588bd16df003.jpg
50998,318,1,0,02_Mix1998_3.jpg
56207,2362,1,0,01_01-08-08_016.jpg
46790,2362,1,0,01_01-08-08_074.jpg
22326,318,1,0,01_vse2.jpg
27657,2339,1,0,01_IMG_1022[1].JPG
53937,5487,1,0,03_fish_008.JPG
56911,5487,1,0,02_fishey_063.JPG
27888,318,1,0,05_Pearsei.jpg
43561,2362,1,0,01_12-03-07_109.jpg
27475,0,1,0,01_IMG_0961[1].JPG
38473,2362,1,0,01_10-01-07_088.jpg
41990,318,1,0,01_Roayl_pair.jpg
46195,2362,1,0,01_12-17-07_018.jpg
1965,0,1,0,albums/user_gallery/Convict.jpg
48527,318,1,0,14_Pearsei.jpg
59785,2362,1,0,01_04-21-08_004.jpg
49366,4120,1,0,01_img_2849.jpg
33253,2362,1,0,01_Pictures_night_048.jpg
56649,2362,1,0,01_03-26-08_104.jpg
54444,5487,1,0,01_fish_149.JPG
17533,1622,1,1,04_002.JPG
45665,2958,1,0,01_xmas2_027.jpg
48937,3333,1,0,01_fish_031.JPG
57468,5487,1,0,03_fish_016.JPG
27679,318,1,0,01_Meeki_couple.jpg
45219,3333,1,0,02_o.JPG
18818,318,1,0,01_Just_an_idea2.jpg
42105,3333,1,0,02_cc.JPG
46894,2362,1,0,01_01-08-08_068.jpg
21596,318,1,1,02_cichlasoma_festae_j_(grange).jpg
12560,679,1,1,01_CIMG0050.JPG
50163,2362,1,0,02_01-08-08_050.jpg
59137,2362,1,0,01_04-16-08_067.jpg
45534,2958,1,0,01_xmas2_003.jpg
42103,3333,1,0,03_aaa.JPG
56019,5487,1,0,01_2008_03_18_Fish_105.jpg
45541,2958,1,0,01_xmas2_007.jpg
30156,2958,1,0,16_fish_004.jpg
156,0,1,0,albums/tankgallery/fish.jpg
50702,2958,1,0,02_2_031.jpg
37123,2362,1,0,01_Pictures_night_128.jpg
54066,2362,1,0,02_01-15-08_223.jpg
37676,4120,1,0,08_unknown.jpg
39509,2958,1,0,10_Picture_052.jpg
41475,4120,1,0,01_sa2.jpg
33237,2362,1,0,01_Pictures_night_002.jpg
45946,4120,1,0,01_lemoncloseup.jpg
44948,2362,1,0,01_12-03-07_022.jpg
49673,2362,1,0,01_01-29-08_018.jpg
48911,3333,1,0,02_fronts.JPG
35017,2362,1,0,01_New_setup_set2_058.jpg
190462,23,1,0,user_pics/23/4b961ef0-a129-4454-b9cc-0c2aadc4e9e3_alex_portrait_q.jpg
50177,2362,1,0,01_01-08-08_149.jpg
7796,0,1,1,02_Killer\\'s_good_one.JPG
43499,2362,1,0,01_12-03-07_001.jpg
47319,3333,1,0,01_IMG_5781_013.jpg
60035,5487,1,0,01_fish_friday_070.JPG
28410,2362,1,0,01_2_015.jpg
22279,318,1,0,01_Sevy_eats_travky4.jpg
39606,318,1,0,09_Pearsei.jpg
24581,2362,1,0,06_Picture_082.jpg
49204,3333,1,0,02_fish_001.JPG
47046,3333,1,0,01_IMG_5521.JPG
53284,318,1,0,02_Trimac.jpg
57415,2362,1,0,01_03-26-08_169.jpg
51619,318,1,0,01_Shreck_and_Cuban.jpg
19365,318,1,0,02_Jakie.jpg
35238,318,1,0,01_Cuban_2.jpg
46015,3333,1,0,20_a.JPG
45796,3333,1,0,01_fish_286.JPG
5467,123,1,1,01_Webby\\'s_New_Tank_Whole_COMP.jpg
29365,2362,1,0,01_2_072.jpg
50497,2958,1,0,01_1_009.jpg
2519,0,1,0,albums/american/RED.jpg
4047,0,1,0,albums/other/ancistrus.jpg
44792,2362,1,0,01_12-03-07_115.jpg
20520,318,1,0,01_wild_shot_1.jpg
20369,318,1,0,01_2!.jpg
26634,318,1,0,01_Barbs.jpg
57427,2362,1,0,01_03-26-08_048.jpg
12459,0,1,1,01_O\\'s_fish_010.jpg
51988,2362,1,0,01_01-15-08_112.jpg
31064,2362,1,0,01_3_011.jpg
53027,2362,1,0,01_12-17-07_016.jpg
36391,318,1,0,11_Shreck.jpg
47045,4120,1,0,01_odd_ball.jpg
57931,2362,1,0,01_04-07-08_177.jpg
41213,2958,1,0,01_pictures_067.jpg
20215,2004,1,1,01_Fish_02-07-2007_002.jpg
11875,318,1,1,01_Jakie_and_Big_Clown.jpg
57413,2362,1,0,01_03-18-08_040.jpg
23641,2362,1,0,01_IMG_0420.JPG
53514,2362,1,0,01_01-08-08_168.jpg
50570,4120,1,0,01_IMG_3257.jpg
38967,2958,1,0,19_Picture_024.jpg
38018,2362,1,0,01_09-24-07_101.jpg
54090,5487,1,0,01_fishes_021.JPG
46259,2958,1,0,01_xmas3_020.jpg
41984,2958,1,0,01_pictures_099.jpg
40613,318,1,0,01_Shreck_Wus_up.jpg
59943,5487,1,0,04_fish_007.JPG
41795,3333,1,0,45_1.JPG
27006,1835,1,1,01_art_pla_milomo_01[1].jpg
41109,318,1,0,01_Heros_female.jpg
58445,2362,1,0,01_04-07-08_098.jpg
9441,199,1,1,02_blank.jpg
35263,2362,1,0,01_3_001.jpg
39158,2362,1,0,01_10-01-07_062.jpg
53024,5479,1,0,02_afra_cobue.jpg
42825,3333,1,0,48_1.jpg
43314,318,1,0,02_Heros_Female.jpg
30426,318,1,0,01_Shreck_and_Zuzuka.jpg
56285,5487,1,0,02_fish_013.JPG
46751,3333,1,0,01_IMG_4849_037.jpg
42144,3333,1,0,04_sev.JPG
882,0,1,0,albums/tankgallery2/Tank.jpg
33899,318,1,0,01_JD_and_Pink_Kissing.jpg
48084,318,1,0,02_Convict_with_babies.jpg
53966,5487,1,0,01_tt_081.JPG
48195,3333,1,0,01_IMG_7638_019.jpg
42102,3333,1,0,04_aa.JPG
26068,318,1,0,01_sharks_are_playing.jpg
44056,4120,1,0,01_mr.c.jpg
59168,318,1,1,01_Supra_pictures_004.jpg
46230,4120,1,0,01_solo2.jpg
49098,318,1,0,01_Heros_pair.jpg
41150,2958,1,0,01_pictures_053.jpg
38709,4120,1,0,01_poser.jpg
24726,1840,1,0,04_DSC00157[1].JPG
48044,4120,1,0,01_01-18-04.jpg
35025,2362,1,0,01_New_setup_set2_060.jpg
58160,2362,1,0,01_04-07-08_113.jpg
40145,318,1,0,02_JD_playing.jpg
53707,5487,1,0,04_fish_017.JPG
39286,2958,1,0,19_Picture_039.jpg
39527,2958,1,0,09_Picture_060.jpg
54348,5487,1,0,02_fish_041.JPG
49672,2362,1,0,01_01-29-08_012.jpg
4976,0,1,1,01_em\\'s_first_pictures_012.jpg
46393,318,1,0,01_Efasciatus_male2.jpg
42704,3333,1,0,01_IMG_7077_030.jpg
42411,318,1,0,01_JD_Cuban_Face_off.jpg
49102,318,1,0,01_Pearsei_vs_Meeki.jpg
44842,2362,1,0,01_12-17-07_077.jpg
26630,318,1,0,01_Sev_and_Silver_dollar.jpg
33318,2362,1,0,01_Pictures_night_081.jpg
49843,4120,1,0,01_01-03.jpg
33783,2362,1,0,02_Pictures_night_166.jpg
57967,2362,1,0,01_04-07-08_160.jpg
56685,5487,1,0,01_fidh_009.JPG
40641,2362,1,0,01_10-26-07_117.jpg
30623,318,1,0,01_Pcheli2.jpg
21618,1840,1,0,01_DSC00164[1].JPG
8270,0,1,1,01_CAMEDIAMaster.chm
35278,2362,1,0,01_new_guys_026.jpg
5301,0,1,0,01_Jimmy\\'s_Tank2.JPG
55734,318,1,0,01_Uaru.jpg
33230,2362,1,0,01_Pictures_night_150.jpg
47445,2958,1,0,01_xmas3_072.jpg
43077,2362,1,0,01_10-26-07_082.jpg
42070,4120,1,0,01_sp35-2.jpg
7160,0,1,1,01_Pic.jpg
53020,5479,1,0,02_polit.jpg
52447,2362,1,0,01_IMG_4820.JPG
49364,4120,1,0,01_300ec390ff.jpg
56866,5487,1,0,01_fish_044.JPG
33262,2362,1,0,01_Pictures_night_054.jpg
37379,2362,1,1,01_09-17-07_006.jpg
39837,2958,1,0,01_pictures_016.jpg
41187,4120,1,0,01_croc1.jpg
7148,0,1,1,01_100_0146.jpg
34706,318,1,0,01_Heros_Santarem__and__Efasciatus__and__Cuban.jpg
50181,3333,1,0,01_fish_002.JPG
46090,4120,1,0,01_jewelfemale3-02-08.jpg
35967,2362,1,0,01_IMG_1942.jpg
55391,5487,1,0,01_03_17_021_copy.jpg
11873,318,1,1,02_the_team.jpg
59696,5487,1,0,06_fish_009.JPG
39506,2958,1,0,09_Picture_050.jpg
46977,2362,1,0,01_01-08-08_144.jpg
48001,2362,1,0,01_01-15-08_008.jpg
34703,318,1,0,02_Cuban2.jpg
17111,318,1,1,03_Jackie_&_Clown.jpg
56584,5487,1,0,05_fish_017.JPG
55735,5487,1,0,01_fish_061.JPG
32287,2362,1,0,01_new_setup_014.jpg
55365,2362,1,0,01_03-18-08_048.jpg
32387,318,1,0,01_Sev_male_2.jpg
47699,2362,1,0,01_01-15-08_076.jpg
39033,2958,1,0,27_Picture_008.jpg
46035,4120,1,0,01_yellow3.jpg
39605,318,1,0,01_Nemo_always_fighting_mode.jpg
44938,2362,1,0,01_12-17-07_093.jpg
42685,4120,1,0,02_blackink.jpg
38871,4120,1,0,01_momanddadgoldcomp.jpg
25802,318,1,0,01_Conv__and__Clowns.jpg
12449,0,1,1,01_stanley\\'s_tank.JPG
44002,3333,1,0,01_us.JPG
23608,2362,1,0,01_IMG_0372.JPG
41058,3333,1,0,26_fish_006.JPG
39841,2958,1,0,01_pictures_019.jpg
39282,2958,1,0,13_Picture_038.jpg
39504,2958,1,0,11_Picture_049.jpg
56524,5487,1,0,01_fisf_001.JPG
24024,2306,1,0,01_STA70171[1].JPG
21895,2187,1,0,01_IMG_0463.JPG
21329,318,1,0,01_best_for_now.jpg
39201,2958,1,0,16_Picture_037.jpg
39277,4120,1,0,02_inkfinart1.jpg
50122,2958,1,0,01_feb_008.jpg
52815,2362,1,0,01_02-25-08_055.jpg
21702,318,1,0,01_Big_Heros.jpg
31081,318,1,0,01_Kissing.jpg
20365,318,1,0,01_5!.jpg
46702,2362,1,0,01_12-17-07_084.jpg
51553,2362,1,0,01_01-15-08_011.jpg
27482,0,1,0,01_IMG_0969[1].JPG
39800,2958,1,0,02_pictures_004.jpg
21680,318,1,0,01_Meeki_male_Hello!3.jpg
23881,1840,1,0,03_DSC00157[1].JPG
33547,2362,1,0,01_Rebate_CompUSA_RAM_3_004.jpg
27556,2015,1,0,01_09-01-07_1830[2].jpg
49214,318,1,0,01_Botias.jpg
56251,2362,1,0,01_01-08-08_153.jpg
24440,318,1,0,01_Michael_huge_pearseiman_477.jpg
56879,5487,1,0,01_tanks_002.JPG
51342,2362,1,0,01_01-29-08_070.jpg
2574,0,1,0,albums/american/REDDEVIL.jpg
14350,1010,1,1,06_Matt\\'s_Pictures_534.jpg
39324,2362,1,0,01_10-01-07_027.jpg
56678,318,1,0,01_JD_pair3.jpg
21682,318,1,0,01_Meeki_male_Hello!5.jpg
32314,318,1,0,04_Shreck2.jpg
46409,3333,1,0,01_IMG_3894.JPG
50117,2958,1,0,01_feb_004.jpg
5740,0,1,1,02_mixed_foto\\'s_002.jpg
17623,318,1,0,01_Mix1998_3.jpg
56583,5487,1,0,02_fish_016.JPG
32302,318,1,0,01_Some_of_my_fish.jpg
25407,2664,1,1,01_my_first_tsnl;10_gallon.JPG
27674,318,1,0,03_Big_Sev.jpg
45540,2958,1,0,01_xmas2_008.jpg
33235,2362,1,0,01_Pictures_night_013.jpg
36291,2362,1,0,01_Memorial_weekend_pictures_2007_001.jpg
1622,0,1,0,albums/album22/feeding.jpg
44837,2362,1,0,01_10-17-07_052.jpg
58875,318,1,0,01_Silvies.jpg
24951,318,1,0,01_Pearsie_and_Barbs.jpg
22041,318,1,0,01_huge_festae.jpg
45052,318,1,0,01_Heros_Efasciatus_male!.jpg
57414,2362,1,0,01_01-08-08_090.jpg
21617,1840,1,0,01_DSC00163[2].JPG
42094,3333,1,0,01_green.JPG
55259,5487,1,0,01_fishes_075.JPG
35231,318,1,0,01_Heros_Santarem.jpg
12734,790,1,0,01_best.JPG
51207,5271,1,0,01_breeders.jpg
23349,1840,1,0,04_DSC00142[1].JPG
30953,2958,1,0,10_fish_019.jpg
2507,0,1,0,albums/american/fish_003.jpg
22559,0,1,0,03_DSC00146[1].JPG
42613,3333,1,0,05_sev.jpg
48091,3333,1,0,01_IMG_7281_002.jpg
56368,5487,1,1,04_2.JPG
47028,2958,1,0,01_xmas3_084.jpg
17369,318,1,1,06_Jackie_&_Rediesh_resize.jpg
51561,2362,1,0,01_01-29-08_047.jpg
53579,5487,1,0,01_1.JPG
4978,0,1,1,02_em\\'s_first_pictures_010.jpg
40684,2362,1,0,01_10-26-07_060.jpg
35964,2362,1,0,01_IMG_1907.jpg
44426,2362,1,0,01_12-03-07_144.jpg
46002,3333,1,0,01_s.JPG
51094,5271,1,1,01_106_3840.jpg
33846,3333,1,0,02_buddies.JPG
32415,3333,1,0,02_IMG_0099.JPG
47293,3333,1,0,01_veji.jpg
50174,2362,1,0,01_01-31-08_001.JPG
56531,2362,1,0,01_03-26-08_174.jpg
23066,2362,1,0,09_Picture_067.jpg
55782,5487,1,0,02_fish_019.JPG
21615,1840,1,0,01_DSC00165[1].JPG
30670,3187,1,0,02_p.JPG
22907,2356,1,1,01_Angel\\'s.tif
33195,3333,1,0,02_flash.JPG
43311,318,1,0,15_Shreck.jpg
36061,2362,1,0,01_IMG_1841.jpg
17448,318,1,0,01_143_4330.JPG
38017,2362,1,0,01_09-24-07_020.jpg
39630,3333,1,0,31_fish_001.JPG
22524,318,1,0,01_03-03-07_1604.jpg
32638,3333,1,0,03_IMG_0118.JPG
36122,3333,1,0,03_fish_096.JPG
38135,2362,1,0,01_IMG_1948.jpg
49765,4120,1,0,01_1-31-2.jpg
39839,2958,1,0,01_pictures_014.jpg
44589,3333,1,0,51_1.JPG
42031,2362,1,0,01_11-15-07_009.jpg
23257,2362,1,0,01_IMG_0396.JPG
26095,2667,1,1,18_jonnie\\'s_tank_pics_002.jpg
30066,318,1,0,01_Convict__and__Meeki_females.jpg
58059,5487,1,0,01_fish_095.JPG
9744,0,1,0,01_fish_008[1].jpg
48111,2362,1,0,01_01-18-08_060.JPG
45533,2958,1,0,01_xmas2_001.jpg
6770,180,1,1,01_blueyy.bmp
45213,318,1,0,03_Red_Fin_Botia.jpg
51494,318,1,0,15_Pearsei.jpg
40651,2362,1,0,01_10-01-07_005.jpg
42154,4120,1,0,01_hap2.jpg
44136,4120,1,0,01_bloodred.jpg
47118,2362,1,0,01_01-08-08_040.jpg
51332,2362,1,0,01_01-15-08_004.jpg
51516,318,1,0,02_Heros_pair.jpg
31083,318,1,0,03_tetracanthus.jpg
40184,2362,1,0,02_10-17-07_071.jpg
47795,2362,1,1,16_017.JPG
40581,2362,1,0,01_10-26-07_134.jpg
26985,2825,1,1,02_;o;y1.JPG
36149,318,1,0,03_Cuban2.jpg
36873,2362,1,0,01_IMG_1853.jpg
25895,318,1,0,01_gang2.jpg
49065,318,1,0,16_Shreck.jpg
44753,3333,1,0,11_fish_051.JPG
41371,2958,1,0,01_pictures_075.jpg
46716,3333,1,0,01_puff.jpg
48750,318,1,0,05_Pearsei2.jpg
32851,318,1,0,02_Convicts.jpg
49682,2362,1,0,01_01-29-08_026.jpg
42400,2362,1,0,01_11-15-07_027.jpg
38306,4120,1,0,01_mobsainflight1.jpg
45947,4120,1,0,01_julieclosup.jpg
60120,5487,1,0,01_saturday_009_edited-1.jpg
53031,2362,1,0,01_02-25-08_043.jpg
18138,0,1,1,01_Severum.jpg
50344,2958,1,0,01_feb_028.jpg
57508,5487,1,0,01_fishes_079.JPG
45663,2958,1,0,01_xmas2_026.jpg
24532,1840,1,0,06_DSC00146[1].JPG
43406,318,1,0,04_Pearsei2.jpg
50242,4120,1,0,01_Hongi100.jpg
52579,2362,1,0,01_IMG_4862.JPG
41192,4120,1,0,02_lemon1.jpg
59808,5487,1,0,01_ffffff_187.JPG
43618,4120,1,0,01_x-masjewel.jpg
43285,3333,1,0,08_babies.jpg
38566,318,1,0,07_Cuban.jpg
47535,2362,1,0,01_01-15-08_136.jpg
47698,2362,1,0,01_01-15-08_073.jpg
46652,3333,1,0,12_b.JPG
14499,0,1,1,01_albinoo.bmp
42341,3333,1,0,04_d.JPG
28452,318,1,0,03_Festae_pair_2.jpg
40614,318,1,0,01_Shreck_playing.jpg
13599,0,1,1,01_000_0243[1]
32852,318,1,0,02_Meeki_male.jpg
46846,3333,1,0,21_a.JPG
49064,318,1,0,01_Chase_Papa_Convs.jpg
48261,3333,1,0,13_fish_022.JPG
58930,5487,1,0,10_Untitled-1.jpg
27602,2339,1,0,01_IMG_0998[1].JPG
46798,2362,1,0,01_01-08-08_054.jpg
36304,2362,1,0,02_Memorial_weekend_pictures_2007_032.jpg
42680,2958,1,0,01_pictures_011.jpg
44810,4120,1,0,02_sa2.psd
35028,2362,1,0,03_New_setup_set2_062.jpg
3768,0,1,0,albums/malawi/Zebra.jpg
36295,2362,1,0,01_Memorial_weekend_pictures_2007_013.jpg
6767,84,1,1,01_DSCN0826.JPG
17628,318,1,0,02_Festae_and_Loiselie.jpg
36544,2362,1,0,01_Memorial_weekend_pictures_2007_025.jpg
55783,5487,1,0,02_fish_018.JPG
49206,318,1,0,01_Firemouth.jpg
44207,2362,1,0,01_10-01-07_084.jpg
51750,5345,1,1,01_altum-angels.jpg
43948,4120,1,0,01_fcroc.jpg
58311,2362,1,0,01_04-07-08_052.jpg
46837,2958,1,0,01_xmas3_077.jpg
47441,4120,1,0,01_01-14-06.jpg
50402,2958,1,1,01_feb_043.jpg
40187,2362,1,0,01_09-24-07_023.jpg
52019,1622,1,0,01_kamfa_zz.jpg
48093,2362,1,0,01_01-18-08_234.JPG
59139,2362,1,0,01_04-16-08_145.jpg
42019,2958,1,0,01_pictures2_017.jpg
49332,3333,1,0,01_minnie.JPG
58849,318,1,0,17_Pearsei.jpg
38404,2362,1,0,01_10-01-07_077.jpg
28472,2339,1,0,01_IMG_1172[1].JPG
20517,318,1,0,01_Shreck.jpg
50403,2958,1,0,02_feb_043.jpg
44754,3333,1,0,39_fish_001.JPG
54056,2362,1,0,01_01-08-08_032.jpg
21249,1840,1,0,02_DSC00144[1].JPG
42381,4120,1,0,02_jack1.jpg
58053,5487,1,0,02_fish_044.JPG
33316,2362,1,0,01_Pictures_night_189.jpg
60351,2362,1,0,01_04-21-08_134.jpg
50574,4120,1,0,01_IMG_3238.jpg
33842,3333,1,0,02_room.jpg
32637,2362,1,0,01_New_setup_set2_006.jpg
58555,5487,1,0,01_fishes_085.JPG
28151,2339,1,0,01_IMG_1124[1].JPG
59805,5487,1,0,01_ffffff_025.JPG
33516,2362,1,0,01_Pictures_night_074.jpg
54975,5487,1,0,01_03_15_002.jpg
12416,0,1,0,01_IMG_0009[1]
51479,2362,1,1,01_Copy_of_Winter_of_2007-08.jpg
33192,318,1,0,01_Meeki_and_Convict.jpg
29412,318,1,0,01_Meeki_male.jpg
39036,318,1,0,01_Centrachus.jpg
46040,3333,1,0,02_90.JPG
38462,2362,1,0,01_10-01-07_016.jpg
41568,3333,1,0,01_smile.JPG
58973,318,1,0,01_Large_Clown__and__Convict.jpg
12460,0,1,1,01_O\\'s_fish_014.jpg
50424,3333,1,0,01_fish_036.JPG
16829,1536,1,1,01_Picture_170.bmp
39530,2958,1,0,09_Picture_061.jpg
39604,318,1,0,01_Nemo_flaring.jpg
59685,2362,1,0,01_04-21-08_056.jpg
59769,2362,1,0,01_04-16-08_133.jpg
55711,2362,1,0,01_01-15-08_168.jpg
50847,3333,1,0,01_tank_change_024.JPG
38539,2362,1,0,01_10-01-07_036.jpg
48026,2362,1,0,01_01-08-08_157.jpg
28150,2339,1,0,01_IMG_1125[1].JPG
33194,318,1,0,01_Bratva.jpg
24566,2362,1,0,09_Picture_086.jpg
37066,318,1,0,01_Cuban_go_for_shrimp.jpg
51802,5345,1,0,01_p21a%20Snakeskin%20_and_%20solid%20fire%20red%20discus.jpg
40683,2362,1,0,01_10-01-07_022.jpg
45220,3333,1,0,04_f.JPG
22791,1840,1,0,03_DSC00144[1].JPG
58212,5487,1,0,01_fish_104.JPG
48793,2958,1,0,01_30_gal._002.jpg
18819,318,1,0,01_New_beggining_Jan_15_2007.jpg
40752,2362,1,0,01_10-17-07_070.jpg
31230,318,1,0,01_Small_Pearsei_and_Sev.jpg
56157,5487,1,0,04_fish_002.JPG
28047,2339,1,0,01_IMG_1080[1].JPG
40132,318,1,0,01_Water_test.jpg
44144,4120,1,0,07_id.jpg
43397,4120,1,0,01_l-081-1.jpg
57972,2362,1,0,01_04-07-08_187.jpg
2070,0,1,0,albums/user_gallery/convict.jpg
23453,318,1,0,01_Severum_2.jpg
30228,318,1,0,01_Shreck4.jpg
43093,2362,1,0,01_10-26-07_126.jpg
38190,2362,1,0,02_IMG_2015.jpg
48888,3333,1,0,03_p.JPG
55700,2362,1,0,01_01-29-08_011.jpg
24952,318,1,0,01_Pearsei!.jpg
31502,3333,1,0,16_3.JPG
44081,2362,1,0,03_IMG_0547.jpg
30225,318,1,0,11_Firemouth.jpg
25911,2015,1,1,01_Grace\\'s_pics_031.jpg
27520,2362,1,0,01_New_Fish_033.jpg
6327,0,1,1,01_joels_foto\\'s_053.jpg
41212,2958,1,0,01_pictures_065.jpg
42056,2362,1,0,01_11-15-07_031.jpg
33324,2362,1,0,01_Pictures_night_120.jpg
49681,2362,1,0,01_01-31-08_009.JPG
30664,2362,1,0,01_3_044.jpg
27435,318,1,0,01_JD__and__Dempsey.jpg
24374,318,1,0,01_Pearsie.jpg
48774,2958,1,0,01_newbies_and_males_028.jpg
45416,2958,1,0,01_xmas_014.jpg
46412,3333,1,0,01_IMG_3733.JPG
49751,318,1,0,01_JD_female2.jpg
30509,2362,1,0,01_3_051.jpg
42258,2362,1,0,01_10-01-07_002.jpg
48794,2958,1,0,01_30_gal._005.jpg
44738,318,1,0,01_Alex_and_Fish2.jpg
7152,299,1,1,01_100_0032.jpg
34702,318,1,0,04_Cuban.jpg
33753,318,1,0,01_Shreck_2.jpg
54806,5487,1,0,01_2331652509_f3ece6bbc6.jpg
29415,318,1,0,01_MeekUaru.JPG
28752,1224,1,1,01_May_12_2007_Kilesa\\'s_spawning_6.JPG
27829,2362,1,0,03_2_008.jpg
59680,2362,1,0,01_04-21-08_055.jpg
21081,1840,1,0,01_DSC00144[1].JPG
21080,1840,1,0,01_DSC00143[1].JPG
14119,952,1,1,01_xerdar\\'s3.jpg
20367,318,1,0,01_7!.jpg
21086,1840,1,0,01_DSC00148[1].JPG
50499,2958,1,0,01_1_004.jpg
41600,4120,1,0,03_red1.jpg
8254,0,1,1,01_buddies_017.jpg
22824,2168,1,0,01_newbies_016.jpg
52603,2362,1,0,01_02-25-08_021.jpg
48760,2958,1,0,01_newbies_and_males_006.jpg
42364,2362,1,0,01_10-01-07_025.jpg
61450,5487,1,0,01_baseball_031.JPG
28750,1224,1,1,02_May_12_2007_Kilesa\\'s_spawning.JPG
41196,4120,1,0,01_goldheads1.jpg
21331,318,1,0,01_best_for_now4.jpg
5029,0,1,1,01_texas_4.5\\'.JPG
46536,3333,1,0,01_90_75.JPG
43287,3333,1,0,03_mom.jpg
46183,2958,1,0,01_xmas2_048.jpg
2799,0,1,0,albums/american/Fish_003.jpg
49773,3333,1,0,01_fish_137.JPG
27847,2362,1,0,01_2_031.jpg
45267,318,1,0,02_Efasciatus_male.jpg
35233,318,1,0,10_Shreck.jpg
43427,3333,1,0,13_fish_012.jpg
33949,2362,1,0,01_Pictures_night_070.jpg
30620,318,1,0,01_Pcheli.jpg
9299,0,1,1,01_My_Pics_262.jpg
20390,318,1,0,01_10!.jpg
47576,4120,1,0,01_01-15-06.jpg
56611,318,1,0,01_cichlasoma_bocour4__grange_.jpg
48674,4120,1,0,01_01-22-02.jpg
47553,4120,1,0,01_01-15-01.jpg
40649,2362,1,0,01_10-26-07_107.jpg
46570,4120,1,0,01_003-07-08.jpg
23446,318,1,0,01_Pearsei.jpg
49142,2362,1,0,01_01-15-08_129.jpg
24660,318,1,0,01_Meeki.jpg
9041,0,1,1,02_Jacqui\\'s_Pictures_128.jpg
44232,3333,1,0,04_mom.jpg
37117,2362,1,0,01_Pictures_night_119.jpg
39407,3333,1,0,04_012.JPG
42023,2958,1,0,01_pictures2_015.jpg
59091,2362,1,0,01_04-16-08_150.jpg
58513,5487,1,0,01_fish_110.JPG
57002,5487,1,0,02_fish_070.JPG
14329,1010,1,1,01_Matt\\'s_Pictures_076.jpg
37378,2362,1,0,01_09-17-07_002.jpg
48109,2362,1,0,01_01-18-08_115.JPG
46019,2958,1,0,13_Picture_057.jpg
43310,4120,1,0,01_jewelf2.jpg
42013,2958,1,0,01_pictures2_014.jpg
47107,2362,1,0,01_12-17-07_103.jpg
35016,2362,1,1,02_New_setup_set2_064.jpg
45411,2958,1,0,01_xmas_005.jpg
9954,318,1,0,01_Scavangers3.jpg
44420,2362,1,0,01_10-17-07_029.jpg
56983,2362,1,0,01_03-26-08_163.jpg
43104,4120,1,0,02_blues.jpg
59180,318,1,1,01_Good_bye2.jpg
48078,318,1,0,01_Convict_with_babies.jpg
23256,2362,1,0,01_IMG_0281.JPG
41427,3333,1,0,10_fish_022.JPG
24533,1840,1,0,03_DSC00149[1].JPG
45439,4120,1,0,01_12-26-01.jpg
44804,318,1,1,01_Happy_Holidays_from_Alex__and__Michelle.jpg
44368,3333,1,0,07_b.JPG
43473,2362,1,0,01_12-03-07_015.jpg
2862,0,1,0,albums/frontosa/Frontosa.jpg
28051,2339,1,0,01_IMG_1102[1].JPG
26631,318,1,0,01_Meeki_anfas.jpg
42343,3333,1,0,47_1.JPG
43798,2362,1,0,01_12-03-07_131.jpg
55833,318,1,0,04_Heros_male.jpg
217,0,1,0,albums/tankgallery/Dscf0002.jpg
1323,0,1,0,albums/album22/FEEDING.jpg
55115,5487,1,0,02_fish_137.JPG
40634,2362,1,0,01_10-26-07_142.jpg
190459,23,1,1,user_pics/23/d25865c7-8845-4771-a662-9be78543666e_screen_shot_2018-02-23_at_08.59.50.png
51990,2362,1,0,01_01-15-08_084.jpg
22284,318,1,0,03_Jack.jpg
6496,0,1,1,01_what\\'s_this.JPG
20615,318,1,0,01_Gymnogeophagus_setequedas.jpg
37686,318,1,0,01_Clowns_crew_2.jpg
39059,2362,1,0,01_10-01-07_087.jpg
7723,249,1,1,01_mixed_foto\\'s_005.jpg
25811,318,1,0,01_First_courtship3.jpg
37930,2362,1,0,01_09-24-07_089.jpg
41646,3333,1,0,43_1.JPG
20178,318,1,0,01_01_Trimac.jpg
51104,2958,1,0,01_4_019.jpg
40751,2362,1,0,01_10-26-07_139.jpg
47260,4120,1,0,01_01-11-08-3.jpg
43173,4120,1,0,01_cover_copy.jpg
50243,4120,1,0,01_python100.jpg
57960,2362,1,0,01_04-07-08_164.jpg
51596,318,1,0,01_Dithers.jpg
40043,318,1,0,01_Royal_pair.jpg
51355,2362,1,0,01_01-29-08_051.jpg
24623,318,1,0,01_wild_shoot.jpg
60169,5487,1,0,02_fish_020.JPG
40967,2958,1,0,01_pictures_043.jpg
51214,5271,1,0,01_100_2331.jpg
27649,2339,1,0,01_IMG_1014[1].JPG
41754,2362,1,0,02_10-01-07_063.jpg
45457,2958,1,0,01_xmas_035.jpg
44355,4120,1,0,01_strawberry1.jpg
46327,2958,1,0,01_xmas3_047.jpg
46402,2958,1,0,01_xmas3_052.jpg
22919,2314,1,0,01_p-taiwan-a[1].jpg
46152,3333,1,0,58_tank.JPG
46251,2958,1,0,01_xmas3_009.jpg
50342,2958,1,0,01_feb_031.jpg
26064,318,1,0,01_tank_210.jpg
37598,2362,1,0,01_IMG_1753.jpg
23905,1840,1,0,01_DSC00120[1].JPG
45768,3333,1,0,19_a.JPG
1615,0,1,0,albums/album22/electric_blue.jpg
51595,318,1,0,12_Cuban.jpg
50924,2958,1,0,01_4_009.jpg
23436,318,1,0,01_Uaru_3_inch_2.jpg
34705,318,1,0,01_Heros.jpg
27511,2362,1,0,01_New_Fish_010.jpg
6513,0,1,1,02_PICT0003.JPG
31059,2362,1,0,01_3_037.jpg
18801,318,1,0,01_Jackie.jpg
41106,318,1,0,02_Cuban__and__Pearsei.jpg
39801,2958,1,0,02_pictures_005.jpg
52896,2362,1,1,02_IMG_4763.JPG
50917,2958,1,0,01_4_001.jpg
52020,1622,1,0,01_parrot_cross_convict.jpg
24622,318,1,0,01_Heros_apendiculatus.jpg
58444,2362,1,0,01_04-07-08_024.jpg
26249,318,1,0,03_Shreck.jpg
55345,2362,1,0,01_03-18-08_043.jpg
14171,963,1,1,01_PhotoImpression.bmp
23437,318,1,0,01_3_Severum_and_others.jpg
39802,2958,1,0,03_pictures_006.jpg
54204,5487,1,0,01_fishey_063.JPG
2064,0,1,0,albums/user_gallery/Electric_blue_peacock_3.jpg
6981,230,1,1,01_golden_gourami\\'s_hot_rod.JPG
19505,0,1,0,02_100_0512.jpg
22546,1840,1,0,03_DSC00145[1].JPG
44363,4120,1,0,10_midas.jpg
25235,1840,1,0,05_DSC00144[1].JPG
27252,318,1,0,02_Banda.jpg
60036,5487,1,0,01_fish_friday_182.JPG
38949,2958,1,0,30_Picture_015.jpg
38747,318,1,0,13_Shreck.jpg
28048,2339,1,0,01_IMG_1087[1].JPG
39502,318,1,0,01_Lesbo_Convicts.jpg
40426,4120,1,0,03_tapajosinternet.jpg
47116,3333,1,0,38_3.JPG
56579,5487,1,0,04_fish_009.JPG
37932,2362,1,0,01_09-24-07_088.jpg
49107,3333,1,0,01_y.JPG
5831,0,1,1,03_tank.JPG
47023,2958,1,0,01_xmas3_081.jpg
46773,2958,1,0,01_xmas3_055.jpg
12417,0,1,0,01_IMG_0014[1]
53936,5487,1,0,07_fish_001.JPG
47455,3333,1,0,18_5.jpg
41372,2958,1,0,01_pictures_079.jpg
28052,2339,1,0,01_IMG_1104[1].JPG
47526,2362,1,0,01_01-15-08_156.jpg
50120,2958,1,0,01_feb_003.jpg
57906,2362,1,0,01_04-07-08_004.jpg
55729,5487,1,0,02_fish_043.JPG
28451,318,1,0,02_Festae_pair.jpg
42699,4120,1,0,01_croc_copy.jpg
17622,318,1,0,01_Mix1998_2.jpg
42505,4120,1,0,01_ma6.jpg
43949,4120,1,0,02_julie1.jpg
46775,2958,1,0,01_xmas3_059.jpg
22850,2343,1,1,01_Red_Glass_Cichlids.BMP
28981,2362,1,0,01_2_045.jpg
39067,2958,1,0,15_Picture_034.jpg
43726,2362,1,0,01_12-03-07_046.jpg
59262,2362,1,0,01_04-16-08_159.jpg
10783,249,1,1,01_mixed_foto\\'s_003.jpg
18820,318,1,0,01_New_beggining_Jan_15_2007_2.jpg
53768,5487,1,0,02_fish_008.JPG
19228,0,1,1,01_Em_2\\'nd_step.bmp
45505,3333,1,0,17_a.JPG
56372,2362,1,0,01_03-26-08_060.jpg
46250,2958,1,0,01_xmas3_005.jpg
34445,3333,1,0,32_1.jpg
76918,7556,0,1,user_pics/7556/rangik_73acfcbeeb.jpg
22278,318,1,0,01_Sevy_eats_travky3.jpg
33882,2362,1,0,01_Pictures_night_182.jpg
48551,2958,1,1,01_xmas_033.jpg
43898,3333,1,0,38_FISH_003.JPG
42921,3333,1,0,29_fish_006.jpg
26196,2736,1,1,01_Skip\\'s_stock_pics_002.jpg
37685,318,1,0,01_Large_Clown.jpg
30013,3187,1,0,01_os1.JPG
45544,3333,1,0,02_g.JPG
21703,318,1,0,01_Big_Heros2.jpg
49182,4120,1,0,01_D-Male.jpg
48097,2362,1,0,01_01-18-08_246.JPG
9286,0,1,0,02_D\\'s_fish-05.jpg
27123,318,1,0,01_Banda.jpg
49351,4120,1,0,01_ad3.jpg
53030,2362,1,0,01_02-25-08_068.jpg
35049,2362,1,0,01_2007_Dunsmuir_Summer_Trip._140.jpg
17458,0,1,1,01_Fry\\'s_and_others_002.jpg
9287,0,1,0,03_D\\'s_fish-05.jpg
37680,4120,1,0,01_malejewel2.jpg
46789,3333,1,0,01_IMG_4932_027.jpg
27121,318,1,0,01_Sev_morda.jpg
46774,2958,1,0,01_xmas3_058.jpg
41374,2958,1,0,01_pictures_078.jpg
47364,3333,1,0,39_2.JPG
57509,5487,1,0,01_fish_153.JPG
44928,2362,1,0,01_10-01-07_024.jpg
46333,2362,1,0,01_12-17-07_079.jpg
25810,2667,1,1,02_jonnie\\'s_tank_pics_001.jpg
15707,1061,1,1,01_HPIM0789a.JPG
45769,3333,1,0,09_fish_048.JPG
45320,4120,1,0,01_pythoncloseup.jpg
18824,318,1,0,01_New_beggining_Jan_15_2007_8.jpg
46182,2958,1,0,01_xmas2_047.jpg
41900,2362,1,0,01_10-01-07_093.jpg
24943,318,1,0,01_Convicts_and_Cloan_loach.jpg
46972,2958,1,0,01_xmas3_080.jpg
4977,0,1,1,01_em\\'s_first_pictures_013.jpg
44712,318,1,0,01_Eden_Garden.jpg
6562,0,1,1,03_mixed_foto\\'s_002.jpg
17630,318,1,0,02_Festae_pair_2.jpg
27245,318,1,0,01_Banda3.jpg
42612,3333,1,0,05_texas.jpg
25997,1353,1,0,01_xin_1308011116229411821913[1].jpg
51105,5271,1,0,01_100_2316.jpg
37590,2362,1,0,01_09-17-07_011.jpg
15470,0,1,1,01_&#3629;&#3637;&#3604;&#3629;&#3585;&#3607;&#3629;&#3591;.jpg
18125,0,1,1,01_Red_zebra.jpg
45524,4120,1,0,01_12-27-07-7.jpg
56146,5487,1,0,01_fish_070.JPG
30052,2362,1,0,01_New_Fish_047.jpg
23882,318,1,1,01_Pirahnia_book_front.jpg
38461,2362,1,0,01_10-01-07_081.jpg
23582,23,1,1,08_0004574.jpg
5829,0,1,1,02_tank2.JPG
58744,318,1,0,01_Clown_and_Heros_Female.jpg
39719,2362,1,0,01_10-17-07_026.jpg
47544,2362,1,0,01_01-15-08_191.jpg
56582,318,1,0,07_Cuban2.jpg
14882,1125,1,1,03_O\\'s_fish_010.jpg
55612,5487,1,0,01_d_002.JPG
53939,5487,1,0,01_fish_013.JPG
39849,4120,1,0,01_rock1.jpg
44715,2362,1,0,01_12-17-07_102.jpg
8043,0,1,1,01_HPIM0404.JPG
52679,318,1,0,01_Group_shot.jpg
39346,318,1,0,06_Shreck2.jpg
49668,3333,1,0,08_a.JPG
23135,2362,1,1,01_ca18306cec.jpeg
44186,4120,1,0,01_tomato1-1.jpg
39204,2958,1,0,19_Picture.jpg
57977,2362,1,0,01_04-07-08_176.jpg
33789,318,1,0,02_Uaru.jpg
6749,249,1,1,01_joels_foto\\'s_062.jpg
55602,5487,1,0,05_fish_008.JPG
55222,5487,1,0,01_fish_064.JPG
9336,0,1,1,02_Pic\\'s_001.jpg
53518,2362,1,0,01_02-25-08_028.jpg
49100,318,1,0,01_Heros_pair2.jpg
44733,4120,1,0,23_tank2.jpg
47024,2958,1,0,01_xmas3_082.jpg
46562,4120,1,0,01_006-07-08.jpg
41102,318,1,0,08_Cuban.jpg
23726,2362,1,0,02_IMG_0328.JPG
57408,2362,1,0,01_03-26-08_132.jpg
42481,3333,1,0,05_b.jpg
34701,318,1,0,01_Heros_Santarem__and__Efasciatus.jpg
27887,318,1,0,01_Eating_greens2.jpg
53026,5479,1,0,02_tank.jpg
33755,318,1,0,06_wild_shot.jpg
36327,318,1,0,02_Cuban!.jpg
45788,3333,1,0,03_fish_124.JPG
13604,0,1,1,01_000_0196[7]
21612,1840,1,0,01_DSC00157[1].JPG
48797,2958,1,0,01_ca_tank_001.jpg
18815,318,1,0,01_Severum_right_side_good_shot.jpg
